id,name,currentTribe,priority,method,cost,attack,hp,text,imageUrl,reason,manualAnswer
card_f9015853,いいえ,なし,高,db_explicit_none,0,0,0,ランダムな敵1体に4ダメージ、このユニットは「相手のターン開始時ランダムな敵1体に4ダメージ」を得る,,v136分類: なし / 推定方法: db_explicit_none / 名前/説明だけでは系統なしと断定しにくい,
card_4ab4223a,いのりのゆびわ,なし,高,db_explicit_none,0,0,0,味方リーダーのMPを2回復。自分のターン終了時70%の確率でいのりのゆびわを1枚手札に加える,,v136分類: なし / 推定方法: db_explicit_none / 名前/説明だけでは系統なしと断定しにくい,
card_660bed56,せみもぐら,なし,高,db_explicit_none,0,0,1,におうだち,,v136分類: なし / 推定方法: db_explicit_none / 名前/説明だけでは系統なしと断定しにくい,
card_c92b4cda,はい,なし,高,db_explicit_none,0,0,0,選択したプレイヤーは敗北する,,v136分類: なし / 推定方法: db_explicit_none / 名前/説明だけでは系統なしと断定しにくい,
card_a64a1c61,まほうおばば,なし,高,db_explicit_none,0,1,1,召喚時：自分のデッキの1番上のカード残すとが奇数ならそのカードをデッキの一番下に移動させる。偶数なら味方リーダーのHPを1回復する。,,v136分類: なし / 推定方法: db_explicit_none / 名前/説明だけでは系統なしと断定しにくい,
card_79b87cb3,やくそう,なし,高,db_explicit_none,0,0,0,HPを1回復,,v136分類: なし / 推定方法: db_explicit_none / 名前/説明だけでは系統なしと断定しにくい,
card_e753e7e3,ジゴデイン,なし,高,db_explicit_none,0,0,0,横一列にいる全ての敵ユニットと敵リーダーに5ダメージ,,v136分類: なし / 推定方法: db_explicit_none / 名前/説明だけでは系統なしと断定しにくい,
card_252601dd,タマゴ,なし,高,db_explicit_none,0,0,0,全ての敵に３ダメージ。相手がタマゴを選んだ場合こうの効果は発動しない。,,v136分類: なし / 推定方法: db_explicit_none / 名前/説明だけでは系統なしと断定しにくい,
card_1c5c5c71,ニワトリ,なし,高,db_explicit_none,0,0,0,敵リーダーに3ダメージ。カードを２枚引く。 相手がニワトリを選んだ場合この効果は発動しない。,,v136分類: なし / 推定方法: db_explicit_none / 名前/説明だけでは系統なしと断定しにくい,
card_c05416f1,マッスルアニマル,なし,高,db_explicit_none,0,1,1,,,v136分類: なし / 推定方法: db_explicit_none / 名前/説明だけでは系統なしと断定しにくい,
card_bf650963,夢と現実の再会,なし,高,db_explicit_none,0,0,0,カードを1枚引く。自分の手札にある全てのカードの石化状態を解除した後コストを0にする。,,v136分類: なし / 推定方法: db_explicit_none / 名前/説明だけでは系統なしと断定しにくい,
card_1f7d61c0,審判のタロット,なし,高,db_explicit_none,0,0,0,占い：①カードを1枚引く、②味方リーダーのHPを2回復,,v136分類: なし / 推定方法: db_explicit_none / 名前/説明だけでは系統なしと断定しにくい,
card_f9f18c64,小さな相棒,なし,高,db_explicit_none,0,0,0,味方リーダーがテンションスキルを使う度カードを1枚引く この効果は条件を満たすと自動的に発動する,,v136分類: なし / 推定方法: db_explicit_none / 名前/説明だけでは系統なしと断定しにくい,
card_dbf04d8c,悲しげな犬,なし,高,db_explicit_none,0,0,0,自分がコスト1以上の特技カードを使う度カードを1枚引く。この効果は条件を満たすと自動的に発動する,,v136分類: なし / 推定方法: db_explicit_none / 名前/説明だけでは系統なしと断定しにくい,
card_2e2c9193,挑戦!バトルロード,なし,高,db_explicit_none,0,0,0,スキルブーストを持つカードを使用した後テンション+1 この効果は条件を満たすと自動的に発動する,,v136分類: なし / 推定方法: db_explicit_none / 名前/説明だけでは系統なしと断定しにくい,
card_a753c7d2,未熟なベビーサタン,なし,高,db_explicit_none,0,1,1,占い：(1)イオナズンを唱える、(2)メガンテを唱える,,v136分類: なし / 推定方法: db_explicit_none / 名前/説明だけでは系統なしと断定しにくい,
card_2c9322d6,武術：ストレートパンチ,なし,高,db_explicit_none,0,0,0,１ダメージを与える,,v136分類: なし / 推定方法: db_explicit_none / 名前/説明だけでは系統なしと断定しにくい,
card_2f9f7e7c,武術：飛び蹴り,なし,高,db_explicit_none,0,0,0,ユニット１体の位置を前後入れ替える,,v136分類: なし / 推定方法: db_explicit_none / 名前/説明だけでは系統なしと断定しにくい,
card_6bf41b47,背水のかまえ,なし,高,db_explicit_none,0,0,0,味方リーダーのHPを15になるまで減らす,,v136分類: なし / 推定方法: db_explicit_none / 名前/説明だけでは系統なしと断定しにくい,
card_4551fa99,道具：いのちのきのみ,なし,高,db_explicit_none,0,0,0,ユニット1体のHP+1,,v136分類: なし / 推定方法: db_explicit_none / 名前/説明だけでは系統なしと断定しにくい,
card_2cdcf87d,道具：大きなパン,なし,高,db_explicit_none,0,0,0,このターン中に「大きなパン」を使用していないならこのターン中MPが1増える,,v136分類: なし / 推定方法: db_explicit_none / 名前/説明だけでは系統なしと断定しにくい,
card_e7aa3b04,あくまのツボ,なし,高,db_explicit_none,1,2,1,召喚時：指定の敵マスにツボを１つ出す,,v136分類: なし / 推定方法: db_explicit_none / 名前/説明だけでは系統なしと断定しにくい,
card_e084603d,あばれうしどり,なし,高,db_explicit_none,1,2,1,占い：①攻撃力+1と貫通を得る、②速攻を得る,,v136分類: なし / 推定方法: db_explicit_none / 名前/説明だけでは系統なしと断定しにくい,
card_205cdb83,あばれこまいぬ,なし,高,db_explicit_none,1,3,2,召喚時：カードを1枚捨てる,,v136分類: なし / 推定方法: db_explicit_none / 名前/説明だけでは系統なしと断定しにくい,
card_c762fb53,いたずらもぐら,なし,高,db_explicit_none,1,1,1,テンションリンク： 攻撃力+1,,v136分類: なし / 推定方法: db_explicit_none / 名前/説明だけでは系統なしと断定しにくい,
card_a8f40292,うまのふん,なし,高,db_explicit_none,1,0,0,なにもおこらない,,v136分類: なし / 推定方法: db_explicit_none / 名前/説明だけでは系統なしと断定しにくい,
card_ca1467a2,うらぎりこぞう,なし,高,db_explicit_none,1,1,3,自分が手札からカードを捨てる度このターン中攻撃力+1,,v136分類: なし / 推定方法: db_explicit_none / 名前/説明だけでは系統なしと断定しにくい,
card_b967603e,おおありくい,なし,高,db_explicit_none,1,1,3,絶好調状態の味方ユニットが攻撃する度このターン中味方リーダーは攻撃力+1を得る,,v136分類: なし / 推定方法: db_explicit_none / 名前/説明だけでは系統なしと断定しにくい,
card_4d7fa9dd,おおくちばし,なし,高,db_explicit_none,1,2,1,召喚時：後列にいるユニット1体に1ダメージ,,v136分類: なし / 推定方法: db_explicit_none / 名前/説明だけでは系統なしと断定しにくい,
card_7cf29b7b,おおさそり,なし,高,db_explicit_none,1,1,2,召喚時:地形マスに召喚された場合+1/+2,,v136分類: なし / 推定方法: db_explicit_none / 名前/説明だけでは系統なしと断定しにくい,
card_1322ef2c,おばけキャンドル,なし,高,db_explicit_none,1,2,1,死亡時：ランダムな敵1体に1ダメージ,,v136分類: なし / 推定方法: db_explicit_none / 名前/説明だけでは系統なしと断定しにくい,
card_dd2f4cdc,おばけヒトデ,なし,高,db_explicit_none,1,1,1,死亡時：ランダムな味方ユニット1体の攻撃力+2,,v136分類: なし / 推定方法: db_explicit_none / 名前/説明だけでは系統なしと断定しにくい,
card_dc1b77fa,かくとうパンサー,なし,高,db_explicit_none,1,2,1,召喚時：武術カード1枚を手札に加える,,v136分類: なし / 推定方法: db_explicit_none / 名前/説明だけでは系統なしと断定しにくい,
card_a649d91a,かわいいモーモン,なし,高,db_explicit_none,1,1,1,召喚時：このユニットに作戦を出す,,v136分類: なし / 推定方法: db_explicit_none / 名前/説明だけでは系統なしと断定しにくい,
card_76df765d,くみひもこぞう,なし,高,db_explicit_none,1,1,1,スキルブースト：攻撃力+1,,v136分類: なし / 推定方法: db_explicit_none / 名前/説明だけでは系統なしと断定しにくい,
card_3e93256f,ぐんたいアリ,なし,高,db_explicit_none,1,1,1,死亡時：アイアンアントをこのマスに出す,,v136分類: なし / 推定方法: db_explicit_none / 名前/説明だけでは系統なしと断定しにくい,
card_4f51ef82,さつじんえい,なし,高,db_explicit_none,1,2,1,死亡時：道具カード1枚を手札に加える,,v136分類: なし / 推定方法: db_explicit_none / 名前/説明だけでは系統なしと断定しにくい,
card_773b2a31,つちわらし,なし,高,db_explicit_none,1,1,1,召喚時：ターン終了時このユニットの前後に自身のコピーを出す,,v136分類: なし / 推定方法: db_explicit_none / 名前/説明だけでは系統なしと断定しにくい,
card_94fdbc76,とげぼうず,なし,高,db_explicit_none,1,1,2,絶好調、このユニットが絶好調状態なら攻撃力+2を得る,,v136分類: なし / 推定方法: db_explicit_none / 名前/説明だけでは系統なしと断定しにくい,
card_d13eb6d5,とつげきうお,なし,高,db_explicit_none,1,1,1,速攻,,v136分類: なし / 推定方法: db_explicit_none / 名前/説明だけでは系統なしと断定しにくい,
card_ccef8f4b,どくあおむし,なし,高,db_explicit_none,1,1,1,召喚時：敵ユニット1体を毒にする,,v136分類: なし / 推定方法: db_explicit_none / 名前/説明だけでは系統なしと断定しにくい,
card_1fab9780,ねこまどう,なし,高,db_explicit_none,1,0,2,自分のターン終了時ランダムな敵1体に1ダメージ,,v136分類: なし / 推定方法: db_explicit_none / 名前/説明だけでは系統なしと断定しにくい,
card_2cb4a0a1,はさみくわがた,なし,高,db_explicit_none,1,2,2,におうだち,,v136分類: なし / 推定方法: db_explicit_none / 名前/説明だけでは系統なしと断定しにくい,
card_44193806,はりせんもぐら,なし,高,db_explicit_none,1,2,1,死亡時：味方リーダーのテンション+1,,v136分類: なし / 推定方法: db_explicit_none / 名前/説明だけでは系統なしと断定しにくい,
card_4fab031d,ばくだんベビー,なし,高,db_explicit_none,1,1,1,死亡時：全てのユニットに1ダメージ,,v136分類: なし / 推定方法: db_explicit_none / 名前/説明だけでは系統なしと断定しにくい,
card_13658a44,ふゆうじゅ,なし,高,db_explicit_none,1,1,3,死亡時：ランダムな味方ユニット1体のHP+1,,v136分類: なし / 推定方法: db_explicit_none / 名前/説明だけでは系統なしと断定しにくい,
card_d29f59a3,みならいあくま,なし,高,db_explicit_none,1,1,2,自分が特技を使う度ランダムな敵1体に1ダメージ,,v136分類: なし / 推定方法: db_explicit_none / 名前/説明だけでは系統なしと断定しにくい,
card_03f70ef3,やまねずみ,なし,高,db_explicit_none,1,1,1,,,v136分類: なし / 推定方法: db_explicit_none / 名前/説明だけでは系統なしと断定しにくい,
card_a165257c,やみしばり,なし,高,db_explicit_none,1,0,2,ステルス、自分のターン終了時このユニットがステルス状態なら攻撃力+1,,v136分類: なし / 推定方法: db_explicit_none / 名前/説明だけでは系統なしと断定しにくい,
card_521e84df,ゆめにゅうどう,なし,高,db_explicit_none,1,2,1,召喚時：後列にいるユニット1体を前列に移動させる,,v136分類: なし / 推定方法: db_explicit_none / 名前/説明だけでは系統なしと断定しにくい,
card_64609c1d,わらいぐさ,なし,高,db_explicit_none,1,1,1,死亡時：自分のデッキからユニットカードを1枚引く,,v136分類: なし / 推定方法: db_explicit_none / 名前/説明だけでは系統なしと断定しにくい,
card_5c962cf6,アイアンアント,なし,高,db_explicit_none,1,0,1,攻撃時：このターン中攻撃力+1,,v136分類: なし / 推定方法: db_explicit_none / 名前/説明だけでは系統なしと断定しにくい,
card_34ee96db,アイスコンドル,なし,高,db_explicit_none,1,2,1,召喚時：ランダムな敵の空きマスに氷塊を1つ出す,,v136分類: なし / 推定方法: db_explicit_none / 名前/説明だけでは系統なしと断定しにくい,
card_c21c039d,アントベア,なし,高,db_explicit_none,1,1,2,召喚時:味方リーダーのテンションを1消費する。 消費した後+1/+1を得る。,,v136分類: なし / 推定方法: db_explicit_none / 名前/説明だけでは系統なしと断定しにくい,
card_e992bbd7,エッチな本,なし,高,db_explicit_none,1,0,0,ランダムな敵3体を次のターン終了時まで攻撃不能にする,,v136分類: なし / 推定方法: db_explicit_none / 名前/説明だけでは系統なしと断定しにくい,
card_95f69f39,オニオーン,なし,高,db_explicit_none,1,1,2,テンションリンク：味方リーダーのHPを1回復,,v136分類: なし / 推定方法: db_explicit_none / 名前/説明だけでは系統なしと断定しにくい,
card_dfeb4cd3,オニムカデ,なし,高,db_explicit_none,1,1,1,召喚時:自分のデッキからダンジョンを持つ建物カードを1枚引く。大戦中にダンジョンを持つ味方建物が出ていたら代わりにカードを1枚引く,,v136分類: なし / 推定方法: db_explicit_none / 名前/説明だけでは系統なしと断定しにくい,
card_8f33cf11,カメレオンマン,なし,高,db_explicit_none,1,1,2,味方リーダーが攻撃する度攻撃力+1,,v136分類: なし / 推定方法: db_explicit_none / 名前/説明だけでは系統なしと断定しにくい,
card_f64215af,ガップリン,なし,高,db_explicit_none,1,1,1,豊作のじんめんじゅの効果で場に出るユニット,,v136分類: なし / 推定方法: db_explicit_none / 名前/説明だけでは系統なしと断定しにくい,
card_40d4b786,キラースコップ,なし,高,db_explicit_none,1,1,2,召喚時:お互いのデッキのランダムなユニットカード1枚を比べ 自分の方がコストが高いならGET(1)、BET:攻撃力+1,,v136分類: なし / 推定方法: db_explicit_none / 名前/説明だけでは系統なしと断定しにくい,
card_1f4a583f,サボテンゴールド,なし,高,db_explicit_none,1,0,1,,,v136分類: なし / 推定方法: db_explicit_none / 名前/説明だけでは系統なしと断定しにくい,
card_3a0e0c79,スパイクヘッド,なし,高,db_explicit_none,1,2,3,召喚時：相手はカードを1枚引く,,v136分類: なし / 推定方法: db_explicit_none / 名前/説明だけでは系統なしと断定しにくい,
card_3dc5fbef,スマイルロック,なし,高,db_explicit_none,1,2,2,絶好調、攻撃時：このユニットが絶好調状態ならテンション+1,,v136分類: なし / 推定方法: db_explicit_none / 名前/説明だけでは系統なしと断定しにくい,
card_bc2c76e5,スモーク,なし,高,db_explicit_none,1,0,2,絶好調、このユニットが絶好調状態なら攻撃力+2とにおうだちを得る,,v136分類: なし / 推定方法: db_explicit_none / 名前/説明だけでは系統なしと断定しにくい,
card_d35b28aa,タホドラキー,なし,高,db_explicit_none,1,2,1,召喚時：カードを1枚引く。その後自分の手札から1枚選び自分のデッキに混ぜる,,v136分類: なし / 推定方法: db_explicit_none / 名前/説明だけでは系統なしと断定しにくい,
card_4c84797f,テンタコルス,なし,高,db_explicit_none,1,1,1,自分のターン終了時全ての味方のHPを1回復,,v136分類: なし / 推定方法: db_explicit_none / 名前/説明だけでは系統なしと断定しにくい,
card_14926367,デスファレーナ,なし,高,db_explicit_none,1,1,1,占い：(1)攻撃力+2、(2)HP+2,,v136分類: なし / 推定方法: db_explicit_none / 名前/説明だけでは系統なしと断定しにくい,
card_9f7964cb,デンダの子分,なし,高,db_explicit_none,1,1,1,,,v136分類: なし / 推定方法: db_explicit_none / 名前/説明だけでは系統なしと断定しにくい,
card_471ba4e7,ドラキー,なし,高,db_explicit_none,1,2,1,ねらい撃ち,,v136分類: なし / 推定方法: db_explicit_none / 名前/説明だけでは系統なしと断定しにくい,
card_867ccc35,ドルマゲスの分身,なし,高,db_explicit_none,1,1,1,,,v136分類: なし / 推定方法: db_explicit_none / 名前/説明だけでは系統なしと断定しにくい,
card_4114f12b,ニードルマン,なし,高,db_explicit_none,1,3,2,攻撃時：相手はカードを1枚引く,,v136分類: なし / 推定方法: db_explicit_none / 名前/説明だけでは系統なしと断定しにくい,
card_5be4320b,ビッグハット,なし,高,db_explicit_none,1,1,3,,,v136分類: なし / 推定方法: db_explicit_none / 名前/説明だけでは系統なしと断定しにくい,
card_a515a629,ビーンファイター,なし,高,db_explicit_none,1,1,2,死亡時:相手リーダーのテンション-1,,v136分類: なし / 推定方法: db_explicit_none / 名前/説明だけでは系統なしと断定しにくい,
card_4d7940de,ピッキー,なし,高,db_explicit_none,1,2,1,いずれかのプレイヤーのヒーロースキルが発動する度両プレイヤーはカードを1枚引く,,v136分類: なし / 推定方法: db_explicit_none / 名前/説明だけでは系統なしと断定しにくい,
card_1244e07b,ファーラット,なし,高,db_explicit_none,1,1,1,速攻,https://gameconductor.com/dqrivals/wp-content/uploads/card_img_5.jpg,v136分類: なし / 推定方法: db_explicit_none / 名前/説明だけでは系統なしと断定しにくい,
card_99408259,フェアリーバット,なし,高,db_explicit_none,1,1,1,召喚時：後列にいるすべての敵ユニットを前列に移動させる。,,v136分類: なし / 推定方法: db_explicit_none / 名前/説明だけでは系統なしと断定しにくい,
card_f130960a,フォンデュ,なし,高,db_explicit_none,1,2,1,召喚時：味方冒険者1体を+1/+1,,v136分類: なし / 推定方法: db_explicit_none / 名前/説明だけでは系統なしと断定しにくい,
token_black_tanuki,ブラックタヌー,なし,高,db_explicit_none,1,1,2,,,v136分類: なし / 推定方法: db_explicit_none / 名前/説明だけでは系統なしと断定しにくい,
card_9ae14791,ブレッドハンド,なし,高,db_explicit_none,1,3,3,この武器の攻撃で敵ユニットが死亡した場合大きなパン1枚を手札に加える,,v136分類: なし / 推定方法: db_explicit_none / 名前/説明だけでは系統なしと断定しにくい,
card_91c13223,プチさまようよろい,なし,高,db_explicit_none,1,2,1,死亡時：ピサロナイト1枚を手札に加える,,v136分類: なし / 推定方法: db_explicit_none / 名前/説明だけでは系統なしと断定しにくい,
card_71a4559c,プチアーノン,なし,高,db_explicit_none,1,0,2,攻撃時：攻撃力+1,,v136分類: なし / 推定方法: db_explicit_none / 名前/説明だけでは系統なしと断定しにくい,
card_51e49e10,プチファイター,なし,高,db_explicit_none,1,1,1,シンクロ：①攻撃力+1、②HP+1、③速攻,,v136分類: なし / 推定方法: db_explicit_none / 名前/説明だけでは系統なしと断定しにくい,
card_d68f6415,プチプリースト,なし,高,db_explicit_none,1,0,2,シンクロ：①攻撃力+1、②HP+1、攻撃力+1、③死亡時：味方リーダーのHPを4回復,,v136分類: なし / 推定方法: db_explicit_none / 名前/説明だけでは系統なしと断定しにくい,
card_2d2f869d,プチマージ,なし,高,db_explicit_none,1,1,2,シンクロ:①攻撃力+1、②死亡時:ランダムな魔法使いの特技カードを手札に1枚加える、③HP+1,,v136分類: なし / 推定方法: db_explicit_none / 名前/説明だけでは系統なしと断定しにくい,
card_91af4f14,マーマン,なし,高,db_explicit_none,1,1,2,れんけい：速攻1/1のとつげきうおを1体出す,,v136分類: なし / 推定方法: db_explicit_none / 名前/説明だけでは系統なしと断定しにくい,
card_b5f6e747,ミノーン,なし,高,db_explicit_none,1,0,4,攻撃時：前後にいる味方ユニットのHP+1,,v136分類: なし / 推定方法: db_explicit_none / 名前/説明だけでは系統なしと断定しにくい,
card_63fe06e3,メイジドラキー,なし,高,db_explicit_none,1,1,2,死亡時:死亡したマスの地形を天啓の神域に変える。 この効果で地形の上書きはできない。,,v136分類: なし / 推定方法: db_explicit_none / 名前/説明だけでは系統なしと断定しにくい,
card_3b082637,モコッキー,なし,高,db_explicit_none,1,0,3,自分のターン終了時このユニットのHPを1回復,,v136分類: なし / 推定方法: db_explicit_none / 名前/説明だけでは系統なしと断定しにくい,
card_4af3d843,モーモン,なし,高,db_explicit_none,1,2,2,,,v136分類: なし / 推定方法: db_explicit_none / 名前/説明だけでは系統なしと断定しにくい,
card_2d4fd963,ランタンこぞう,なし,高,db_explicit_none,1,2,1,味方リーダーが攻撃する度カードを1枚引く、その後手札を1枚捨てる,,v136分類: なし / 推定方法: db_explicit_none / 名前/説明だけでは系統なしと断定しにくい,
card_97cabf2e,リカント,なし,高,db_explicit_none,1,1,2,戦闘以外のダメージで敵ユニットが死亡する度攻撃力+1,,v136分類: なし / 推定方法: db_explicit_none / 名前/説明だけでは系統なしと断定しにくい,
card_bbedc445,リリパット,なし,高,db_explicit_none,1,1,1,後列から攻撃する場合敵ユニットから反撃を受けない。,,v136分類: なし / 推定方法: db_explicit_none / 名前/説明だけでは系統なしと断定しにくい,
card_2f514990,ルドマンからの贈り物,なし,高,db_explicit_none,1,0,0,ユニット1体にHP+2と「特技ダメージを受けない」を付与する。カードを1枚引く。,,v136分類: なし / 推定方法: db_explicit_none / 名前/説明だけでは系統なしと断定しにくい,
card_7996d664,レッドプリン,なし,高,db_explicit_none,1,1,1,絶好調、このユニットが絶好調状態なら攻撃力+1,,v136分類: なし / 推定方法: db_explicit_none / 名前/説明だけでは系統なしと断定しにくい,
card_c97c7b46,ワルぼう,なし,高,db_explicit_none,1,0,4,お互いのターン終了時両プレイヤーはデッキの一番上のカードを1枚捨てる,,v136分類: なし / 推定方法: db_explicit_none / 名前/説明だけでは系統なしと断定しにくい,
card_faeb0dbb,共鳴のどんぐりベビー,なし,高,db_explicit_none,1,3,2,召喚時：味方リーダーのテンションの数と同じ攻撃力になる。死亡時:このユニットの攻撃力が3以上ならカードを1枚引く,,v136分類: なし / 推定方法: db_explicit_none / 名前/説明だけでは系統なしと断定しにくい,
card_55b2b15d,執念のひとくいサーベル,なし,高,db_explicit_none,1,2,1,死亡時：自分のデッキからコスト4以下の武器カードをランダムに1枚引く,,v136分類: なし / 推定方法: db_explicit_none / 名前/説明だけでは系統なしと断定しにくい,
card_51be9348,武術：精神統一,なし,高,db_explicit_none,1,0,0,カードを１枚引く,,v136分類: なし / 推定方法: db_explicit_none / 名前/説明だけでは系統なしと断定しにくい,
card_fff5c7df,炎のメイジドラキー,なし,高,db_explicit_none,1,1,2,死亡時：正面にいるランダムな敵ユニット1体にこのユニットの攻撃力と同じ数分のダメージ,,v136分類: なし / 推定方法: db_explicit_none / 名前/説明だけでは系統なしと断定しにくい,
card_022dd77d,犬,なし,高,db_explicit_none,1,1,1,,,v136分類: なし / 推定方法: db_explicit_none / 名前/説明だけでは系統なしと断定しにくい,
card_321de02f,王子の覚悟,なし,高,db_explicit_none,1,0,0,敵1体に1ダメージ、自分のデッキに特技カードが無いならこのヒーロースキルのコスト-1、さらに使用後すぐにレベル2になる,,v136分類: なし / 推定方法: db_explicit_none / 名前/説明だけでは系統なしと断定しにくい,
card_9fa669b2,運命の輪,なし,高,db_explicit_none,1,0,0,このターン中味方リーダーは超必中モードになる。既に超必中モードの場合テンション+1,,v136分類: なし / 推定方法: db_explicit_none / 名前/説明だけでは系統なしと断定しにくい,
card_ece92ef0,道具：しあわせのたね,なし,高,db_explicit_none,1,0,0,ユニット1体を+1/+1,,v136分類: なし / 推定方法: db_explicit_none / 名前/説明だけでは系統なしと断定しにくい,
card_020b67d1,道具：弟切草,なし,高,db_explicit_none,1,0,0,HPを3回復,,v136分類: なし / 推定方法: db_explicit_none / 名前/説明だけでは系統なしと断定しにくい,
token_fish_2_2,魚,なし,高,db_explicit_none,1,2,2,,,v136分類: なし / 推定方法: db_explicit_none / 名前/説明だけでは系統なしと断定しにくい,
card_5a0bddb6,ブオーン,なし,高,db_explicit_none,11,11,11,このユニットは移動せず手札に戻らない。このユニットの攻撃は他の全ての敵にも同時にダメージを与える スキルブースト:コスト-1,,v136分類: なし / 推定方法: db_explicit_none / 名前/説明だけでは系統なしと断定しにくい,
card_0149788b,ヘルクラッシャー,なし,高,db_explicit_none,11,4,6,2回攻撃、この対戦中に自分のデッキに入っていなかったカードを自分の手札に加えた枚数分コスト-1,,v136分類: なし / 推定方法: db_explicit_none / 名前/説明だけでは系統なしと断定しにくい,
card_8b06f040,メガトンケイル,なし,高,db_explicit_none,12,8,8,スキルブースト：コスト-2,,v136分類: なし / 推定方法: db_explicit_none / 名前/説明だけでは系統なしと断定しにくい,
card_50186816,百獣の王キングレオ,なし,高,db_explicit_none,12,7,5,速攻、この対戦中に自分が味方にさくせんを出した回数分手札のこのカードのコスト-1,,v136分類: なし / 推定方法: db_explicit_none / 名前/説明だけでは系統なしと断定しにくい,
card_581e47bf,あおだけ童子,なし,高,db_explicit_none,2,2,3,召喚時：このカード以外の自分の手札が6枚以上ある場合攻撃力+2,,v136分類: なし / 推定方法: db_explicit_none / 名前/説明だけでは系統なしと断定しにくい,
card_d2b7c014,あくましんかん,なし,高,db_explicit_none,2,2,2,占い：(1)「死亡時：この場所に復活する」を得る(2)におうだちHP+1,,v136分類: なし / 推定方法: db_explicit_none / 名前/説明だけでは系統なしと断定しにくい,
card_77f4f8d8,あくまのす,なし,高,db_explicit_none,2,2,3,自分が特技を使う度このユニットのHP+1,,v136分類: なし / 推定方法: db_explicit_none / 名前/説明だけでは系統なしと断定しにくい,
card_0095e411,あくまの書,なし,高,db_explicit_none,2,2,2,れんけい：自分の手札のコスト2以下のユニットカードを2枚選び、そのコピーを手札に加える。ターン終了時、この効果で加えたカードが手札にあれば破棄する。,,v136分類: なし / 推定方法: db_explicit_none / 名前/説明だけでは系統なしと断定しにくい,
card_d817358a,あばれザル,なし,高,db_explicit_none,2,3,2,絶好調、死亡時：このユニットが絶好調状態ならカードを1枚引く,,v136分類: なし / 推定方法: db_explicit_none / 名前/説明だけでは系統なしと断定しにくい,
card_b32cf4aa,あばれ足鳥,なし,高,db_explicit_none,2,2,2,占い:(1)速攻と貫通を得る、(2)+1/+1,,v136分類: なし / 推定方法: db_explicit_none / 名前/説明だけでは系統なしと断定しにくい,
card_358aa630,いっかくうさぎ,なし,高,db_explicit_none,2,2,1,速攻,https://gameconductor.com/dqrivals/wp-content/uploads/card_img_6.jpg,v136分類: なし / 推定方法: db_explicit_none / 名前/説明だけでは系統なしと断定しにくい,
card_93ceb9a5,うみうし,なし,高,db_explicit_none,2,2,1,召喚時&手札から捨てた時：1/2のおおなめくじを1体出す,,v136分類: なし / 推定方法: db_explicit_none / 名前/説明だけでは系統なしと断定しにくい,
card_ca065660,おおがらす,なし,高,db_explicit_none,2,1,3,死亡時：カードを1枚引く,,v136分類: なし / 推定方法: db_explicit_none / 名前/説明だけでは系統なしと断定しにくい,
card_3229f48c,おおきづち,なし,高,db_explicit_none,2,1,3,テンションリンク：このターン中攻撃力+2,,v136分類: なし / 推定方法: db_explicit_none / 名前/説明だけでは系統なしと断定しにくい,
card_55ddd506,おおにわとり,なし,高,db_explicit_none,2,2,1,召喚時：ランダムなコスト2以下の味方建物1つの耐久値+1、味方建物がないなら自分のデッキからコスト2以下の建物カードを1枚引く,,v136分類: なし / 推定方法: db_explicit_none / 名前/説明だけでは系統なしと断定しにくい,
card_846f218a,おおめだま,なし,高,db_explicit_none,2,3,2,召喚時:全てのユニットのステルスを解除する。解除した数分+1/+2を得る。,,v136分類: なし / 推定方法: db_explicit_none / 名前/説明だけでは系統なしと断定しにくい,
card_f503ba07,おおドラキー,なし,高,db_explicit_none,2,2,2,ねらい撃ち、召喚時：味方ヒーローがいる場合2/1のドラキーを1体出す,,v136分類: なし / 推定方法: db_explicit_none / 名前/説明だけでは系統なしと断定しにくい,
card_c525de3e,おにびドングリ,なし,高,db_explicit_none,2,2,2,召喚時:このターン中ユニットが死亡しているなら魔力開放1枚を手札に加える,,v136分類: なし / 推定方法: db_explicit_none / 名前/説明だけでは系統なしと断定しにくい,
card_8085ed25,おばけキノコ,なし,高,db_explicit_none,2,2,2,死亡時：ランダムな敵1体を次のターン攻撃不能にする,,v136分類: なし / 推定方法: db_explicit_none / 名前/説明だけでは系統なしと断定しにくい,
card_0858651f,おばけパラソル,なし,高,db_explicit_none,2,2,2,れんけい：敵1体に2ダメージ,,v136分類: なし / 推定方法: db_explicit_none / 名前/説明だけでは系統なしと断定しにくい,
card_bb48dcae,おむつっこり,なし,高,db_explicit_none,2,3,2,召喚時：HPを2回復,,v136分類: なし / 推定方法: db_explicit_none / 名前/説明だけでは系統なしと断定しにくい,
card_f8443689,かくれんぼう,なし,高,db_explicit_none,2,2,2,ステルス、れんけい：カードを1枚引く,,v136分類: なし / 推定方法: db_explicit_none / 名前/説明だけでは系統なしと断定しにくい,
card_93e092e5,かまいたち,なし,高,db_explicit_none,2,2,2,召喚時：前列にいる他の全てのユニットに1ダメージ,,v136分類: なし / 推定方法: db_explicit_none / 名前/説明だけでは系統なしと断定しにくい,
card_d6a7e4f6,かれくさネズミ,なし,高,db_explicit_none,2,2,1,味方ヒーローのヒーロースキルが発動する度メタルスライムを1体出す,,v136分類: なし / 推定方法: db_explicit_none / 名前/説明だけでは系統なしと断定しにくい,
card_3bcff462,きめんどうし,なし,高,db_explicit_none,2,2,3,召喚時：自分のデッキの上からカードを2枚見る。1枚をデッキの上に戻し残りをデッキの下に戻す。,,v136分類: なし / 推定方法: db_explicit_none / 名前/説明だけでは系統なしと断定しにくい,
card_c504381c,きりかぶおばけ,なし,高,db_explicit_none,2,2,2,召喚時：GET(1)。BET：1ターンに1回のみ、他のランダムな味方ユニットのHP+2。,,v136分類: なし / 推定方法: db_explicit_none / 名前/説明だけでは系統なしと断定しにくい,
card_c45c254d,くしざしツインズ,なし,高,db_explicit_none,2,1,2,味方リーダーの武器の攻撃力+1,,v136分類: なし / 推定方法: db_explicit_none / 名前/説明だけでは系統なしと断定しにくい,
card_89cd00d7,くらやみハーピー,なし,高,db_explicit_none,2,2,2,召喚時：ユニット1体のHPを攻撃力と同じ値にする,,v136分類: なし / 推定方法: db_explicit_none / 名前/説明だけでは系統なしと断定しにくい,
card_0aff24b1,しびれだんびら,なし,高,db_explicit_none,2,3,2,召喚時:味方リーダーが装備中の武器に耐久力+1と「攻撃した敵ユニットを次のターン終了時まで攻撃不能にする」を付与する,,v136分類: なし / 推定方法: db_explicit_none / 名前/説明だけでは系統なしと断定しにくい,
card_35914b0d,しましまキャット,なし,高,db_explicit_none,2,2,2,召喚時&死亡時：しあわせのたね1枚を手札に加える,,v136分類: なし / 推定方法: db_explicit_none / 名前/説明だけでは系統なしと断定しにくい,
card_69bd35ef,しんぴのよろい,なし,高,db_explicit_none,2,0,0,この対戦の間味方リーダーは「自分のターン終了時味方リーダーのHPを2回復する」を得る,,v136分類: なし / 推定方法: db_explicit_none / 名前/説明だけでは系統なしと断定しにくい,
card_2e3a7eda,じごくのハサミ,なし,高,db_explicit_none,2,3,2,絶好調、このユニットが絶好調状態なら相手のターン中このユニットが受けるダメージは1になる。,,v136分類: なし / 推定方法: db_explicit_none / 名前/説明だけでは系統なしと断定しにくい,
card_2924b5f1,じんめんじゅ,なし,高,db_explicit_none,2,1,4,自分のターン終了時このユニットのHPを1回復,,v136分類: なし / 推定方法: db_explicit_none / 名前/説明だけでは系統なしと断定しにくい,
card_7d555473,たけやりへい,なし,高,db_explicit_none,2,2,2,召喚時：このターン中ユニット1体の攻撃力+2,,v136分類: なし / 推定方法: db_explicit_none / 名前/説明だけでは系統なしと断定しにくい,
card_c5e37b2c,たんすミミック,なし,高,db_explicit_none,2,2,2,召喚時：このカード以外の自分の手札が6枚以上ある場合敵ユニット1体をコストが1低いランダムなユニットに変身させる。,,v136分類: なし / 推定方法: db_explicit_none / 名前/説明だけでは系統なしと断定しにくい,
card_707a7f3f,とうろうへい,なし,高,db_explicit_none,2,3,1,召喚時：このターン中味方リーダーの攻撃力+1,,v136分類: なし / 推定方法: db_explicit_none / 名前/説明だけでは系統なしと断定しにくい,
card_2b5c40ef,とつげきこぞう,なし,高,db_explicit_none,2,3,4,正面に敵ユニットが1体もいない場合攻撃できない。,,v136分類: なし / 推定方法: db_explicit_none / 名前/説明だけでは系統なしと断定しにくい,
card_743df4a8,とらおとこ,なし,高,db_explicit_none,2,3,2,召喚時:地形マスに召喚された場合+1/+1,,v136分類: なし / 推定方法: db_explicit_none / 名前/説明だけでは系統なしと断定しにくい,
card_05056c90,どくやずきん,なし,高,db_explicit_none,2,2,3,相手がデッキからカードを手札に加える度的リーダーに1ダメージ,,v136分類: なし / 推定方法: db_explicit_none / 名前/説明だけでは系統なしと断定しにくい,
card_295e49ed,どくろあらい,なし,高,db_explicit_none,2,0,0,攻撃対象が敵リーダーの場合このターン中攻撃力+2,,v136分類: なし / 推定方法: db_explicit_none / 名前/説明だけでは系統なしと断定しにくい,
card_73c78940,どくイモムシ,なし,高,db_explicit_none,2,2,1,死亡時：ランダムな敵ユニット1体を毒にする,,v136分類: なし / 推定方法: db_explicit_none / 名前/説明だけでは系統なしと断定しにくい,
card_5752c537,どんぐりベビー,なし,高,db_explicit_none,2,2,3,味方リーダーのHPが回復する度カードを1枚引く,,v136分類: なし / 推定方法: db_explicit_none / 名前/説明だけでは系統なしと断定しにくい,
card_543a5394,はえおとこ,なし,高,db_explicit_none,2,3,3,死亡時：相手リーダーのテンション+1,,v136分類: なし / 推定方法: db_explicit_none / 名前/説明だけでは系統なしと断定しにくい,
card_a003c93b,ひとくいサーベル,なし,高,db_explicit_none,2,3,2,味方リーダーの攻撃で敵ユニットを倒す度敵リーダーに1ダメージ,,v136分類: なし / 推定方法: db_explicit_none / 名前/説明だけでは系統なしと断定しにくい,
card_4cc8f84c,ひとつめピエロ,なし,高,db_explicit_none,2,0,4,テンションリンク：ランダムな敵ユニット1体に1ダメージ,,v136分類: なし / 推定方法: db_explicit_none / 名前/説明だけでは系統なしと断定しにくい,
card_7cec7648,ほしふるうでわ,なし,高,db_explicit_none,2,0,0,ユニット1体に「攻撃力が4以下の間速攻と2回攻撃を得る」を付与する,,v136分類: なし / 推定方法: db_explicit_none / 名前/説明だけでは系統なしと断定しにくい,
card_b4a32f3c,まじゅつし,なし,高,db_explicit_none,2,2,2,死亡時:死亡したマスの地形を魔法陣に変える。この効果で地形の上書きはできない。,,v136分類: なし / 推定方法: db_explicit_none / 名前/説明だけでは系統なしと断定しにくい,
card_7323a25d,まじょ,なし,高,db_explicit_none,2,3,2,選択：・魔法使いの特技カードをランダムに1枚手札に加える・魔力の息吹を1枚手札に加える,,v136分類: なし / 推定方法: db_explicit_none / 名前/説明だけでは系統なしと断定しにくい,
card_21630266,まどうし,なし,高,db_explicit_none,2,1,4,攻撃時：このターン中特技ダメージ+1を得る,,v136分類: なし / 推定方法: db_explicit_none / 名前/説明だけでは系統なしと断定しにくい,
card_38b84c22,まものつかい,なし,高,db_explicit_none,2,3,1,死亡時:自分のデッキからパワフルバッジを持つユニットを1枚引く,,v136分類: なし / 推定方法: db_explicit_none / 名前/説明だけでは系統なしと断定しにくい,
card_facf6754,みみずん,なし,高,db_explicit_none,2,2,3,召喚時：味方建物1つを手札に戻す,,v136分類: なし / 推定方法: db_explicit_none / 名前/説明だけでは系統なしと断定しにくい,
card_16bf66fb,むつでエビ,なし,高,db_explicit_none,2,2,3,召喚時:相手の手札が3枚以下の場合HP+1とにおうだちを得る,,v136分類: なし / 推定方法: db_explicit_none / 名前/説明だけでは系統なしと断定しにくい,
card_8585fce5,ももんじゃ,なし,高,db_explicit_none,2,2,2,召喚時：敵ユニット１体につきHP+1,,v136分類: なし / 推定方法: db_explicit_none / 名前/説明だけでは系統なしと断定しにくい,
card_22961233,やみのとうぞく,なし,高,db_explicit_none,2,3,1,召喚時:相手のデッキのランダムなカードと同じカード1枚を手札に加える,,v136分類: なし / 推定方法: db_explicit_none / 名前/説明だけでは系統なしと断定しにくい,
card_768acf21,よるのていおう,なし,高,db_explicit_none,2,2,2,テンションリンク：後列にいるランダムな敵ユニット1体を前列のランダムな空きマスに移動させる,,v136分類: なし / 推定方法: db_explicit_none / 名前/説明だけでは系統なしと断定しにくい,
card_e462792f,わたぼう,なし,高,db_explicit_none,2,2,2,ターンを終了したプレイヤーはカードを1枚引く,,v136分類: なし / 推定方法: db_explicit_none / 名前/説明だけでは系統なしと断定しにくい,
card_08f55531,わらいぶくろ,なし,高,db_explicit_none,2,1,2,召喚時：カードを1枚引く,https://gameconductor.com/dqrivals/wp-content/uploads/card_img_20.jpg,v136分類: なし / 推定方法: db_explicit_none / 名前/説明だけでは系統なしと断定しにくい,
card_911a6db3,アロードッグ,なし,高,db_explicit_none,2,3,1,召喚時：このカード以外の自分の手札が6枚以上ある場合敵1体に2ダメージ,,v136分類: なし / 推定方法: db_explicit_none / 名前/説明だけでは系統なしと断定しにくい,
card_21ed9677,イエローシックル,なし,高,db_explicit_none,2,1,4,正面にいるユニットと戦闘をする場合このターン中攻撃力+2,,v136分類: なし / 推定方法: db_explicit_none / 名前/説明だけでは系統なしと断定しにくい,
card_47d9aa29,イノブタマン,なし,高,db_explicit_none,2,2,2,召喚時：このターン中味方ユニット1体に攻撃力+3と「敵リーダーを攻撃できない」を付与する,,v136分類: なし / 推定方法: db_explicit_none / 名前/説明だけでは系統なしと断定しにくい,
card_c0de3c42,インプ,なし,高,db_explicit_none,2,2,3,召喚時：GET(1)。BET：デッキの一番上が偶数コストなら敵リーダーに2ダメージ。このユニットへのBETは1ターン1回,,v136分類: なし / 推定方法: db_explicit_none / 名前/説明だけでは系統なしと断定しにくい,
card_d05b74e8,エビルアップル,なし,高,db_explicit_none,2,2,1,味方のヒーロースキルが発動したターン中手札にあるこのユニットのコスト-2,,v136分類: なし / 推定方法: db_explicit_none / 名前/説明だけでは系統なしと断定しにくい,
card_fd3ed56e,エビルポット,なし,高,db_explicit_none,2,1,2,熟練度(0)、おうえん、死亡時:自分のデッキの上7枚から熟練度を持つカードを1枚引く。残りをデッキの下に戻す。(2)攻撃力+1,,v136分類: なし / 推定方法: db_explicit_none / 名前/説明だけでは系統なしと断定しにくい,
card_72095d77,オコボルト,なし,高,db_explicit_none,2,3,2,におうだち、召喚時：敵リーダーがパワフルバッジを持つ場合+2/+2,,v136分類: なし / 推定方法: db_explicit_none / 名前/説明だけでは系統なしと断定しにくい,
card_721fe799,オベルジーヌ,なし,高,db_explicit_none,2,2,2,味方ユニットのHPが回復する度+1/+1,,v136分類: なし / 推定方法: db_explicit_none / 名前/説明だけでは系統なしと断定しにくい,
card_671af643,オーク,なし,高,db_explicit_none,2,2,3,貫通,,v136分類: なし / 推定方法: db_explicit_none / 名前/説明だけでは系統なしと断定しにくい,
card_8ae971ee,カンダタこぶん,なし,高,db_explicit_none,2,3,2,召喚時：GET(1)。BET：このターン中、次に使用するテンションカードのコストが0になる。,,v136分類: なし / 推定方法: db_explicit_none / 名前/説明だけでは系統なしと断定しにくい,
card_f9b880a8,キメラ,なし,高,db_explicit_none,2,3,2,召喚時：ユニット1体の位置を前後に入れ替える,,v136分類: なし / 推定方法: db_explicit_none / 名前/説明だけでは系統なしと断定しにくい,
card_84df096e,キラーG,なし,高,db_explicit_none,2,2,2,貫通、ステルス、死亡時：味方建物があるならカードを1枚引く,,v136分類: なし / 推定方法: db_explicit_none / 名前/説明だけでは系統なしと断定しにくい,
card_067c8577,キラークラブ,なし,高,db_explicit_none,2,2,3,召喚時:味方リーダーが装備中の武器に「この武器で攻撃した時の反撃ダメージ-2」を付与する,,v136分類: なし / 推定方法: db_explicit_none / 名前/説明だけでは系統なしと断定しにくい,
card_1c4a519c,キラーグース,なし,高,db_explicit_none,2,3,3,おうえん、召喚時：相手は50%の確率でカードを1枚引く,,v136分類: なし / 推定方法: db_explicit_none / 名前/説明だけでは系統なしと断定しにくい,
card_78ce20c1,ギズモ,なし,高,db_explicit_none,2,2,2,召喚時：GET(1) BET:正面にいる全ての敵ユニットに1ダメージ,,v136分類: なし / 推定方法: db_explicit_none / 名前/説明だけでは系統なしと断定しにくい,
card_4e7aecfd,クックルー,なし,高,db_explicit_none,2,3,2,死亡時：道具カード1枚を手札に加える,,v136分類: なし / 推定方法: db_explicit_none / 名前/説明だけでは系統なしと断定しにくい,
card_2124c67b,グリズリー,なし,高,db_explicit_none,2,3,2,召喚時:味方リーダーのテンションの数以下の攻撃力を持つ前列の味方ユニット1体を相手の手札に戻す。,,v136分類: なし / 推定方法: db_explicit_none / 名前/説明だけでは系統なしと断定しにくい,
card_1791b3f8,グリーンシザー,なし,高,db_explicit_none,2,1,4,正面にいるユニットと戦闘をする場合このターン攻撃力+3、味方冒険者が場に出た後そのユニットの前後に移動する,,v136分類: なし / 推定方法: db_explicit_none / 名前/説明だけでは系統なしと断定しにくい,
card_46595921,ケダモン,なし,高,db_explicit_none,2,1,3,速攻、召喚時:このターン中味方リーダーが攻撃力+1を得る,,v136分類: なし / 推定方法: db_explicit_none / 名前/説明だけでは系統なしと断定しにくい,
card_3e5ba706,ケンタラウス,なし,高,db_explicit_none,2,2,3,召喚時：味方ヒーローがいる場合このターン中味方リーダーは攻撃力+1を得る,,v136分類: なし / 推定方法: db_explicit_none / 名前/説明だけでは系統なしと断定しにくい,
card_f1cd2f74,サイおとこ,なし,高,db_explicit_none,2,1,4,におうだち,,v136分類: なし / 推定方法: db_explicit_none / 名前/説明だけでは系統なしと断定しにくい,
card_26dcc88b,サタンパピー,なし,高,db_explicit_none,2,2,1,召喚時:このターン中ユニットが死亡しているなら敵ユニット1体を-2/-2,,v136分類: なし / 推定方法: db_explicit_none / 名前/説明だけでは系統なしと断定しにくい,
card_a4f70e0a,サボテンボール,なし,高,db_explicit_none,2,3,1,テンションリンク：お互いのリーダーに1ダメージ,,v136分類: なし / 推定方法: db_explicit_none / 名前/説明だけでは系統なしと断定しにくい,
card_17f1c245,サンダーラット,なし,高,db_explicit_none,2,1,4,テンションリンク：敵リーダーに1ダメージ,,v136分類: なし / 推定方法: db_explicit_none / 名前/説明だけでは系統なしと断定しにくい,
card_3fedcfee,サーベルきつね,なし,高,db_explicit_none,2,2,2,上下にいるユニットの攻撃力+1,,v136分類: なし / 推定方法: db_explicit_none / 名前/説明だけでは系統なしと断定しにくい,
card_13bfc137,ザイル,なし,高,db_explicit_none,2,3,2,死亡時&手札から捨てた時:はるかぜのフルートを1枚手札に加える,,v136分類: なし / 推定方法: db_explicit_none / 名前/説明だけでは系統なしと断定しにくい,
card_55f66785,シールドこぞう,なし,高,db_explicit_none,2,2,2,におうだち,https://gameconductor.com/dqrivals/wp-content/uploads/card_img_7.jpg,v136分類: なし / 推定方法: db_explicit_none / 名前/説明だけでは系統なしと断定しにくい,
card_37c6d619,ジャイアントバット,なし,高,db_explicit_none,2,2,2,召喚時：このユニットにさくせんを出す。自分のターン中このユニットが戦闘ダメージを与えた敵を次のターン終了時まで攻撃不能にする,,v136分類: なし / 推定方法: db_explicit_none / 名前/説明だけでは系統なしと断定しにくい,
card_39de0670,ジュエルン,なし,高,db_explicit_none,2,1,1,召喚時：自分のデッキからコスト3以下の建物カードを1枚引く。そのカードのコストを-1,,v136分類: なし / 推定方法: db_explicit_none / 名前/説明だけでは系統なしと断定しにくい,
card_13e70e19,スキッパー,なし,高,db_explicit_none,2,2,2,テンションリンク：デッキの一番上のカードのコストが奇数ならそのカードを手札に加える。,,v136分類: なし / 推定方法: db_explicit_none / 名前/説明だけでは系統なしと断定しにくい,
card_09280fcd,スノーベビー,なし,高,db_explicit_none,2,3,2,召喚時：ダメージを受けている敵ユニット1体に2ダメージ,,v136分類: なし / 推定方法: db_explicit_none / 名前/説明だけでは系統なしと断定しにくい,
card_24fbb03f,スノーモン,なし,高,db_explicit_none,2,2,3,死亡時：敵のランダムな空きマスに氷塊を1つ出す,,v136分類: なし / 推定方法: db_explicit_none / 名前/説明だけでは系統なしと断定しにくい,
card_887207c9,スピンサタン,なし,高,db_explicit_none,2,3,2,召喚時:自分が次に使用する占いカードは発動する効果を選べる 味方リーダーが必中モードの場合手札のこのカードのコスト-1,,v136分類: なし / 推定方法: db_explicit_none / 名前/説明だけでは系統なしと断定しにくい,
card_abd6c61a,タイガーランス,なし,高,db_explicit_none,2,3,3,召喚時：指定の敵マスに1/1のスライムを1体出す,,v136分類: なし / 推定方法: db_explicit_none / 名前/説明だけでは系統なしと断定しにくい,
card_e16f1bd0,タイプG,なし,高,db_explicit_none,2,1,1,スキルブースト:+1/+1、自身の攻撃力にあわせて場にいる間、以下の効果を得る。 攻撃力3以上:貫通、攻撃力5以上:ねらい撃ち、攻撃力10以上:2回攻撃,,v136分類: なし / 推定方法: db_explicit_none / 名前/説明だけでは系統なしと断定しにくい,
card_9f800622,ダンスニードル,なし,高,db_explicit_none,2,1,4,貫通、貫通を持つ他の全ての味方ユニットの攻撃力+1,,v136分類: なし / 推定方法: db_explicit_none / 名前/説明だけでは系統なしと断定しにくい,
card_5fe00f1a,ダークプラネット,なし,高,db_explicit_none,2,3,2,選択：・ダンジョンではない敵建物１つの耐久値を2にする。・ダンジョンではない敵建物1つの耐久値を-2,,v136分類: なし / 推定方法: db_explicit_none / 名前/説明だけでは系統なしと断定しにくい,
card_eb476849,ダークホビット,なし,高,db_explicit_none,2,2,3,熟練度(0)、(3)におうだち+1/+1,,v136分類: なし / 推定方法: db_explicit_none / 名前/説明だけでは系統なしと断定しにくい,
card_9a32c89a,テンツク,なし,高,db_explicit_none,2,2,3,死亡時:死亡したマスの地形を祝福の聖域に変える。 この効果で地形の上書きはできない。,,v136分類: なし / 推定方法: db_explicit_none / 名前/説明だけでは系統なしと断定しにくい,
card_0340dccb,デスフラッター,なし,高,db_explicit_none,2,1,2,召喚時：自分のデッキの上からカード4枚を見る。ユニットカード以外のカードを1枚選び、それを引く。残りをデッキの下に戻す,,v136分類: なし / 推定方法: db_explicit_none / 名前/説明だけでは系統なしと断定しにくい,
card_09ae440c,デビルパピヨン,なし,高,db_explicit_none,2,2,2,召喚時：GET(1)。BET：ランダムな敵ユニット1体を毒にする,,v136分類: なし / 推定方法: db_explicit_none / 名前/説明だけでは系統なしと断定しにくい,
card_c01548f9,トンネラー,なし,高,db_explicit_none,2,1,3,におうだち、れんけい：+1/+1,,v136分類: なし / 推定方法: db_explicit_none / 名前/説明だけでは系統なしと断定しにくい,
card_f4f27478,ドロヌーバ,なし,高,db_explicit_none,2,2,3,ステルス,,v136分類: なし / 推定方法: db_explicit_none / 名前/説明だけでは系統なしと断定しにくい,
card_993f78a7,ナスビナーラ,なし,高,db_explicit_none,2,2,3,召喚時：ユニット１体を縦1列の中央に移動させる,,v136分類: なし / 推定方法: db_explicit_none / 名前/説明だけでは系統なしと断定しにくい,
card_d329867b,パペットこぞう,なし,高,db_explicit_none,2,3,2,占い：(1)味方リーダーのテンション-1、(2)+1/+1を得る,,v136分類: なし / 推定方法: db_explicit_none / 名前/説明だけでは系統なしと断定しにくい,
card_1c2707b7,ヒポせんし,なし,高,db_explicit_none,2,2,3,敵リーダーのテンションが上がる度攻撃力+1,,v136分類: なし / 推定方法: db_explicit_none / 名前/説明だけでは系統なしと断定しにくい,
card_9eef3ae2,ヒートギズモ,なし,高,db_explicit_none,2,2,2,前列召喚時：正面にいる敵ユニットに2ダメージ、後列召喚時：味方リーダーのテンション+1,,v136分類: なし / 推定方法: db_explicit_none / 名前/説明だけでは系統なしと断定しにくい,
card_ffd715bf,ビッグスロース,なし,高,db_explicit_none,2,1,1,自分がコスト1以下の手札を使う度+1/+1,,v136分類: なし / 推定方法: db_explicit_none / 名前/説明だけでは系統なしと断定しにくい,
card_4c928e44,ビッグハンマー,なし,高,db_explicit_none,2,2,3,召喚時：自分のデッキから建物カードを1枚手札に加える。その後自分の手札から1枚選んで捨てる,,v136分類: なし / 推定方法: db_explicit_none / 名前/説明だけでは系統なしと断定しにくい,
card_13c2373a,ピクシー,なし,高,db_explicit_none,2,1,4,ねらい撃ち,,v136分類: なし / 推定方法: db_explicit_none / 名前/説明だけでは系統なしと断定しにくい,
card_3745f350,ピンクモーモン,なし,高,db_explicit_none,2,2,3,このユニットの攻撃で与えたダメージ分味方リーダーのHPを回復する,,v136分類: なし / 推定方法: db_explicit_none / 名前/説明だけでは系統なしと断定しにくい,
card_579c3018,フレイム,なし,高,db_explicit_none,2,1,1,前列にいる場合攻撃力+3,,v136分類: なし / 推定方法: db_explicit_none / 名前/説明だけでは系統なしと断定しにくい,
card_3697e999,ブチュチュンパ,なし,高,db_explicit_none,2,3,2,召喚時：全ての敵ユニットは絶好調状態ではなくなる。,,v136分類: なし / 推定方法: db_explicit_none / 名前/説明だけでは系統なしと断定しにくい,
card_fa60bb4c,ブラックマンティス,なし,高,db_explicit_none,2,1,4,におうだち、召喚時：敵ユニット1体の攻撃力-1,,v136分類: なし / 推定方法: db_explicit_none / 名前/説明だけでは系統なしと断定しにくい,
card_d7077797,ブラッドソード,なし,高,db_explicit_none,2,2,2,死亡時：味方ヒーローがいる場合自分のデッキからコスト2以下の武器を装備する。,,v136分類: なし / 推定方法: db_explicit_none / 名前/説明だけでは系統なしと断定しにくい,
card_af0589df,プオーン,なし,高,db_explicit_none,2,3,2,召喚時：自分のデッキからコストが最も高い武闘家のカードを手札に1枚加える,,v136分類: なし / 推定方法: db_explicit_none / 名前/説明だけでは系統なしと断定しにくい,
card_cb17a7ac,プチヒーロー,なし,高,db_explicit_none,2,2,2,シンクロ:①HP+1、②攻撃力+1、③HP+1,,v136分類: なし / 推定方法: db_explicit_none / 名前/説明だけでは系統なしと断定しにくい,
card_b0bcc369,プテラノドン,なし,高,db_explicit_none,2,2,1,死亡時：自分のデッキからコストが4以下の冒険者カードをランダムに1枚手札に加える,,v136分類: なし / 推定方法: db_explicit_none / 名前/説明だけでは系統なしと断定しにくい,
card_bd1c41e5,プラズママウス,なし,高,db_explicit_none,2,3,2,味方ヒーローがいる場合速攻を得る,,v136分類: なし / 推定方法: db_explicit_none / 名前/説明だけでは系統なしと断定しにくい,
card_d00c0ca1,プークプック,なし,高,db_explicit_none,2,1,3,前後にいる味方ユニットの攻撃力+1,,v136分類: なし / 推定方法: db_explicit_none / 名前/説明だけでは系統なしと断定しにくい,
card_7d611f88,ヘルコンドル,なし,高,db_explicit_none,2,3,1,ねらい撃ち,,v136分類: なし / 推定方法: db_explicit_none / 名前/説明だけでは系統なしと断定しにくい,
card_81da80ae,ヘルホーネット,なし,高,db_explicit_none,2,2,2,召喚時：味方ユニット1体の攻撃力+1,,v136分類: なし / 推定方法: db_explicit_none / 名前/説明だけでは系統なしと断定しにくい,
card_b4cd37c2,ベビーサタン,なし,高,db_explicit_none,2,3,2,テンションリンク：自分と相手の最大MPが1増える,,v136分類: なし / 推定方法: db_explicit_none / 名前/説明だけでは系統なしと断定しにくい,
card_f6858889,ベビーパンサー,なし,高,db_explicit_none,2,2,2,おうえん,,v136分類: なし / 推定方法: db_explicit_none / 名前/説明だけでは系統なしと断定しにくい,
card_e70aa055,ベロニャーゴ,なし,高,db_explicit_none,2,1,3,れんけい：HP+1、味方リーダーが攻撃した後1/1のプリスニャンを1体出す,,v136分類: なし / 推定方法: db_explicit_none / 名前/説明だけでは系統なしと断定しにくい,
card_1ffc4f90,ポンポコだぬき,なし,高,db_explicit_none,2,3,2,死亡時：味方リーダーのテンション+1,,v136分類: なし / 推定方法: db_explicit_none / 名前/説明だけでは系統なしと断定しにくい,
card_d625ddf3,マギール,なし,高,db_explicit_none,2,2,3,味方建物があるなら手札のこのカードのコスト-1,,v136分類: なし / 推定方法: db_explicit_none / 名前/説明だけでは系統なしと断定しにくい,
card_352061b3,マクロベータ,なし,高,db_explicit_none,2,2,3,れんけい:縦1列にいる全てのユニットに1ダメージ,,v136分類: なし / 推定方法: db_explicit_none / 名前/説明だけでは系統なしと断定しにくい,
card_8c221f8f,マジックフライ,なし,高,db_explicit_none,2,1,1,死亡時：自分のデッキから特技カードを1枚引く,,v136分類: なし / 推定方法: db_explicit_none / 名前/説明だけでは系統なしと断定しにくい,
card_23ad09be,マタンゴ,なし,高,db_explicit_none,2,2,3,召喚時：敵リーダーが装備中のコスト4以下の武器を破壊する。,,v136分類: なし / 推定方法: db_explicit_none / 名前/説明だけでは系統なしと断定しにくい,
card_d94ba760,マッドプラント,なし,高,db_explicit_none,2,2,3,召喚時：味方ユニット1体を次の相手のターン中ステルスにする,,v136分類: なし / 推定方法: db_explicit_none / 名前/説明だけでは系統なしと断定しにくい,
card_011a7b81,マドルーパー,なし,高,db_explicit_none,2,2,2,このユニットは戦闘ダメージのみ受ける,,v136分類: なし / 推定方法: db_explicit_none / 名前/説明だけでは系統なしと断定しにくい,
card_e58db4b2,マヒャドフライ,なし,高,db_explicit_none,2,1,4,敵リーダーにダメージを与えた時相手の手札にうまのふんを加える。,,v136分類: なし / 推定方法: db_explicit_none / 名前/説明だけでは系統なしと断定しにくい,
card_3c6c9165,マーブルン,なし,高,db_explicit_none,2,2,1,召喚時：指定の味方マスに1/1のプリズニャンを1体出す,,v136分類: なし / 推定方法: db_explicit_none / 名前/説明だけでは系統なしと断定しにくい,
card_f873e56f,ミステリドール,なし,高,db_explicit_none,2,2,3,召喚時:前後のマスにこのユニットがいる地形をコピーする。 この効果で地形の上書きはできない。,,v136分類: なし / 推定方法: db_explicit_none / 名前/説明だけでは系統なしと断定しにくい,
card_87f4d7ac,メイジももんじゃ,なし,高,db_explicit_none,2,1,2,召喚時：味方ヒーローがいる場合ヒャドを手札に加える,,v136分類: なし / 推定方法: db_explicit_none / 名前/説明だけでは系統なしと断定しにくい,
card_f0a98fe1,メイジキメラ,なし,高,db_explicit_none,2,2,3,自分が特技を使う度攻撃力+1,,v136分類: なし / 推定方法: db_explicit_none / 名前/説明だけでは系統なしと断定しにくい,
card_34aa0b9b,メソコボルト,なし,高,db_explicit_none,2,2,3,召喚時：ユニット1体ににおうだちを付与する,,v136分類: なし / 推定方法: db_explicit_none / 名前/説明だけでは系統なしと断定しにくい,
card_59fadad6,メタッピー,なし,高,db_explicit_none,2,2,3,テンションリンク：このターン中味方リーダーが受けるダメージ-3,,v136分類: なし / 推定方法: db_explicit_none / 名前/説明だけでは系統なしと断定しにくい,
card_503c148f,メドーサボール,なし,高,db_explicit_none,2,2,2,味方ヒーローのヒーロースキルが発動した後自分のデッキからシンクロを持つカードを1枚引く,,v136分類: なし / 推定方法: db_explicit_none / 名前/説明だけでは系統なしと断定しにくい,
card_2b331264,メーダ,なし,高,db_explicit_none,2,3,2,前列にいる場合両プレイヤーの特技カードのコスト+1,,v136分類: なし / 推定方法: db_explicit_none / 名前/説明だけでは系統なしと断定しにくい,
card_30055c41,モコフル,なし,高,db_explicit_none,2,2,3,召喚時:味方ユニット1体を封印する,,v136分類: なし / 推定方法: db_explicit_none / 名前/説明だけでは系統なしと断定しにくい,
card_3c795f19,モコモコじゅう,なし,高,db_explicit_none,2,1,3,速攻,,v136分類: なし / 推定方法: db_explicit_none / 名前/説明だけでは系統なしと断定しにくい,
card_c1482e48,ランドゲーロ,なし,高,db_explicit_none,2,4,4,召喚時：前列に召喚した場合攻撃力が1になる。後列に召喚した場合HPが１になる。,,v136分類: なし / 推定方法: db_explicit_none / 名前/説明だけでは系統なしと断定しにくい,
card_90549185,ラーミア,なし,高,db_explicit_none,2,0,1,召喚時:6つのオーブをデッキに混ぜ復活の準備に入る。 自分の場にオーブが全て揃った時ラーミアは復活しこの対戦に勝利する。,,v136分類: なし / 推定方法: db_explicit_none / 名前/説明だけでは系統なしと断定しにくい,
card_ac3c90f7,リカントマムル,なし,高,db_explicit_none,2,2,1,召喚時&死亡時：武術カード1枚を手札に加える,,v136分類: なし / 推定方法: db_explicit_none / 名前/説明だけでは系統なしと断定しにくい,
card_321ac34f,リップス,なし,高,db_explicit_none,2,2,2,敵リーダーにダメージを与えると敵リーダーのテンション-1,,v136分類: なし / 推定方法: db_explicit_none / 名前/説明だけでは系統なしと断定しにくい,
card_e3e4c05d,卑劣などくやずきん,なし,高,db_explicit_none,2,3,2,召喚時：敵1体に1ダメージ。対象が毒なら3ダメージ,,v136分類: なし / 推定方法: db_explicit_none / 名前/説明だけでは系統なしと断定しにくい,
card_0f004dd9,変貌のくものきょじん,なし,高,db_explicit_none,2,3,2,召喚時：味方ユニット1体をランダムなコストが1高いランダムなユニットに変身させる,,v136分類: なし / 推定方法: db_explicit_none / 名前/説明だけでは系統なしと断定しにくい,
card_640b6bfb,天啓のエビルドライブ,なし,高,db_explicit_none,2,1,3,召喚時:自分のデッキの一番上のカードのコストが偶数ならそのカードを引き、その後自分の手札から1枚選び自分のデッキに混ぜこのユニットの攻撃力+3,,v136分類: なし / 推定方法: db_explicit_none / 名前/説明だけでは系統なしと断定しにくい,
card_b1b3f587,救援のドラキー,なし,高,db_explicit_none,2,3,2,選択：・2/1のこんぼう1枚を手札に加える。・このターン中味方リーダーが受けるダメージ-3,,v136分類: なし / 推定方法: db_explicit_none / 名前/説明だけでは系統なしと断定しにくい,
card_0bfca8a1,歌姫のマポレーナ,なし,高,db_explicit_none,2,2,3,れんけい:次に場に出る味方ユニット1体を+1/+1,,v136分類: なし / 推定方法: db_explicit_none / 名前/説明だけでは系統なしと断定しにくい,
card_8776f6c2,潮風のディーバ,なし,高,db_explicit_none,2,2,2,他の全ての味方ユニットの攻撃力+1,,v136分類: なし / 推定方法: db_explicit_none / 名前/説明だけでは系統なしと断定しにくい,
card_cc17e549,破滅への導き,なし,高,db_explicit_none,2,0,0,味方ユニット1体を死亡させた後、自分のデッキからコスト6以上のユニットカードを2枚引く,,v136分類: なし / 推定方法: db_explicit_none / 名前/説明だけでは系統なしと断定しにくい,
card_e6268038,道具：火炎草,なし,高,db_explicit_none,2,0,0,ユニット1体に3ダメージ,,v136分類: なし / 推定方法: db_explicit_none / 名前/説明だけでは系統なしと断定しにくい,
card_7fae1780,あやしいかげ,なし,高,db_explicit_none,3,4,2,ステルス,,v136分類: なし / 推定方法: db_explicit_none / 名前/説明だけでは系統なしと断定しにくい,
card_cd19e6cb,あらくれ,なし,高,db_explicit_none,3,3,1,速攻,,v136分類: なし / 推定方法: db_explicit_none / 名前/説明だけでは系統なしと断定しにくい,
card_9ba4ca11,いしにんぎょう,なし,高,db_explicit_none,3,3,3,前列召喚時：ユニット1体のHP+2、後列召喚時:ユニット1体の攻撃力をHPと同じ値にする,,v136分類: なし / 推定方法: db_explicit_none / 名前/説明だけでは系統なしと断定しにくい,
card_65ef27dd,いどまじん,なし,高,db_explicit_none,3,1,5,におうだち、相手のターン中このユニットがダメージを受ける度、ターン終了時までステルスを得る。召喚時：対戦中に味方建物が3つ以上出ていたら+2/+2,,v136分類: なし / 推定方法: db_explicit_none / 名前/説明だけでは系統なしと断定しにくい,
card_6772ad3c,いなずまビリー,なし,高,db_explicit_none,3,1,3,召喚時：このユニットの攻撃力とにおうだちを持つ敵ユニット1体を死亡させる。スキルブースト:攻撃力+1,,v136分類: なし / 推定方法: db_explicit_none / 名前/説明だけでは系統なしと断定しにくい,
card_f794442a,うずしおキング,なし,高,db_explicit_none,3,2,5,におうだち。れんけい：自分の山札の上から4枚を見て、れんけいを持つカードを1枚選び引く。,,v136分類: なし / 推定方法: db_explicit_none / 名前/説明だけでは系統なしと断定しにくい,
card_d945e36b,おおねずみ,なし,高,db_explicit_none,3,2,2,死亡時：1/1のやまねずみを2体出す。対戦中に味方建物が3つ以上出ていたら代わりに2/2のやまねずみを2体出す,,v136分類: なし / 推定方法: db_explicit_none / 名前/説明だけでは系統なしと断定しにくい,
card_237d6b84,おにこぞう,なし,高,db_explicit_none,3,2,2,自分のターン開始時このユニットが前列にいる場合7/7おにこんぼうに変身する,,v136分類: なし / 推定方法: db_explicit_none / 名前/説明だけでは系統なしと断定しにくい,
card_02b71123,おばけねずみ,なし,高,db_explicit_none,3,1,3,自分のターン終了時1/1のやまねずみを1体出す,,v136分類: なし / 推定方法: db_explicit_none / 名前/説明だけでは系統なしと断定しにくい,
card_38ebc250,かいぞくウーパー,なし,高,db_explicit_none,3,2,3,召喚時&手札から捨てた時：カードを1枚引く,,v136分類: なし / 推定方法: db_explicit_none / 名前/説明だけでは系統なしと断定しにくい,
card_0baef237,かっちゅうアリ,なし,高,db_explicit_none,3,1,4,BET：1ターンに1回のみ、攻撃力+1/HP+1。自分のターン終了時にGET(1)。このGETは1度だけ発動する。,,v136分類: なし / 推定方法: db_explicit_none / 名前/説明だけでは系統なしと断定しにくい,
card_789e3a72,からくりだいみょう,なし,高,db_explicit_none,3,4,2,召喚時：味方ユニット1体をこのユニットの前後に移動させる,,v136分類: なし / 推定方法: db_explicit_none / 名前/説明だけでは系統なしと断定しにくい,
card_4b221727,からくりエッグ,なし,高,db_explicit_none,3,3,3,パワフルバッジ：メタルボディもしくはハードメタルボディを持つ味方ユニットと武器の攻撃力+1,,v136分類: なし / 推定方法: db_explicit_none / 名前/説明だけでは系統なしと断定しにくい,
card_3dbf85fa,きりかぶこぞう,なし,高,db_explicit_none,3,1,1,,,v136分類: なし / 推定方法: db_explicit_none / 名前/説明だけでは系統なしと断定しにくい,
card_6163d7ef,げんじゅつし,なし,高,db_explicit_none,3,3,3,特技ダメージ+1,,v136分類: なし / 推定方法: db_explicit_none / 名前/説明だけでは系統なしと断定しにくい,
card_0ecc8073,ごうけつぐま,なし,高,db_explicit_none,3,2,4,絶好調、このユニットが絶好調状態なら攻撃力+2と「敵リーダーを攻撃できない」を得る,,v136分類: なし / 推定方法: db_explicit_none / 名前/説明だけでは系統なしと断定しにくい,
card_1fd03920,さそりばち,なし,高,db_explicit_none,3,1,1,速攻、自分がコスト1以下の手札を使う度このターン中攻撃力+1,,v136分類: なし / 推定方法: db_explicit_none / 名前/説明だけでは系統なしと断定しにくい,
card_cf9a2c0e,さまようたましい,なし,高,db_explicit_none,3,1,4,攻撃時：このターン中攻撃力+3,,v136分類: なし / 推定方法: db_explicit_none / 名前/説明だけでは系統なしと断定しにくい,
card_390c2e74,じんめんガエル,なし,高,db_explicit_none,3,0,1,後列にいる場合攻撃力+5,,v136分類: なし / 推定方法: db_explicit_none / 名前/説明だけでは系統なしと断定しにくい,
card_f9180cb7,たまねぎマン,なし,高,db_explicit_none,3,2,4,占い：①ユニット1体の攻撃力を2にする②：ユニット1体のHPを2にする,,v136分類: なし / 推定方法: db_explicit_none / 名前/説明だけでは系統なしと断定しにくい,
card_1a59d46e,だいおうイカ,なし,高,db_explicit_none,3,3,2,死亡時:GET(2),,v136分類: なし / 推定方法: db_explicit_none / 名前/説明だけでは系統なしと断定しにくい,
card_0ee31dd0,だいおうキッズ,なし,高,db_explicit_none,3,4,3,召喚時：次のターン相手はユニットを後列に召喚できない。,,v136分類: なし / 推定方法: db_explicit_none / 名前/説明だけでは系統なしと断定しにくい,
card_628bbb48,ちんもくのひつじ,なし,高,db_explicit_none,3,3,2,召喚時：正面にいるランダムな敵ユニット1体を封印する。,,v136分類: なし / 推定方法: db_explicit_none / 名前/説明だけでは系統なしと断定しにくい,
card_7fe80f03,つかいま,なし,高,db_explicit_none,3,3,2,死亡時：最大MPが1増える,,v136分類: なし / 推定方法: db_explicit_none / 名前/説明だけでは系統なしと断定しにくい,
card_f3f6a5fb,とうぞくこぞう,なし,高,db_explicit_none,3,5,4,召喚時：自分の手札から1枚選んで捨てる,,v136分類: なし / 推定方法: db_explicit_none / 名前/説明だけでは系統なしと断定しにくい,
card_7148c5d6,とげこんぼう,なし,高,db_explicit_none,3,2,3,召喚時：味方ヒーローがいる場合味方リーダーのテンション+2,,v136分類: なし / 推定方法: db_explicit_none / 名前/説明だけでは系統なしと断定しにくい,
card_191bb601,どろにんぎょう,なし,高,db_explicit_none,3,3,1,召喚時：次の相手のターン相手のMPが1減る,,v136分類: なし / 推定方法: db_explicit_none / 名前/説明だけでは系統なしと断定しにくい,
card_48ea99fd,なげきムーン,なし,高,db_explicit_none,3,3,2,召喚時：味方リーダーのHPが15以下の場合+2/+2と貫通を得る。,https://gameconductor.com/dqrivals/wp-content/uploads/card_img_22.jpg,v136分類: なし / 推定方法: db_explicit_none / 名前/説明だけでは系統なしと断定しにくい,
card_b1d3a142,なぞの神官,なし,高,db_explicit_none,3,2,4,味方ヒーローがいる場合占いカードのコスト-1,,v136分類: なし / 推定方法: db_explicit_none / 名前/説明だけでは系統なしと断定しにくい,
card_71f11ff6,ぬすっとウサギ,なし,高,db_explicit_none,3,3,3,攻撃対象が敵リーダーの場合カードを1枚引く,,v136分類: なし / 推定方法: db_explicit_none / 名前/説明だけでは系統なしと断定しにくい,
card_c6e27d2d,のろいのランプ,なし,高,db_explicit_none,3,2,3,絶好調、占いを持つ特技カードを使った後このユニットが絶好調状態なら同じカードを手札に加える。その後絶好調状態ではなくなる。,,v136分類: なし / 推定方法: db_explicit_none / 名前/説明だけでは系統なしと断定しにくい,
card_fab92693,ばくだん岩,なし,高,db_explicit_none,3,3,3,死亡時：前列にいる全てのユニットに2ダメージ,,v136分類: なし / 推定方法: db_explicit_none / 名前/説明だけでは系統なしと断定しにくい,
card_ae365a29,ひぐらしそう,なし,高,db_explicit_none,3,2,4,選択：・コスト1のランダムなユニットカードを手札に1枚加える・コスト3のランダムな特技カードを手札に1枚加える,,v136分類: なし / 推定方法: db_explicit_none / 名前/説明だけでは系統なしと断定しにくい,
card_2e9d61a8,びっくりサタン,なし,高,db_explicit_none,3,2,3,自分の占いで(1)の効果が発動する度カードを1枚引く,,v136分類: なし / 推定方法: db_explicit_none / 名前/説明だけでは系統なしと断定しにくい,
card_d479c4dc,ふくぶくろ,なし,高,db_explicit_none,3,3,1,召喚時：両プレイヤーはカードを２枚引く,,v136分類: なし / 推定方法: db_explicit_none / 名前/説明だけでは系統なしと断定しにくい,
card_caf3ccae,ふくまねき,なし,高,db_explicit_none,3,3,1,死亡時：カードを1枚引く,,v136分類: なし / 推定方法: db_explicit_none / 名前/説明だけでは系統なしと断定しにくい,
card_ca3dfe20,ふくめんバニー,なし,高,db_explicit_none,3,4,3,攻撃対象が敵リーダーの場合武術カード1枚を手札に加える,,v136分類: なし / 推定方法: db_explicit_none / 名前/説明だけでは系統なしと断定しにくい,
card_efa89063,ましょうぐも,なし,高,db_explicit_none,3,3,2,すべての敵は回復の効果で代わりにダメージを受ける,,v136分類: なし / 推定方法: db_explicit_none / 名前/説明だけでは系統なしと断定しにくい,
card_b6af2286,アイアンクック,なし,高,db_explicit_none,3,2,4,召喚時：次の自分のターン開始時まで味方リーダーが受けるダメージ-1 スキルブースト:受けるダメージ-1,,v136分類: なし / 推定方法: db_explicit_none / 名前/説明だけでは系統なしと断定しにくい,
card_c2defcfb,アイスゴーレム,なし,高,db_explicit_none,3,2,4,召喚時：自分のデッキにメラ系の特技カードが無いならランダムな敵の空きマスに0/3の氷塊を2つ出す,,v136分類: なし / 推定方法: db_explicit_none / 名前/説明だけでは系統なしと断定しにくい,
card_dc05e007,アカイライ,なし,高,db_explicit_none,3,4,2,自分のターン終了時このユニットがダメージを受けているならカードを1枚引く。,,v136分類: なし / 推定方法: db_explicit_none / 名前/説明だけでは系統なしと断定しにくい,
card_5a4a847b,アビスソルジャー,なし,高,db_explicit_none,3,3,3,,,v136分類: なし / 推定方法: db_explicit_none / 名前/説明だけでは系統なしと断定しにくい,
card_7276bcfb,アルケミストン,なし,高,db_explicit_none,3,3,3,攻撃時：このターン中MPが1増える,,v136分類: なし / 推定方法: db_explicit_none / 名前/説明だけでは系統なしと断定しにくい,
card_f337a875,アローインプ,なし,高,db_explicit_none,3,2,3,後列から攻撃する場合敵ユニットから反撃を受けない,,v136分類: なし / 推定方法: db_explicit_none / 名前/説明だけでは系統なしと断定しにくい,
card_784fcb08,イエティ,なし,高,db_explicit_none,3,1,5,自分がコスト1以下の手札を使う度攻撃力+1,,v136分類: なし / 推定方法: db_explicit_none / 名前/説明だけでは系統なしと断定しにくい,
card_312ad25f,イエローオーブ,なし,高,db_explicit_none,3,0,0,オーブ以外の味方1マスの地形をオーブに変える。カードを1枚引く。このカードはコピーすることができない。,,v136分類: なし / 推定方法: db_explicit_none / 名前/説明だけでは系統なしと断定しにくい,
card_67bf89ae,インキュバス,なし,高,db_explicit_none,3,3,3,召喚時：デッキの一番上のカードのコストが奇数なら+1/+1、偶数なら-1/-1,,v136分類: なし / 推定方法: db_explicit_none / 名前/説明だけでは系統なしと断定しにくい,
card_aa15aacb,ウィッチレディ,なし,高,db_explicit_none,3,3,3,自分が特技を使って敵ユニットを倒す度味方リーダーのテンション+1,,v136分類: なし / 推定方法: db_explicit_none / 名前/説明だけでは系統なしと断定しにくい,
card_25b8f4de,ウパソルジャー,なし,高,db_explicit_none,3,1,5,絶好調、絶好調状態の味方ユニットが攻撃する度このターン中味方リーダーは攻撃力+1を得る,,v136分類: なし / 推定方法: db_explicit_none / 名前/説明だけでは系統なしと断定しにくい,
card_d4c05a16,オオカミ,なし,高,db_explicit_none,3,3,1,速攻,,v136分類: なし / 推定方法: db_explicit_none / 名前/説明だけでは系統なしと断定しにくい,
card_3ffe81c0,オーガソルジャー,なし,高,db_explicit_none,3,3,3,召喚時：全てのピサロナイトにさくせんを出す,,v136分類: なし / 推定方法: db_explicit_none / 名前/説明だけでは系統なしと断定しにくい,
card_7ad22030,オーガー,なし,高,db_explicit_none,3,4,3,天啓の神域の効果によってデッキから手札にこのカードが加わった場合、ランダムな敵ユニットに3ダメージ,,v136分類: なし / 推定方法: db_explicit_none / 名前/説明だけでは系統なしと断定しにくい,
card_75d17a3b,ガチャコッコ,なし,高,db_explicit_none,3,0,5,におうだち、召喚時：敵ユニット1体につき攻撃力＋1,,v136分類: なし / 推定方法: db_explicit_none / 名前/説明だけでは系統なしと断定しにくい,
card_66aca6cb,キッシム,なし,高,db_explicit_none,3,3,2,おうえん、死亡時：自分のデッキからコスト5以上の建物カードを1枚引く。そのカードのコスト-1,,v136分類: なし / 推定方法: db_explicit_none / 名前/説明だけでは系統なしと断定しにくい,
card_99fccc22,キャタピラー,なし,高,db_explicit_none,3,1,5,召喚時：味方ユニット1体のHP+2,,v136分類: なし / 推定方法: db_explicit_none / 名前/説明だけでは系統なしと断定しにくい,
card_90f17009,キャットバット,なし,高,db_explicit_none,3,2,1,召喚時：このユニットの前後にキャットバットを出す,,v136分類: なし / 推定方法: db_explicit_none / 名前/説明だけでは系統なしと断定しにくい,
card_44e719fd,クラウンヘッド,なし,高,db_explicit_none,3,1,4,におうだち。召喚時：GET(1)。BET：HP+1、次の相手のターン終了時まで受けるダメージ-1。このユニットへのBETは1ターン1回,,v136分類: なし / 推定方法: db_explicit_none / 名前/説明だけでは系統なしと断定しにくい,
card_deb61fbf,グリゴンダンス,なし,高,db_explicit_none,3,3,2,テンションリンク：全てのユニットに1ダメージ,,v136分類: なし / 推定方法: db_explicit_none / 名前/説明だけでは系統なしと断定しにくい,
card_b4a3bfde,グリムン,なし,高,db_explicit_none,3,3,3,召喚時：このターン中次に使う建物カードのコスト-2,,v136分類: なし / 推定方法: db_explicit_none / 名前/説明だけでは系統なしと断定しにくい,
card_133775ea,グリーンオーブ,なし,高,db_explicit_none,3,0,0,オーブ以外の味方1マスの地形をオーブに変える。カードを1枚引く。このカードはコピーすることができない。,,v136分類: なし / 推定方法: db_explicit_none / 名前/説明だけでは系統なしと断定しにくい,
card_e502a350,グレムリン,なし,高,db_explicit_none,3,2,4,味方が回復する度攻撃力+1,,v136分類: なし / 推定方法: db_explicit_none / 名前/説明だけでは系統なしと断定しにくい,
card_78b75767,グレンデル,なし,高,db_explicit_none,3,2,4,におうだち　召喚時:味方リーダーのテンションを1消費する。消費した後+1/+1を得る。,,v136分類: なし / 推定方法: db_explicit_none / 名前/説明だけでは系統なしと断定しにくい,
card_52cde336,ケセランパセラン,なし,高,db_explicit_none,3,4,3,自分の占いで(1)の効果が発動する度味方リーダーのHPを2回復,,v136分類: なし / 推定方法: db_explicit_none / 名前/説明だけでは系統なしと断定しにくい,
card_04ea5b09,ケミカルゼリー,なし,高,db_explicit_none,3,3,2,召喚時：敵ユニット1体に2ダメージ、そのユニットが前列にいる場合代わりに4ダメージ,,v136分類: なし / 推定方法: db_explicit_none / 名前/説明だけでは系統なしと断定しにくい,
card_c4a3f7b9,ケムケムベス,なし,高,db_explicit_none,3,3,6,絶好調、このユニットは絶好調状態ではない場合攻撃できない,,v136分類: なし / 推定方法: db_explicit_none / 名前/説明だけでは系統なしと断定しにくい,
card_9bb7d892,ゲントの杖,なし,高,db_explicit_none,3,1,2,テンションリンク：ダメージを受けているランダムな味方1体のHPを4回復する。カードを1枚引く。武器の耐久力を-1する。,,v136分類: なし / 推定方法: db_explicit_none / 名前/説明だけでは系統なしと断定しにくい,
card_13db3095,コサックシープ,なし,高,db_explicit_none,3,4,3,召喚時：味方ユニット1体を手札に戻す,,v136分類: なし / 推定方法: db_explicit_none / 名前/説明だけでは系統なしと断定しにくい,
card_c17a47c9,コンジャラー,なし,高,db_explicit_none,3,2,4,味方リーダーは超必中モードになる,,v136分類: なし / 推定方法: db_explicit_none / 名前/説明だけでは系統なしと断定しにくい,
card_f7af8484,ゴルゴンゾーラ,なし,高,db_explicit_none,3,2,4,召喚時：GET(1)。BET：このユニット自身のHPを3回復する。,,v136分類: なし / 推定方法: db_explicit_none / 名前/説明だけでは系統なしと断定しにくい,
card_5b3cd328,ゴーレム,なし,高,db_explicit_none,3,3,3,におうだち,,v136分類: なし / 推定方法: db_explicit_none / 名前/説明だけでは系統なしと断定しにくい,
card_c9c5c6b2,サブナック,なし,高,db_explicit_none,3,4,4,召喚時：指定の敵マスに2/1のスライムベスを出す,,v136分類: なし / 推定方法: db_explicit_none / 名前/説明だけでは系統なしと断定しにくい,
card_5d901bd6,ザバン,なし,高,db_explicit_none,3,3,3,召喚時：道具カードを手札に1枚加える,,v136分類: なし / 推定方法: db_explicit_none / 名前/説明だけでは系統なしと断定しにくい,
card_3d8e1905,シャイニング,なし,高,db_explicit_none,3,3,4,召喚時：自分が次に使用する占いカードは発動する効果を選べるようになる。,,v136分類: なし / 推定方法: db_explicit_none / 名前/説明だけでは系統なしと断定しにくい,
card_3c97debd,シャドウベビー,なし,高,db_explicit_none,3,3,2,ステルス、貫通,,v136分類: なし / 推定方法: db_explicit_none / 名前/説明だけでは系統なしと断定しにくい,
card_54261440,シルバーオーブ,なし,高,db_explicit_none,3,0,0,オーブ以外の味方1マスの地形をオーブに変える。カードを1枚引く。このカードはコピーすることができない。,,v136分類: なし / 推定方法: db_explicit_none / 名前/説明だけでは系統なしと断定しにくい,
card_0576ef69,シルバーベア,なし,高,db_explicit_none,3,2,4,れんけい：このターン中速攻と「敵リーダーを攻撃できない」を得る。スキルブースト:攻撃力+1,,v136分類: なし / 推定方法: db_explicit_none / 名前/説明だけでは系統なしと断定しにくい,
card_836a79fd,シーゴーレム,なし,高,db_explicit_none,3,2,4,召喚時：味方ヒーローがいる場合HP+2とにおうだちを得る,,v136分類: なし / 推定方法: db_explicit_none / 名前/説明だけでは系統なしと断定しにくい,
card_11ec895a,シーメーダ,なし,高,db_explicit_none,3,3,3,おうえん、このユニットに自分が特技を使う度味方リーダーのHPを1回復,,v136分類: なし / 推定方法: db_explicit_none / 名前/説明だけでは系統なしと断定しにくい,
card_93022096,シーライオン,なし,高,db_explicit_none,3,1,5,におうだち、自分のターン終了時このユニットのHPを2回復,,v136分類: なし / 推定方法: db_explicit_none / 名前/説明だけでは系統なしと断定しにくい,
card_719d6479,ジゴック,なし,高,db_explicit_none,3,2,4,におうだち、召喚時：味方建物１つの耐久値+1、そうした場合攻撃力+1を得る,,v136分類: なし / 推定方法: db_explicit_none / 名前/説明だけでは系統なしと断定しにくい,
card_0f3ff099,ジャガーメイジ,なし,高,db_explicit_none,3,3,3,召喚時：敵ユニットが3体以上いる場合全ての敵ユニットに1ダメージ,,v136分類: なし / 推定方法: db_explicit_none / 名前/説明だけでは系統なしと断定しにくい,
card_1ee8d46f,ジャミ&ゴンズ,なし,高,db_explicit_none,3,4,4,選択：・HP-2 カードを1枚引く、敵リーダーに2ダメージ・攻撃力-2 におうだちを得る、味方リーダーのテンション+1,,v136分類: なし / 推定方法: db_explicit_none / 名前/説明だけでは系統なしと断定しにくい,
card_10f8ea07,スウィートバッグ,なし,高,db_explicit_none,3,3,3,テンションリンク：前にいる味方ユニットに貫通、ねらい撃ち、2回攻撃のいずれか1つを付与する。,,v136分類: なし / 推定方法: db_explicit_none / 名前/説明だけでは系統なしと断定しにくい,
card_51602015,ストロングアニマル,なし,高,db_explicit_none,3,3,4,召喚時：味方ユニット1体を手札に戻す。それが冒険者ならさらにコストを-2する。,,v136分類: なし / 推定方法: db_explicit_none / 名前/説明だけでは系統なしと断定しにくい,
card_7d6409ad,ストーンビースト,なし,高,db_explicit_none,3,1,5,絶好調、このユニットが絶好調状態なら攻撃力+2とにおうだちを得る,,v136分類: なし / 推定方法: db_explicit_none / 名前/説明だけでは系統なしと断定しにくい,
card_28664aa9,スピニー,なし,高,db_explicit_none,3,2,3,召喚時：貫通、1/2のメラリザードを1体出す。自分のデッキの一番上のカードのコストが3以上ならそのメラリザードに攻撃力+1とにおうだちを付与する,,v136分類: なし / 推定方法: db_explicit_none / 名前/説明だけでは系統なしと断定しにくい,
card_3e373c4a,スーパーテンツク,なし,高,db_explicit_none,3,2,4,召喚時:味方ヒーローがいる場合自分のデッキから武器カードまたは必殺技を持つカードを手札に加える。,,v136分類: なし / 推定方法: db_explicit_none / 名前/説明だけでは系統なしと断定しにくい,
card_0df73d3b,セージももんじゃ,なし,高,db_explicit_none,3,2,2,召喚時:自分のデッキの一番上のカードのコストが偶数なら合計3ダメージをランダムな敵ユニットに割り振る,,v136分類: なし / 推定方法: db_explicit_none / 名前/説明だけでは系統なしと断定しにくい,
card_ada3c5df,タップデビル,なし,高,db_explicit_none,3,2,2,絶好調、死亡時：自分のデッキからコスト4の特技カードを1枚引く。このユニットが絶好調状態ならそのカードのコスト-1,,v136分類: なし / 推定方法: db_explicit_none / 名前/説明だけでは系統なしと断定しにくい,
card_0b67b299,タップペンギー,なし,高,db_explicit_none,3,3,4,,,v136分類: なし / 推定方法: db_explicit_none / 名前/説明だけでは系統なしと断定しにくい,
card_5fffa5b0,ダークペルシャ,なし,高,db_explicit_none,3,3,2,召喚時:敵ユニットが3体以上いる場合GET(1)、BET:全てのユニットに1ダメージ,,v136分類: なし / 推定方法: db_explicit_none / 名前/説明だけでは系統なしと断定しにくい,
card_7d1e0182,ツボック,なし,高,db_explicit_none,3,3,4,死亡時：自分のデッキに特技カードが無いなら味方リーダーのテンション+2,,v136分類: なし / 推定方法: db_explicit_none / 名前/説明だけでは系統なしと断定しにくい,
card_d5baebad,ツンドラキー,なし,高,db_explicit_none,3,3,3,味方リーダーのHPが20以上の間攻撃力+2とねらい撃ちを得る,https://gameconductor.com/dqrivals/wp-content/uploads/card_img_23.jpg,v136分類: なし / 推定方法: db_explicit_none / 名前/説明だけでは系統なしと断定しにくい,
card_1e2e4b2a,テールイーター,なし,高,db_explicit_none,3,3,3,召喚時:このユニットにさくせんを出す,,v136分類: なし / 推定方法: db_explicit_none / 名前/説明だけでは系統なしと断定しにくい,
card_a9fe6956,デザートデーモン,なし,高,db_explicit_none,3,3,1,召喚時:合計3ダメージをこのユニット以外のランダムなユニットに割り振る,,v136分類: なし / 推定方法: db_explicit_none / 名前/説明だけでは系統なしと断定しにくい,
card_aac4c8d0,デザートランナー,なし,高,db_explicit_none,3,3,3,召喚時:地形マスに召喚された場合速攻を得る。,,v136分類: なし / 推定方法: db_explicit_none / 名前/説明だけでは系統なしと断定しにくい,
card_0ca59650,デスパロット,なし,高,db_explicit_none,3,2,3,味方ヒーローのヒーロースキルが発動した後道具カード2枚を手札に加える,,v136分類: なし / 推定方法: db_explicit_none / 名前/説明だけでは系統なしと断定しにくい,
card_9e85ced2,トドマン,なし,高,db_explicit_none,3,2,2,このユニットに自分が特技を使う度攻撃力+1,,v136分類: なし / 推定方法: db_explicit_none / 名前/説明だけでは系統なしと断定しにくい,
card_dd122306,ドッグスナイパー,なし,高,db_explicit_none,3,2,4,ねらい撃ち、戦闘以外のダメージで敵ユニットが死亡する度攻撃力+1,,v136分類: なし / 推定方法: db_explicit_none / 名前/説明だけでは系統なしと断定しにくい,
card_1acdd672,ドラキーマ,なし,高,db_explicit_none,3,2,1,召喚時：ユニット1体を次のターン攻撃不能にする,,v136分類: なし / 推定方法: db_explicit_none / 名前/説明だけでは系統なしと断定しにくい,
card_a1a044fe,ドラムゴート,なし,高,db_explicit_none,3,3,3,テンションカードを1ターンに2回まで使える,,v136分類: なし / 推定方法: db_explicit_none / 名前/説明だけでは系統なしと断定しにくい,
card_6289767c,ドロザラー,なし,高,db_explicit_none,3,3,3,召喚時:指定のマスの地形を破壊する,,v136分類: なし / 推定方法: db_explicit_none / 名前/説明だけでは系統なしと断定しにくい,
card_9b025ab4,ナイトウォーカー,なし,高,db_explicit_none,3,2,3,自分のターン終了時相手の手札が3枚以下の場合攻撃力+1とステルスを得る,,v136分類: なし / 推定方法: db_explicit_none / 名前/説明だけでは系統なしと断定しにくい,
card_9b534fc6,ネーレウス,なし,高,db_explicit_none,3,2,3,味方ユニットが場に出た後そのユニットの攻撃力+1、それが冒険者なら代わりに+1/+1,,v136分類: なし / 推定方法: db_explicit_none / 名前/説明だけでは系統なしと断定しにくい,
card_bcebacb6,バードファイター,なし,高,db_explicit_none,3,4,3,,https://gameconductor.com/dqrivals/wp-content/uploads/card_img_10.jpg,v136分類: なし / 推定方法: db_explicit_none / 名前/説明だけでは系統なしと断定しにくい,
card_51e3a4ad,パプリカン,なし,高,db_explicit_none,3,3,2,召喚時：味方ヒーローがいる場合装備中の武器を+1/+1,,v136分類: なし / 推定方法: db_explicit_none / 名前/説明だけでは系統なしと断定しにくい,
card_445c76b4,パペットマン,なし,高,db_explicit_none,3,5,4,召喚時：最大MPが1減る,,v136分類: なし / 推定方法: db_explicit_none / 名前/説明だけでは系統なしと断定しにくい,
card_e523e883,パープルオーブ,なし,高,db_explicit_none,3,0,0,オーブ以外の味方1マスの地形をオーブに変える。カードを1枚引く。このカードはコピーすることができない。,,v136分類: なし / 推定方法: db_explicit_none / 名前/説明だけでは系統なしと断定しにくい,
card_7898dbde,ヒッポキング,なし,高,db_explicit_none,3,2,4,貫通、敵リーダーのテンションが上がる度攻撃力+2,,v136分類: なし / 推定方法: db_explicit_none / 名前/説明だけでは系統なしと断定しにくい,
card_b6efc36d,ビッグフェイス,なし,高,db_explicit_none,3,3,3,におうだち,,v136分類: なし / 推定方法: db_explicit_none / 名前/説明だけでは系統なしと断定しにくい,
card_fa51cb1d,ビッグボック,なし,高,db_explicit_none,3,2,3,占い:(1)味方リーダーのテンション+1、このユニットのHP+1、(2)味方リーダーのテンション+2,,v136分類: なし / 推定方法: db_explicit_none / 名前/説明だけでは系統なしと断定しにくい,
card_297ab628,ファイアボール,なし,高,db_explicit_none,3,2,4,召喚時：GET(1)。BET：このターン中、味方リーダーが受けるダメージ-5。,,v136分類: なし / 推定方法: db_explicit_none / 名前/説明だけでは系統なしと断定しにくい,
card_c3063bd9,フォレストマスター,なし,高,db_explicit_none,3,2,3,召喚時：味方ヒーローがいない場合このターン中、次に使用する英雄カードのコスト-3。味方ヒーローがいる場合+1/+1,,v136分類: なし / 推定方法: db_explicit_none / 名前/説明だけでは系統なしと断定しにくい,
card_e2d91752,フロストギズモ,なし,高,db_explicit_none,3,2,4,召喚時：指定の敵マスに氷塊を1つ出す,,v136分類: なし / 推定方法: db_explicit_none / 名前/説明だけでは系統なしと断定しにくい,
card_b67e7f26,ブラウニー,なし,高,db_explicit_none,3,1,4,味方リーダーの攻撃で敵ユニットを倒す度攻撃力+2,,v136分類: なし / 推定方法: db_explicit_none / 名前/説明だけでは系統なしと断定しにくい,
card_a409c3cb,ブラッドレディ,なし,高,db_explicit_none,3,3,3,召喚時：ユニット1体に2ダメージ,,v136分類: なし / 推定方法: db_explicit_none / 名前/説明だけでは系統なしと断定しにくい,
card_02ebd665,ブルホーク,なし,高,db_explicit_none,3,3,2,占い:①自分のデッキから占いカードを1枚手札に加える ② 味方リーダーのテンション+2,,v136分類: なし / 推定方法: db_explicit_none / 名前/説明だけでは系統なしと断定しにくい,
card_d403b1ec,ブルーオーブ,なし,高,db_explicit_none,3,0,0,オーブ以外の味方1マスの地形をオーブに変える。カードを1枚引く。このカードはコピーすることができない。,,v136分類: なし / 推定方法: db_explicit_none / 名前/説明だけでは系統なしと断定しにくい,
card_528c2387,ヘルコンダクター,なし,高,db_explicit_none,3,1,4,召喚時：全ての敵ユニットの位置を前後入れ替える。スキルブースト:攻撃力+1,,v136分類: なし / 推定方法: db_explicit_none / 名前/説明だけでは系統なしと断定しにくい,
card_0c04ee8e,ベビーマジシャン,なし,高,db_explicit_none,3,2,3,死亡時:魔法陣にいる場合カードを2枚引く,,v136分類: なし / 推定方法: db_explicit_none / 名前/説明だけでは系統なしと断定しにくい,
card_ffdb7171,ホークマン,なし,高,db_explicit_none,3,4,2,ねらい撃ち,,v136分類: なし / 推定方法: db_explicit_none / 名前/説明だけでは系統なしと断定しにくい,
card_140f5c76,ボル&ブル,なし,高,db_explicit_none,3,3,2,2回攻撃,,v136分類: なし / 推定方法: db_explicit_none / 名前/説明だけでは系統なしと断定しにくい,
card_7f8b3f52,ポムポムボム,なし,高,db_explicit_none,3,2,4,占いカードを使う度速攻1/1のバブリンを出す,,v136分類: なし / 推定方法: db_explicit_none / 名前/説明だけでは系統なしと断定しにくい,
card_50e86ffa,マジカルハット,なし,高,db_explicit_none,3,1,3,他の味方ユニットに自分が特技を使う度その特技と同じ効果がこのユニットに対しても発動する。,,v136分類: なし / 推定方法: db_explicit_none / 名前/説明だけでは系統なしと断定しにくい,
card_58a07f93,マッドオックス,なし,高,db_explicit_none,3,2,3,召喚時：正面にいるランダムな敵ユニット1体に１ダメージを与える。スキルブースト:+1ダメージ,,v136分類: なし / 推定方法: db_explicit_none / 名前/説明だけでは系統なしと断定しにくい,
card_bf35ede9,マペットマン,なし,高,db_explicit_none,3,2,4,召喚時：味方ユニット1体にさくせんを出す,,v136分類: なし / 推定方法: db_explicit_none / 名前/説明だけでは系統なしと断定しにくい,
card_62320064,マポレーナ,なし,高,db_explicit_none,3,2,3,召喚時： 味方ユニット1体を+1/+1,,v136分類: なし / 推定方法: db_explicit_none / 名前/説明だけでは系統なしと断定しにくい,
card_f6155389,マージスター,なし,高,db_explicit_none,3,0,0,召喚時：全ての味方のHPを2回復,,v136分類: なし / 推定方法: db_explicit_none / 名前/説明だけでは系統なしと断定しにくい,
card_0afd4359,マージリンリン,なし,高,db_explicit_none,3,2,4,れんけい：におうだち1/3のフーセンドラゴンを1体出す,,v136分類: なし / 推定方法: db_explicit_none / 名前/説明だけでは系統なしと断定しにくい,
card_1deadf61,ミケまどう,なし,高,db_explicit_none,3,4,2,召喚時：後列にいるユニット1体に1ダメージ,,v136分類: なし / 推定方法: db_explicit_none / 名前/説明だけでは系統なしと断定しにくい,
card_5f6a3720,ミステリピラー,なし,高,db_explicit_none,3,4,3,召喚時：自分のデッキからコスト1以下のカードを1枚引く,,v136分類: なし / 推定方法: db_explicit_none / 名前/説明だけでは系統なしと断定しにくい,
card_6546b092,ミニデーモン,なし,高,db_explicit_none,3,2,2,召喚時：味方ヒーローがいる場合自分のデッキからコスト2の特技カードをランダムに1枚引く,,v136分類: なし / 推定方法: db_explicit_none / 名前/説明だけでは系統なしと断定しにくい,
card_42d3e59b,ミミック,なし,高,db_explicit_none,3,4,4,死亡時：相手はカードを引く,,v136分類: なし / 推定方法: db_explicit_none / 名前/説明だけでは系統なしと断定しにくい,
card_286c12aa,メイデンドール,なし,高,db_explicit_none,3,1,3,召喚時：味方ヒーローがいる場合敵ユニット1体を-2/-2,,v136分類: なし / 推定方法: db_explicit_none / 名前/説明だけでは系統なしと断定しにくい,
card_48f96c44,メガザルロック,なし,高,db_explicit_none,3,1,4,死亡時：コスト2以下のランダムな味方ユニット1体を復活させる,,v136分類: なし / 推定方法: db_explicit_none / 名前/説明だけでは系統なしと断定しにくい,
card_cc2b6076,メーダクイン,なし,高,db_explicit_none,3,2,4,お互いの手札にある本来のコストが0の特技カードのコスト+1,,v136分類: なし / 推定方法: db_explicit_none / 名前/説明だけでは系統なしと断定しにくい,
card_2afd4475,モグラの子分,なし,高,db_explicit_none,3,1,1,速攻、ターン終了時このユニットは死亡する、スキルブースト：攻撃力+1,,v136分類: なし / 推定方法: db_explicit_none / 名前/説明だけでは系統なしと断定しにくい,
card_abaa260f,ライノソルジャー,なし,高,db_explicit_none,3,4,2,スキルブースト：HP+1,,v136分類: なし / 推定方法: db_explicit_none / 名前/説明だけでは系統なしと断定しにくい,
card_2fcee116,レッドオーブ,なし,高,db_explicit_none,3,0,0,オーブ以外の味方1マスの地形をオーブに変える。カードを1枚引く。このカードはコピーすることができない。,,v136分類: なし / 推定方法: db_explicit_none / 名前/説明だけでは系統なしと断定しにくい,
card_1b19a9ac,妖魔軍王ブギー,なし,高,db_explicit_none,3,3,2,召喚時：敵の冒険者1体をこのユニットが場にいる間+2/+2して味方にする,,v136分類: なし / 推定方法: db_explicit_none / 名前/説明だけでは系統なしと断定しにくい,
card_5f8af18a,強欲なミミック,なし,高,db_explicit_none,3,2,4,召喚時：GET(1)、BET:攻撃力+1、死亡時:このユニットの攻撃力が4以上ならレジェンドレアカードを手札に1枚加える,,v136分類: なし / 推定方法: db_explicit_none / 名前/説明だけでは系統なしと断定しにくい,
card_0a058f8a,忠義の騎士アドン,なし,高,db_explicit_none,3,2,3,このカードはピサロナイトとしても扱う。召喚時:他の味方のピサロナイトの数分+1/+1を得る。,,v136分類: なし / 推定方法: db_explicit_none / 名前/説明だけでは系統なしと断定しにくい,
card_b4ffdc6a,支援のかれくさネズミ,なし,高,db_explicit_none,3,2,2,召喚時:味方リーダーが武器を装備していない場合+1/+1 味方リーダーにおどる宝石のそろばんを装備する 武器を装備している場合はぐれメタルを1体出す,,v136分類: なし / 推定方法: db_explicit_none / 名前/説明だけでは系統なしと断定しにくい,
card_1b26c04f,旅立ちの王女,なし,高,db_explicit_none,3,0,0,選択：・全てのユニットに1ダメージ・特技カードをランダムに1枚手札に加える。このターン中使った特技カードのコストの合計分コストが減る,,v136分類: なし / 推定方法: db_explicit_none / 名前/説明だけでは系統なしと断定しにくい,
card_9932fa8b,残響のようじゅつし,なし,高,db_explicit_none,3,2,3,召喚時：耐戦中に自分が使った特技カード1枚を手札に加える。自分の手札にある対戦中に自分が使用した特技カードと同じカードのコスト-1,,v136分類: なし / 推定方法: db_explicit_none / 名前/説明だけでは系統なしと断定しにくい,
card_1d71bd61,畏怖すべき王,なし,高,db_explicit_none,3,0,0,おうえん、味方リーダーのHPを5回復、全ての敵ユニットを封印する,,v136分類: なし / 推定方法: db_explicit_none / 名前/説明だけでは系統なしと断定しにくい,
card_901c5732,群れなすよるのていおう,なし,高,db_explicit_none,3,2,2,召喚時:群れなるよるのていおうを1体出す,,v136分類: なし / 推定方法: db_explicit_none / 名前/説明だけでは系統なしと断定しにくい,
card_2b361299,豊作のじんめんじゅ,なし,高,db_explicit_none,3,1,4,ステルス、自分のターン終了時1/1のガップリンを1体出す。このユニットは1ダメージを受ける,,v136分類: なし / 推定方法: db_explicit_none / 名前/説明だけでは系統なしと断定しにくい,
card_f9087fd7,豪腕王アントン,なし,高,db_explicit_none,3,2,4,絶好調、貫通、におうだち、このユニットが絶好調状態なら攻撃力+2を得る,,v136分類: なし / 推定方法: db_explicit_none / 名前/説明だけでは系統なしと断定しにくい,
card_b4a5ff7d,鏡像のマネマネ,なし,高,db_explicit_none,3,3,2,速攻、れんけい：次の1回のみ味方リーダーのテンションスキルは敵リーダーと同じテンションスキルになる,,v136分類: なし / 推定方法: db_explicit_none / 名前/説明だけでは系統なしと断定しにくい,
card_d35930e1,闇のクリスタル,なし,高,db_explicit_none,3,0,3,攻撃できない。自分のターン終了時このユニットの正面にいる全ての敵ユニットと敵リーダーに2ダメージ。,,v136分類: なし / 推定方法: db_explicit_none / 名前/説明だけでは系統なしと断定しにくい,
card_41616b9f,韋駄天のドラまさ,なし,高,db_explicit_none,3,2,3,絶好調、速攻、ねらい撃ち このユニットが敵リーダーを攻撃した時絶好調状態ならカードを1枚引く,,v136分類: なし / 推定方法: db_explicit_none / 名前/説明だけでは系統なしと断定しにくい,
card_1e6a7f8a,あらくれチャッピー,なし,高,db_explicit_none,4,3,2,召喚時：ユニット1体に2ダメージ,,v136分類: なし / 推定方法: db_explicit_none / 名前/説明だけでは系統なしと断定しにくい,
card_d8ea0146,うみぼうず,なし,高,db_explicit_none,4,3,3,ステルス、スキルブースト:攻撃力+1,,v136分類: なし / 推定方法: db_explicit_none / 名前/説明だけでは系統なしと断定しにくい,
card_02f68fb2,かえんムカデ,なし,高,db_explicit_none,4,2,2,召喚時:地形マスに召喚された場合他の全てのユニットに2ダメージ,,v136分類: なし / 推定方法: db_explicit_none / 名前/説明だけでは系統なしと断定しにくい,
card_bbd9ea7b,きとうし,なし,高,db_explicit_none,4,4,4,特技ダメージ+1,,v136分類: なし / 推定方法: db_explicit_none / 名前/説明だけでは系統なしと断定しにくい,
card_5ecc885f,きりさきピエロ,なし,高,db_explicit_none,4,4,4,召喚時：敵ユニット1体につき武術カード1枚を手札に加える。,,v136分類: なし / 推定方法: db_explicit_none / 名前/説明だけでは系統なしと断定しにくい,
card_af5967db,くびかりぞく,なし,高,db_explicit_none,4,4,4,味方リーダーの攻撃で敵ユニットを倒す度味方リーダーのテンション+1,,v136分類: なし / 推定方法: db_explicit_none / 名前/説明だけでは系統なしと断定しにくい,
card_11ddc5e0,ぐんたいガニ,なし,高,db_explicit_none,4,3,3,自分のターン開始時このユニットの前後にぐんたいガニを出す,https://gameconductor.com/dqrivals/wp-content/uploads/card_img_24.jpg,v136分類: なし / 推定方法: db_explicit_none / 名前/説明だけでは系統なしと断定しにくい,
card_9e4a118c,ごくらくちょう,なし,高,db_explicit_none,4,4,4,シンクロ:①HP+1、②ねらい撃ち、③死亡時:味方リーダーのHPを3回復、敵リーダーに3ダメージ,,v136分類: なし / 推定方法: db_explicit_none / 名前/説明だけでは系統なしと断定しにくい,
card_9e1023b9,ごろつき,なし,高,db_explicit_none,4,4,3,召喚時：自分のデッキから攻撃力1のユニットを1枚引く,,v136分類: なし / 推定方法: db_explicit_none / 名前/説明だけでは系統なしと断定しにくい,
card_fa02a271,さんぞくウルフ,なし,高,db_explicit_none,4,5,4,味方リーダーの攻撃で敵ユニットを倒す度敵リーダーに2ダメージ,,v136分類: なし / 推定方法: db_explicit_none / 名前/説明だけでは系統なしと断定しにくい,
card_428d41c0,じごくのざりがに,なし,高,db_explicit_none,4,3,6,味方のピサロナイトが場に出る度味方リーダーのHPを2回復する,,v136分類: なし / 推定方法: db_explicit_none / 名前/説明だけでは系統なしと断定しにくい,
card_6a23f024,じごくのばんけん,なし,高,db_explicit_none,4,2,4,2回攻撃、隣接している味方建物の数分攻撃力+1,,v136分類: なし / 推定方法: db_explicit_none / 名前/説明だけでは系統なしと断定しにくい,
card_9ddf066e,じごくのもんばん,なし,高,db_explicit_none,4,4,4,召喚時：敵ユニット1体をこのユニットの正面に移動させる,,v136分類: なし / 推定方法: db_explicit_none / 名前/説明だけでは系統なしと断定しにくい,
card_9cf1df5d,ずしおうまる,なし,高,db_explicit_none,4,3,5,敵リーダーのテンションが上がる度敵リーダーに3ダメージ,,v136分類: なし / 推定方法: db_explicit_none / 名前/説明だけでは系統なしと断定しにくい,
card_125e938d,せかいじゅのは,なし,高,db_explicit_none,4,0,0,コストが最も高いランダムな味方ユニット1体を指定の味方マスに復活させる,,v136分類: なし / 推定方法: db_explicit_none / 名前/説明だけでは系統なしと断定しにくい,
card_3b83de7d,たてまじん,なし,高,db_explicit_none,4,3,6,前列にいる場合味方リーダーが受けるダメージ-1,,v136分類: なし / 推定方法: db_explicit_none / 名前/説明だけでは系統なしと断定しにくい,
card_96e3bdd2,てっこうまじん,なし,高,db_explicit_none,4,3,5,味方が持つメタルボディはハードメタルボディに強化される,,v136分類: なし / 推定方法: db_explicit_none / 名前/説明だけでは系統なしと断定しにくい,
card_ad086f39,ともしびこぞう,なし,高,db_explicit_none,4,3,5,死亡時：ランダムな敵1体に2ダメージ、スキルブースト:+1ダメージ,,v136分類: なし / 推定方法: db_explicit_none / 名前/説明だけでは系統なしと断定しにくい,
card_2d49ba50,はらわたを食らう,なし,高,db_explicit_none,4,0,0,敵ユニット1体を消滅させる。味方リーダーのHPを3回復,,v136分類: なし / 推定方法: db_explicit_none / 名前/説明だけでは系統なしと断定しにくい,
card_5541ecb4,ぶっちズキーニャ,なし,高,db_explicit_none,4,3,5,貫通、召喚時：自分の場にある地形の数分攻撃力+1,,v136分類: なし / 推定方法: db_explicit_none / 名前/説明だけでは系統なしと断定しにくい,
card_895d67be,ほのおのせんし,なし,高,db_explicit_none,4,4,3,召喚時：前列に召喚した場合味方ヒーローがいるなら１マス前にいる敵ユニットに4ダメージ,,v136分類: なし / 推定方法: db_explicit_none / 名前/説明だけでは系統なしと断定しにくい,
card_e3e69707,まほうじじい,なし,高,db_explicit_none,4,4,4,味方ヒーローのヒーロースキルはコストが1下がる,,v136分類: なし / 推定方法: db_explicit_none / 名前/説明だけでは系統なしと断定しにくい,
card_83b14001,ようがんげんじん,なし,高,db_explicit_none,4,4,3,ステルス、召喚時：このユニットにさくせんを出す,,v136分類: なし / 推定方法: db_explicit_none / 名前/説明だけでは系統なしと断定しにくい,
card_7bc0540b,アイスボンバー,なし,高,db_explicit_none,4,3,3,ねらい撃ち。召喚時：相手の場に氷塊があるなら+2/+2,,v136分類: なし / 推定方法: db_explicit_none / 名前/説明だけでは系統なしと断定しにくい,
card_90ff25ad,アサシンクロー,なし,高,db_explicit_none,4,5,4,召喚時：GET(1)。BET：武術カードを1枚手札に加える。,,v136分類: なし / 推定方法: db_explicit_none / 名前/説明だけでは系統なしと断定しにくい,
card_4e29b0ba,アルミラージ,なし,高,db_explicit_none,4,3,3,速攻,,v136分類: なし / 推定方法: db_explicit_none / 名前/説明だけでは系統なしと断定しにくい,
card_db46b9b9,イーブルフライ,なし,高,db_explicit_none,4,3,4,召喚時：ユニット1体の攻撃力をHPと同じ値にする,,v136分類: なし / 推定方法: db_explicit_none / 名前/説明だけでは系統なしと断定しにくい,
card_4879b13c,ウィングタイガー,なし,高,db_explicit_none,4,4,5,召喚時：味方ヒーローがいる場合敵ユニット1体の攻撃力を-2,,v136分類: なし / 推定方法: db_explicit_none / 名前/説明だけでは系統なしと断定しにくい,
card_87807d75,エッグラ&チキーラ,なし,高,db_explicit_none,4,4,5,召喚時：タマゴかニワトリどちらが偉いと思うかを選ぶ。次のターン開始時相手にどちらを選んだか当てられなかった場合選んだ効果が発動する。,,v136分類: なし / 推定方法: db_explicit_none / 名前/説明だけでは系統なしと断定しにくい,
card_45a4d7c5,エビルチクリン,なし,高,db_explicit_none,4,2,6,におうだち、召喚時：味方ユニット1体ににおうだちを付与する,,v136分類: なし / 推定方法: db_explicit_none / 名前/説明だけでは系統なしと断定しにくい,
card_43b1333a,オークキング,なし,高,db_explicit_none,4,4,4,貫通、召喚時：HPを2回復,,v136分類: なし / 推定方法: db_explicit_none / 名前/説明だけでは系統なしと断定しにくい,
card_e193a637,オークデビル,なし,高,db_explicit_none,4,3,6,自分のターン中味方リーダーはダメージを受けない,,v136分類: なし / 推定方法: db_explicit_none / 名前/説明だけでは系統なしと断定しにくい,
card_33240730,カーディナルナイト,なし,高,db_explicit_none,4,4,4,召喚時：敵リーダーが持つパワフルバッジの効果をランダムで１つ消す,,v136分類: なし / 推定方法: db_explicit_none / 名前/説明だけでは系統なしと断定しにくい,
card_fc69214d,ガーゴイル,なし,高,db_explicit_none,4,4,3,ねらい撃ち、おうえん,,v136分類: なし / 推定方法: db_explicit_none / 名前/説明だけでは系統なしと断定しにくい,
card_1df09d65,キラーパンサー,なし,高,db_explicit_none,4,4,4,召喚時：敵ユニットが3体以上いる場合速攻を得る,https://gameconductor.com/dqrivals/wp-content/uploads/card_img_26.jpg,v136分類: なし / 推定方法: db_explicit_none / 名前/説明だけでは系統なしと断定しにくい,
card_01055fc8,キラーピッケル,なし,高,db_explicit_none,4,4,4,召喚時：このターン中味方リーダーのテンションと同じだけユニット1体の攻撃力を上げる。,,v136分類: なし / 推定方法: db_explicit_none / 名前/説明だけでは系統なしと断定しにくい,
card_8c131215,キラーファング,なし,高,db_explicit_none,4,3,6,このユニットが移動する度2/-1,,v136分類: なし / 推定方法: db_explicit_none / 名前/説明だけでは系統なしと断定しにくい,
card_0f94fe18,グレイトボンバー,なし,高,db_explicit_none,4,2,4,におうだち、死亡時：味方ヒーローがいるなら全てのユニットに2ダメージ,,v136分類: なし / 推定方法: db_explicit_none / 名前/説明だけでは系統なしと断定しにくい,
card_f43d58ae,コトブキーノ,なし,高,db_explicit_none,4,3,2,召喚時：自分のデッキから特技カードをランダムに1枚手札に加える。自分の場に冒険者がいるなら代わりに2枚手札に加える。,,v136分類: なし / 推定方法: db_explicit_none / 名前/説明だけでは系統なしと断定しにくい,
card_a6b1ecce,コンガオンガ,なし,高,db_explicit_none,4,3,4,れんけい：攻撃力が6以上の敵ユニット1体を消滅させる。そのユニットと同じ使用コストのランダムなユニットカード1枚を相手の手札に加える。,,v136分類: なし / 推定方法: db_explicit_none / 名前/説明だけでは系統なしと断定しにくい,
card_dd118670,コングヘッド,なし,高,db_explicit_none,4,4,3,前後にいる味方ユニットの攻撃力+2,,v136分類: なし / 推定方法: db_explicit_none / 名前/説明だけでは系統なしと断定しにくい,
card_7010d95b,ゴルドン,なし,高,db_explicit_none,4,2,5,におうだち、召喚時：自分のデッキからコスト2以下の建物カードを1枚引く。そのカードのコストを-1,,v136分類: なし / 推定方法: db_explicit_none / 名前/説明だけでは系統なしと断定しにくい,
card_ac550afd,ゴンズ,なし,高,db_explicit_none,4,2,4,おうえん、におうだち。召喚時：相手の手札が6枚以上なら+2/+2,,v136分類: なし / 推定方法: db_explicit_none / 名前/説明だけでは系統なしと断定しにくい,
card_7f903bbc,サイコロン,なし,高,db_explicit_none,4,3,3,召喚時：味方ヒーローがいる場合合計5ダメージをこのユニット以外のランダムなユニットに割り振る,,v136分類: なし / 推定方法: db_explicit_none / 名前/説明だけでは系統なしと断定しにくい,
card_dd4e120b,サイレス,なし,高,db_explicit_none,4,3,3,召喚時：ユニット1体を封印する,,v136分類: なし / 推定方法: db_explicit_none / 名前/説明だけでは系統なしと断定しにくい,
card_f8c88241,シルバーデビル,なし,高,db_explicit_none,4,3,3,ねらい撃ち、2回攻撃,,v136分類: なし / 推定方法: db_explicit_none / 名前/説明だけでは系統なしと断定しにくい,
card_83cf917e,シールドオーガ,なし,高,db_explicit_none,4,4,4,召喚時：味方リーダーのHPが15以下の場合+2/+2とにおうだちを得る,https://gameconductor.com/dqrivals/wp-content/uploads/card_img_28.jpg,v136分類: なし / 推定方法: db_explicit_none / 名前/説明だけでは系統なしと断定しにくい,
card_43d040dc,ジャミ,なし,高,db_explicit_none,4,5,4,召喚時：相手の手札が6枚以上ある場合、縦1列にいる全ての敵ユニットを次のターン終了時まで攻撃不能にする。,,v136分類: なし / 推定方法: db_explicit_none / 名前/説明だけでは系統なしと断定しにくい,
card_11641207,ジラフマスター,なし,高,db_explicit_none,4,3,5,攻撃時:GET(1)、BET:以下の効果からランダムに1つ発動する (1)攻撃力+1 (2)HP+1 (3)このターン中2回攻撃を得る,,v136分類: なし / 推定方法: db_explicit_none / 名前/説明だけでは系統なしと断定しにくい,
card_71619353,ダンビラムーチョ,なし,高,db_explicit_none,4,3,5,テンションリンク：ランダムな味方ユニット1体の攻撃力+1,,v136分類: なし / 推定方法: db_explicit_none / 名前/説明だけでは系統なしと断定しにくい,
card_fd9a621e,チョメ,なし,高,db_explicit_none,4,3,3,速攻,,v136分類: なし / 推定方法: db_explicit_none / 名前/説明だけでは系統なしと断定しにくい,
card_5b82d953,デスケルト,なし,高,db_explicit_none,4,3,6,召喚時：味方ユニット1体を手札に戻す,,v136分類: なし / 推定方法: db_explicit_none / 名前/説明だけでは系統なしと断定しにくい,
card_078c4d8f,デスセイレス,なし,高,db_explicit_none,4,4,5,召喚時：全ての味方ユニットを絶好調状態に戻す,,v136分類: なし / 推定方法: db_explicit_none / 名前/説明だけでは系統なしと断定しにくい,
card_756c592e,デスニャーゴ,なし,高,db_explicit_none,4,4,4,死亡時:1/1のプリズニャンを1体出す。スキルブースト:+1体,,v136分類: なし / 推定方法: db_explicit_none / 名前/説明だけでは系統なしと断定しにくい,
card_1ed773cb,デスマエストロ,なし,高,db_explicit_none,4,4,4,召喚時:このターン中攻撃力1以下の敵ユニット1体を味方にして速攻を付与する。,,v136分類: なし / 推定方法: db_explicit_none / 名前/説明だけでは系統なしと断定しにくい,
card_23452a9f,デスマーキュリー,なし,高,db_explicit_none,4,4,4,召喚時:指定のマスの地形を天啓の神域に変える。 この効果で地形の上書きはできない。,,v136分類: なし / 推定方法: db_explicit_none / 名前/説明だけでは系統なしと断定しにくい,
card_d0e31623,デビルプリンス,なし,高,db_explicit_none,4,4,4,死亡時:正面にいるランダムな敵ユニット1体を死亡させる,,v136分類: なし / 推定方法: db_explicit_none / 名前/説明だけでは系統なしと断定しにくい,
card_4b08d696,デビルロード,なし,高,db_explicit_none,4,4,5,2回攻撃、ねらい撃ち、このユニットが敵リーダーを攻撃した後「このターン中敵リーダーを攻撃できない」を得る,,v136分類: なし / 推定方法: db_explicit_none / 名前/説明だけでは系統なしと断定しにくい,
card_c612bd27,デュランダル,なし,高,db_explicit_none,4,4,4,パワフルバッジ：自分の手札にあるメタルボディもしくはハードメタルボディを持つユニットカードと武器のカード残すと-1,,v136分類: なし / 推定方法: db_explicit_none / 名前/説明だけでは系統なしと断定しにくい,
card_62a3fe56,トンブレロ,なし,高,db_explicit_none,4,4,3,召喚時：味方ヒーローがいる場合味方ユニット1体を+2/+2,,v136分類: なし / 推定方法: db_explicit_none / 名前/説明だけでは系統なしと断定しにくい,
card_d9f0a8af,ドルイド,なし,高,db_explicit_none,4,3,6,召喚時：対戦中に使った特技カード1枚を自分のデッキの一番上に置く。,,v136分類: なし / 推定方法: db_explicit_none / 名前/説明だけでは系統なしと断定しにくい,
card_7db6baa1,ドンホセ,なし,高,db_explicit_none,4,3,4,召喚時：相手の職業のランダムなレジェンドレアカード3枚から1枚選び手札に加える。死亡時:手札にある自分のデッキに入っていなかったユニットカードを+1/+1,,v136分類: なし / 推定方法: db_explicit_none / 名前/説明だけでは系統なしと断定しにくい,
card_744477b6,ハッスルじじい,なし,高,db_explicit_none,4,3,4,パワフルバッジ：冒険者の味方ユニットを+1/+1,,v136分類: なし / 推定方法: db_explicit_none / 名前/説明だけでは系統なしと断定しにくい,
card_12edc6c3,バリクナジャ,なし,高,db_explicit_none,4,3,5,このユニットの攻撃で敵ユニットを倒す度味方リーダーのテンション+1,,v136分類: なし / 推定方法: db_explicit_none / 名前/説明だけでは系統なしと断定しにくい,
card_c55ba7bd,バル&ベル,なし,高,db_explicit_none,4,2,6,自分のターン開始時ボル&ブルが自分の場にいる場合合体してバブルボブルになる。,,v136分類: なし / 推定方法: db_explicit_none / 名前/説明だけでは系統なしと断定しにくい,
card_2eee974a,ビックアイ,なし,高,db_explicit_none,4,3,4,召喚時：自分の場に冒険者がいるなら横一列にいる全ての敵ユニットに2ダメージ,,v136分類: なし / 推定方法: db_explicit_none / 名前/説明だけでは系統なしと断定しにくい,
card_edc7cece,ファラリスブル,なし,高,db_explicit_none,4,4,4,召喚時：味方リーダーが装備中の武器の耐久力+1、対戦中に味方建物が3つ以上出ていたら代わりに味方リーダーが装備中の武器を+1/+2,,v136分類: なし / 推定方法: db_explicit_none / 名前/説明だけでは系統なしと断定しにくい,
card_5a66688e,フェイスボール,なし,高,db_explicit_none,4,4,3,ステルス、れんけい：次の相手のターン終了時まで味方リーダーが受けるダメージ-2,,v136分類: なし / 推定方法: db_explicit_none / 名前/説明だけでは系統なしと断定しにくい,
card_c762c140,フライングデス,なし,高,db_explicit_none,4,4,4,召喚時：自分の場に空きマスがあるなら味方ユニットを1体死亡させた後自分のデッキからそのユニットと同じコストを持つユニットを1体出す,,v136分類: なし / 推定方法: db_explicit_none / 名前/説明だけでは系統なしと断定しにくい,
card_8cc03c96,ブラックベジター,なし,高,db_explicit_none,4,2,2,召喚時：味方建物があるなら他のすべてのユニットに2ダメージ,,v136分類: なし / 推定方法: db_explicit_none / 名前/説明だけでは系統なしと断定しにくい,
card_9f17bc20,ブラッドミスト,なし,高,db_explicit_none,4,1,6,ステルス、スキルブースト:攻撃力+1,,v136分類: なし / 推定方法: db_explicit_none / 名前/説明だけでは系統なしと断定しにくい,
card_b460061c,ブラバニクイーン,なし,高,db_explicit_none,4,4,2,シンクロ：①貫通、②速攻、③攻撃力+1,,v136分類: なし / 推定方法: db_explicit_none / 名前/説明だけでは系統なしと断定しにくい,
card_b210a280,ブルサベージ,なし,高,db_explicit_none,4,2,6,絶好調、絶好調状態のユニットが攻撃する度このユニットの攻撃力+2,,v136分類: なし / 推定方法: db_explicit_none / 名前/説明だけでは系統なしと断定しにくい,
card_efc24be5,ブルベリーノ,なし,高,db_explicit_none,4,4,3,召喚時：カードを1枚引く,,v136分類: なし / 推定方法: db_explicit_none / 名前/説明だけでは系統なしと断定しにくい,
card_d0a61d1f,プリーストナイト,なし,高,db_explicit_none,4,3,5,召喚時：ダメージを受けているランダムな味方1体のHPを3回復,https://gameconductor.com/dqrivals/wp-content/uploads/card_img_27.jpg,v136分類: なし / 推定方法: db_explicit_none / 名前/説明だけでは系統なしと断定しにくい,
card_f349b0e0,ヘルパイレーツ,なし,高,db_explicit_none,4,3,5,召喚時：自分のデッキと手札にある絶好調を持つカードのコスト-1,,v136分類: なし / 推定方法: db_explicit_none / 名前/説明だけでは系統なしと断定しにくい,
card_865d7b2b,ヘルプラネット,なし,高,db_explicit_none,4,3,4,におうだち。れんけい：自分が次に使う占いカード1枚のみ効果が両方発動する。,,v136分類: なし / 推定方法: db_explicit_none / 名前/説明だけでは系統なしと断定しにくい,
card_f0ff5c53,ヘルボックル,なし,高,db_explicit_none,4,4,4,召喚時:1/1のきりかぶこぞう1体を指定の味方マスに出す,,v136分類: なし / 推定方法: db_explicit_none / 名前/説明だけでは系統なしと断定しにくい,
card_2726b6c6,ベビル,なし,高,db_explicit_none,4,4,4,召喚時：縦1列にいる全ての敵ユニットに1ダメージ,,v136分類: なし / 推定方法: db_explicit_none / 名前/説明だけでは系統なしと断定しにくい,
card_7008ea88,ベビーゴイル,なし,高,db_explicit_none,4,4,4,召喚時：お互いのデッキにランダムな2コストの特技カードを3枚加える,,v136分類: なし / 推定方法: db_explicit_none / 名前/説明だけでは系統なしと断定しにくい,
card_1a74c072,ベルザブル,なし,高,db_explicit_none,4,3,5,テンションリンク:このユニットは1ダメージを受ける。その後このユニットのHPが1以上あるならカードを1枚引く,,v136分類: なし / 推定方法: db_explicit_none / 名前/説明だけでは系統なしと断定しにくい,
card_98b3bd16,ベルフェゴル,なし,高,db_explicit_none,4,3,5,自分が占いを持つ手札を使う度+1/+1,,v136分類: なし / 推定方法: db_explicit_none / 名前/説明だけでは系統なしと断定しにくい,
card_e7f8c5b2,ベロベロ,なし,高,db_explicit_none,4,2,2,れんけい：+1/+1。召喚時と自分のターン終了時に、このユニットの前後にコピーを出す。,,v136分類: なし / 推定方法: db_explicit_none / 名前/説明だけでは系統なしと断定しにくい,
card_649eb3ba,ホースデビル,なし,高,db_explicit_none,4,4,4,,,v136分類: なし / 推定方法: db_explicit_none / 名前/説明だけでは系統なしと断定しにくい,
card_0a9eb550,マグマロン,なし,高,db_explicit_none,4,2,5,召喚時：GET(1)、BET:攻撃力+1と「次の相手のターン終了時まで効果の対象にならない」を得る,,v136分類: なし / 推定方法: db_explicit_none / 名前/説明だけでは系統なしと断定しにくい,
card_af131657,マージマタンゴ,なし,高,db_explicit_none,4,2,7,召喚時:HPを3回復,,v136分類: なし / 推定方法: db_explicit_none / 名前/説明だけでは系統なしと断定しにくい,
card_33bd80ef,ムーンキメラ,なし,高,db_explicit_none,4,5,4,召喚時：後列にいる全ての敵ユニットを前列に移動させる。,,v136分類: なし / 推定方法: db_explicit_none / 名前/説明だけでは系統なしと断定しにくい,
card_aef91017,ムーンフェイス,なし,高,db_explicit_none,4,5,4,召喚時：敵ヒーローのレベルを1下げる,,v136分類: なし / 推定方法: db_explicit_none / 名前/説明だけでは系統なしと断定しにくい,
card_95df71a4,メダルにゃん,なし,高,db_explicit_none,4,5,4,召喚時：カードを2枚引いた後自分の手札から2枚選んで捨てる,,v136分類: なし / 推定方法: db_explicit_none / 名前/説明だけでは系統なしと断定しにくい,
card_f8b1a025,メッサーラ,なし,高,db_explicit_none,4,3,4,召喚時：縦1列にいる全ての敵ユニットに1ダメージ,,v136分類: なし / 推定方法: db_explicit_none / 名前/説明だけでは系統なしと断定しにくい,
card_6a6f2191,メーダロード,なし,高,db_explicit_none,4,4,4,相手が特技を使う度その効果が発動する前に味方リーダーのHPを3回復,,v136分類: なし / 推定方法: db_explicit_none / 名前/説明だけでは系統なしと断定しにくい,
card_4ece55e1,ヨージス,なし,高,db_explicit_none,4,2,4,味方建物の数分手札にあるこのカードのコスト-1,,v136分類: なし / 推定方法: db_explicit_none / 名前/説明だけでは系統なしと断定しにくい,
card_33613a86,ラリホービートル,なし,高,db_explicit_none,4,3,6,召喚時：味方ヒーローがいる場合敵ユニット1体を次のターン終了時まで攻撃不能にする。,,v136分類: なし / 推定方法: db_explicit_none / 名前/説明だけでは系統なしと断定しにくい,
card_88bf04ae,リビングスタチュー,なし,高,db_explicit_none,4,3,5,におうだち,https://gameconductor.com/dqrivals/wp-content/uploads/card_img_11.jpg,v136分類: なし / 推定方法: db_explicit_none / 名前/説明だけでは系統なしと断定しにくい,
card_ca4d3bc7,ルバンカ,なし,高,db_explicit_none,4,5,3,におうだち。召喚時：デッキの一番上が偶数コストならGET(2)。BET：HP+1,,v136分類: なし / 推定方法: db_explicit_none / 名前/説明だけでは系統なしと断定しにくい,
card_105828a9,レッサーデーモン,なし,高,db_explicit_none,4,3,5,テンションリンク：お互いのデッキの一番上にあるカードを比べ、コストが高い方のリーダーに1ダメージ。 ランダムな位置にカードを戻す。 スキルブースト：+1ダメージ,,v136分類: なし / 推定方法: db_explicit_none / 名前/説明だけでは系統なしと断定しにくい,
card_15c67702,ワンダーフール,なし,高,db_explicit_none,4,4,4,召喚時：デッキの一番上のカードのコストが奇数なら+1/+1と貫通を得る。偶数なら-1/-1とにおうだちを得る,,v136分類: なし / 推定方法: db_explicit_none / 名前/説明だけでは系統なしと断定しにくい,
card_fb3d75b3,修練のたてまじん,なし,高,db_explicit_none,4,3,5,におうだち、召喚時：味方リーダーが武器を装備している場合このユニットにさくせんを出す,,v136分類: なし / 推定方法: db_explicit_none / 名前/説明だけでは系統なしと断定しにくい,
card_15820bca,強奪のくびかりぞく,なし,高,db_explicit_none,4,3,5,召喚時：味方リーダーのテンションが2以上あるならこのユニットにさくせんを出す。このユニットの攻撃で敵ユニットが死亡する度カードを1枚引く,,v136分類: なし / 推定方法: db_explicit_none / 名前/説明だけでは系統なしと断定しにくい,
card_b51a99fe,神鳥の杖,なし,高,db_explicit_none,4,0,1,味方リーダーは攻撃できない、自分が特技カードを使うたび3/2のシャドーを出す,,v136分類: なし / 推定方法: db_explicit_none / 名前/説明だけでは系統なしと断定しにくい,
card_e718ff50,若葉の精霊,なし,高,db_explicit_none,4,4,4,召喚時:地形マスに召喚された場合カードを1枚引く,,v136分類: なし / 推定方法: db_explicit_none / 名前/説明だけでは系統なしと断定しにくい,
card_c8b44f81,飛翔のガーゴイル,なし,高,db_explicit_none,4,3,4,おうえん、ねらい撃ち。召喚時：自分の手札に特技カードがあるならこのユニットにさくせんを出す,,v136分類: なし / 推定方法: db_explicit_none / 名前/説明だけでは系統なしと断定しにくい,
card_94b44545,あんこくまどう,なし,高,db_explicit_none,5,3,6,におうだち、召喚時：敵リーダーが持つパワフルバッジの効果をランダムで２つ消す。その場合+1/+1を得る。,,v136分類: なし / 推定方法: db_explicit_none / 名前/説明だけでは系統なしと断定しにくい,
card_c0e5dcc1,うごくせきぞう,なし,高,db_explicit_none,5,6,7,正面に敵ユニットが1体もいない場合攻撃できない,,v136分類: なし / 推定方法: db_explicit_none / 名前/説明だけでは系統なしと断定しにくい,
card_82fa2f94,おどるほうせき,なし,高,db_explicit_none,5,1,1,このユニットに自分が特技を使う度カードを1枚引く,,v136分類: なし / 推定方法: db_explicit_none / 名前/説明だけでは系統なしと断定しにくい,
card_725483e4,おばけトマト,なし,高,db_explicit_none,5,4,4,占い：(1)敵ユニット1体の攻撃力を1にする、(2)敵ユニット1体のHPを1にする,,v136分類: なし / 推定方法: db_explicit_none / 名前/説明だけでは系統なしと断定しにくい,
card_d03c81e0,かみさま,なし,高,db_explicit_none,5,3,5,自分のターン終了時以下の効果からランダムに1つ発動する(1)カードを2枚引く(2)味方リーダーのテンション+3(3)他のすべての味方のHPを4回復,,v136分類: なし / 推定方法: db_explicit_none / 名前/説明だけでは系統なしと断定しにくい,
card_099f2e9c,くもの大王,なし,高,db_explicit_none,5,5,5,召喚時：次のターン相手プレイヤーはテンションスキルを使用できない,,v136分類: なし / 推定方法: db_explicit_none / 名前/説明だけでは系統なしと断定しにくい,
card_72848502,くらやみにゅうどう,なし,高,db_explicit_none,5,5,5,召喚時:次の相手のターン中敵のヒーロースキルは使用できず発動もしない,,v136分類: なし / 推定方法: db_explicit_none / 名前/説明だけでは系統なしと断定しにくい,
card_d7429ebd,けがれの渦,なし,高,db_explicit_none,5,4,4,におうだち、死亡時：全てのユニットを毒にする,,v136分類: なし / 推定方法: db_explicit_none / 名前/説明だけでは系統なしと断定しにくい,
card_8e319e73,さまようよろい,なし,高,db_explicit_none,5,4,3,召喚時：前列に召喚した場合ホイミスライムを後ろに出す,,v136分類: なし / 推定方法: db_explicit_none / 名前/説明だけでは系統なしと断定しにくい,
card_7fcacd81,じごくのよろい,なし,高,db_explicit_none,5,3,2,召喚時&死亡時:ピサロナイトを1体出す。スキルブースト:攻撃力+1,,v136分類: なし / 推定方法: db_explicit_none / 名前/説明だけでは系統なしと断定しにくい,
card_c55c6537,とうだいタイガー,なし,高,db_explicit_none,5,4,4,れんけい：攻撃力3以下の敵ユニット1体を相手の手札に戻す。,,v136分類: なし / 推定方法: db_explicit_none / 名前/説明だけでは系統なしと断定しにくい,
card_839263c1,ひくいどり,なし,高,db_explicit_none,5,6,4,貫通,,v136分類: なし / 推定方法: db_explicit_none / 名前/説明だけでは系統なしと断定しにくい,
card_06c05da2,もみじこぞう,なし,高,db_explicit_none,5,2,2,召喚時：2/2のもみじこぞうを1体出す。スキルブースト:+1体,,v136分類: なし / 推定方法: db_explicit_none / 名前/説明だけでは系統なしと断定しにくい,
card_6fa5d265,アイアンナイト,なし,高,db_explicit_none,5,3,6,におうだち、死亡時：ランダムな味方ユニット1体を味方ヒーローのレベルの数分+1/+1,,v136分類: なし / 推定方法: db_explicit_none / 名前/説明だけでは系統なしと断定しにくい,
card_73fdd471,アカリリス,なし,高,db_explicit_none,5,2,3,このユニットが移動する度速攻2/1のいっかくうさぎを出す,,v136分類: なし / 推定方法: db_explicit_none / 名前/説明だけでは系統なしと断定しにくい,
card_c17e7d1c,アデン,なし,高,db_explicit_none,5,3,6,におうだち、召喚時：味方建物１つの耐久値+1、そうした場合攻撃力+2を得る,,v136分類: なし / 推定方法: db_explicit_none / 名前/説明だけでは系統なしと断定しにくい,
card_b2ce9309,アームライオン,なし,高,db_explicit_none,5,3,4,絶好調、絶好調状態の味方ユニットは速攻を得る,,v136分類: なし / 推定方法: db_explicit_none / 名前/説明だけでは系統なしと断定しにくい,
card_9b411f81,インプケイオス,なし,高,db_explicit_none,5,4,5,召喚時：敵ユニット1体に1ダメージ。自分のデッキの一番上のカードのコストが偶数なら代わりに3ダメージ与えた後味方リーダーのHPを3回復,,v136分類: なし / 推定方法: db_explicit_none / 名前/説明だけでは系統なしと断定しにくい,
card_6b11ada1,エリミネーター,なし,高,db_explicit_none,5,5,3,前列にいる場合他の味方ユニットが死亡する度カードを1枚引く。,,v136分類: なし / 推定方法: db_explicit_none / 名前/説明だけでは系統なしと断定しにくい,
card_d000adb5,エンタシスマン,なし,高,db_explicit_none,5,3,4,におうだち、このカード以外の自分の手札が6枚以上ある場合コスト-2,,v136分類: なし / 推定方法: db_explicit_none / 名前/説明だけでは系統なしと断定しにくい,
card_a780fe36,オクトセントリー,なし,高,db_explicit_none,5,5,5,貫通、味方リーダーの攻撃で敵ユニットを倒す度味方リーダーのHPを3回復,,v136分類: なし / 推定方法: db_explicit_none / 名前/説明だけでは系統なしと断定しにくい,
card_8a416ddd,オーシャンクロー,なし,高,db_explicit_none,5,3,4,このユニットに自分が特技を使う度+1/+1,,v136分類: なし / 推定方法: db_explicit_none / 名前/説明だけでは系統なしと断定しにくい,
card_e7d0bd0d,キラークリムゾン,なし,高,db_explicit_none,5,4,5,選択:・味方リーダーのテンション+2・コスト2のはがねのそろばん1枚を手札に加える,,v136分類: なし / 推定方法: db_explicit_none / 名前/説明だけでは系統なしと断定しにくい,
card_77b1f2af,キラーマシン,なし,高,db_explicit_none,5,3,5,2回攻撃、召喚時：敵ユニット1体に2ダメージ,,v136分類: なし / 推定方法: db_explicit_none / 名前/説明だけでは系統なしと断定しにくい,
card_6c050775,キラーリカント,なし,高,db_explicit_none,5,4,4,おうえん、におうだち、死亡時：味方リーダーのテンション+1,,v136分類: なし / 推定方法: db_explicit_none / 名前/説明だけでは系統なしと断定しにくい,
card_d13dbf79,キングムーチョ,なし,高,db_explicit_none,5,3,5,におうだち、召喚時：味方ヒーローがいる場合味方リーダーが装備中の武器を+1/+1,,v136分類: なし / 推定方法: db_explicit_none / 名前/説明だけでは系統なしと断定しにくい,
card_cd99fcfb,ギガンテス,なし,高,db_explicit_none,5,3,6,攻撃時：このターン中攻撃力+3,,v136分類: なし / 推定方法: db_explicit_none / 名前/説明だけでは系統なしと断定しにくい,
card_b85d8d5e,ギュメイ将軍,なし,高,db_explicit_none,5,5,6,貫通、このユニット以外の全ての敵味方は戦闘ダメージとデッキ切れによるダメージのみ受ける,,v136分類: なし / 推定方法: db_explicit_none / 名前/説明だけでは系統なしと断定しにくい,
card_2fac5ab9,クイーンモーモン,なし,高,db_explicit_none,5,3,6,味方ヒーローがいる場合自分のターン中味方リーダーの攻撃力+2,,v136分類: なし / 推定方法: db_explicit_none / 名前/説明だけでは系統なしと断定しにくい,
card_6694ca3b,グランマーズ,なし,高,db_explicit_none,5,2,5,召喚時&攻撃時：自分のデッキの上からカード3枚を見る。1枚を手札に加えそのカードのコスト-2。残りをデッキの下に戻す,,v136分類: なし / 推定方法: db_explicit_none / 名前/説明だけでは系統なしと断定しにくい,
card_b3c8cbfd,ゲルニック将軍,なし,高,db_explicit_none,5,4,6,自分が魔法使いの特技を使う度または敵が特技を使う度味方リーダーのテンション+1,,v136分類: なし / 推定方法: db_explicit_none / 名前/説明だけでは系統なしと断定しにくい,
card_34b8303a,ゲレゲレ,なし,高,db_explicit_none,5,4,4,速攻,,v136分類: なし / 推定方法: db_explicit_none / 名前/説明だけでは系統なしと断定しにくい,
card_3410ad27,ゴールドオーク,なし,高,db_explicit_none,5,4,3,召喚時：味方リーダーのテンションの2倍分味方リーダーのHPを回復,,v136分類: なし / 推定方法: db_explicit_none / 名前/説明だけでは系統なしと断定しにくい,
card_bfee27e7,シードッグ,なし,高,db_explicit_none,5,2,2,,,v136分類: なし / 推定方法: db_explicit_none / 名前/説明だけでは系統なしと断定しにくい,
card_d2a5382b,スターキメラ,なし,高,db_explicit_none,5,3,6,味方が回復する度攻撃力+2,,v136分類: なし / 推定方法: db_explicit_none / 名前/説明だけでは系統なしと断定しにくい,
card_c99c6450,ストーンマン,なし,高,db_explicit_none,5,6,4,におうだち,https://gameconductor.com/dqrivals/wp-content/uploads/card_img_13.jpg,v136分類: なし / 推定方法: db_explicit_none / 名前/説明だけでは系統なしと断定しにくい,
card_5cb6c4b5,スノーホムンクルス,なし,高,db_explicit_none,5,5,4,,,v136分類: なし / 推定方法: db_explicit_none / 名前/説明だけでは系統なしと断定しにくい,
card_55de0a88,スロットマジーン,なし,高,db_explicit_none,5,1,7,攻撃時:GET(1)、BET:両プレイヤーはカードを1枚引く,,v136分類: なし / 推定方法: db_explicit_none / 名前/説明だけでは系統なしと断定しにくい,
card_fa1f0c80,セラフィ,なし,高,db_explicit_none,5,2,3,召喚時：指定の味方マスに速攻3/3のチョメを1体出す。自分のターン終了時全ての味方のHPを1回復,,v136分類: なし / 推定方法: db_explicit_none / 名前/説明だけでは系統なしと断定しにくい,
card_e688c923,ダークモーモン,なし,高,db_explicit_none,5,4,5,自分のターン終了時GET(1)、BET:お互いのリーダーのテンション+1,,v136分類: なし / 推定方法: db_explicit_none / 名前/説明だけでは系統なしと断定しにくい,
card_dba6b3b2,デスターキー,なし,高,db_explicit_none,5,5,6,,,v136分類: なし / 推定方法: db_explicit_none / 名前/説明だけでは系統なしと断定しにくい,
card_1683cf61,デスマシーン,なし,高,db_explicit_none,5,4,4,におうだち、このターン中死亡したユニットの数分手札にあるこのカードのコスト-1、死亡時：敵リーダーに3ダメージ,,v136分類: なし / 推定方法: db_explicit_none / 名前/説明だけでは系統なしと断定しにくい,
card_9318b43f,デンダ,なし,高,db_explicit_none,5,3,3,召喚時:前列に召喚した場合1/1のデンダの子分を3体出す。後列に召喚した場合全ての味方ユニットを+1/+1,,v136分類: なし / 推定方法: db_explicit_none / 名前/説明だけでは系統なしと断定しにくい,
card_4392279e,トロル,なし,高,db_explicit_none,5,7,8,受けるダメージ2倍,,v136分類: なし / 推定方法: db_explicit_none / 名前/説明だけでは系統なしと断定しにくい,
card_079b9a84,ナイトフォックス,なし,高,db_explicit_none,5,5,4,自分の特技カードのコスト-1,,v136分類: なし / 推定方法: db_explicit_none / 名前/説明だけでは系統なしと断定しにくい,
card_0ac53622,ネクロバルサ,なし,高,db_explicit_none,5,4,5,召喚時:味方リーダーの攻撃力が4以上ある場合武器の耐久力を+2する。,,v136分類: なし / 推定方法: db_explicit_none / 名前/説明だけでは系統なしと断定しにくい,
card_4aaadec4,ハンターフライ,なし,高,db_explicit_none,5,4,3,先制、死亡時：味方リーダーのテンション+1、スキルブースト:コスト-1,,v136分類: なし / 推定方法: db_explicit_none / 名前/説明だけでは系統なしと断定しにくい,
card_b6ca0892,ハンフリー,なし,高,db_explicit_none,5,0,1,召喚時:ユニット1体の攻撃力とHPを吸い取り自身の攻撃力とHPを同じ値にする。そのユニットを2/2にする,,v136分類: なし / 推定方法: db_explicit_none / 名前/説明だけでは系統なしと断定しにくい,
card_14ea7bec,バアルゼブブ,なし,高,db_explicit_none,5,5,3,召喚時：敵リーダーに3ダメージ,https://gameconductor.com/dqrivals/wp-content/uploads/card_img_14.jpg,v136分類: なし / 推定方法: db_explicit_none / 名前/説明だけでは系統なしと断定しにくい,
card_c276526b,バルバロッサ,なし,高,db_explicit_none,5,4,5,召喚時:魔法陣に召喚された場合メラミを手札に加える,,v136分類: なし / 推定方法: db_explicit_none / 名前/説明だけでは系統なしと断定しにくい,
card_d1236b7f,フォレスドン,なし,高,db_explicit_none,5,4,5,召喚時：対戦中に死亡したコスト4以上の味方ユニット3種類の中から1体を選んで復活させ「ターン終了時このユニットは死亡する」を付与する,,v136分類: なし / 推定方法: db_explicit_none / 名前/説明だけでは系統なしと断定しにくい,
card_098e73d1,ヘルシーサー,なし,高,db_explicit_none,5,4,5,召喚時:地形マスにいる全ての味方ユニットを+1/+1,,v136分類: なし / 推定方法: db_explicit_none / 名前/説明だけでは系統なしと断定しにくい,
card_1d6748d8,ベロリンマン,なし,高,db_explicit_none,5,2,2,おうえん、召喚時&スキルリンク:ベロリンマンを1体出す,,v136分類: なし / 推定方法: db_explicit_none / 名前/説明だけでは系統なしと断定しにくい,
card_76952315,ホーンビートル,なし,高,db_explicit_none,5,5,5,ねらい撃ち,,v136分類: なし / 推定方法: db_explicit_none / 名前/説明だけでは系統なしと断定しにくい,
card_fe374675,マネマネ,なし,高,db_explicit_none,5,1,1,召喚時：他のユニット1体に変身する,,v136分類: なし / 推定方法: db_explicit_none / 名前/説明だけでは系統なしと断定しにくい,
card_7e4a6880,メイジポンポコ,なし,高,db_explicit_none,5,3,5,シンクロ：①味方リーダーが使用する特技カードの攻撃力+1、②死亡時：自分のデッキからコスト5以上の特技カードを1枚引く、③+1/+1,,v136分類: なし / 推定方法: db_explicit_none / 名前/説明だけでは系統なしと断定しにくい,
card_b1f5ae69,ユニコーン,なし,高,db_explicit_none,5,5,5,召喚時:HPを4回復,,v136分類: なし / 推定方法: db_explicit_none / 名前/説明だけでは系統なしと断定しにくい,
card_56b8d468,レッドアーチャー,なし,高,db_explicit_none,5,3,6,召喚時：味方リーダーのHPが20以上の場合このユニットは攻撃力+2とねらい撃ちを得る,https://gameconductor.com/dqrivals/wp-content/uploads/card_img_30.jpg,v136分類: なし / 推定方法: db_explicit_none / 名前/説明だけでは系統なしと断定しにくい,
card_fb9188a4,レッドサイクロン,なし,高,db_explicit_none,5,4,5,自分のターン終了時にお互いのリーダーに2ダメージ。味方リーダーのHPが15以下の場合代わりに自分のターン終了時敵リーダーに2ダメージ,,v136分類: なし / 推定方法: db_explicit_none / 名前/説明だけでは系統なしと断定しにくい,
card_8aa08ebc,ローズバトラー,なし,高,db_explicit_none,5,3,7,味方リーダーへの敵の攻撃や効果の対象はこのユニットに変更される。ダメージを与えたユニットを毒にする,,v136分類: なし / 推定方法: db_explicit_none / 名前/説明だけでは系統なしと断定しにくい,
card_2c08d95c,吹雪の魔女,なし,高,db_explicit_none,5,4,4,召喚時：敵の場に氷塊があるなら敵ユニット1体に4ダメージ,,v136分類: なし / 推定方法: db_explicit_none / 名前/説明だけでは系統なしと断定しにくい,
card_2855efd0,大切な友達,なし,高,db_explicit_none,5,0,0,指定の味方マスに速攻4/4のゲレゲレを1体出す,,v136分類: なし / 推定方法: db_explicit_none / 名前/説明だけでは系統なしと断定しにくい,
card_c40057ab,慈愛のキラーパンサー,なし,高,db_explicit_none,5,4,4,おうえん、召喚時：おうえん 2/2のベビーパンサー1枚を手札に加える,,v136分類: なし / 推定方法: db_explicit_none / 名前/説明だけでは系統なしと断定しにくい,
card_27208e6e,暗黒大樹の番人,なし,高,db_explicit_none,5,2,4,におうだち、召喚時:このターン中ユニットが死亡しているなら暗黒大樹の番人を指定の味方マスに出す,,v136分類: なし / 推定方法: db_explicit_none / 名前/説明だけでは系統なしと断定しにくい,
card_9d2a7e1f,獣魔将ガルレイ,なし,高,db_explicit_none,5,5,4,召喚時：正面にいるランダムな敵ユニット1体に2ダメージ。自分の場に冒険者がいるなら代わりに4ダメージ,,v136分類: なし / 推定方法: db_explicit_none / 名前/説明だけでは系統なしと断定しにくい,
card_b2641ee7,追撃のキラーマシン,なし,高,db_explicit_none,5,3,4,2回攻撃、召喚時:このユニットにさくせんを出す。自分がさくせんを出した後、1ターンに2回までランダムな敵ユニット1体に2ダメージ,,v136分類: なし / 推定方法: db_explicit_none / 名前/説明だけでは系統なしと断定しにくい,
card_3bc0d032,魔犬レオパルド,なし,高,db_explicit_none,5,4,4,死亡時：神鳥の杖を手札に加える,,v136分類: なし / 推定方法: db_explicit_none / 名前/説明だけでは系統なしと断定しにくい,
card_a568a928,あくまのカガミ,なし,高,db_explicit_none,6,3,5,召喚時：自分のデッキにある5コスト以下の冒険者と同じユニット1体ヲバに出しこのターン中速攻と「ターン終了時にこのユニットを自分のデッキに混ぜる」を付与する,,v136分類: なし / 推定方法: db_explicit_none / 名前/説明だけでは系統なしと断定しにくい,
card_f39676c9,かぶとこぞう,なし,高,db_explicit_none,6,4,4,召喚時:地形マスに召喚された場合、におうだち2/2のはさみくわがたを2体出す,,v136分類: なし / 推定方法: db_explicit_none / 名前/説明だけでは系統なしと断定しにくい,
card_289dda8a,からくりしょうぐん,なし,高,db_explicit_none,6,5,5,召喚時：味方リーダーが装備中の武器を+1/+1,,v136分類: なし / 推定方法: db_explicit_none / 名前/説明だけでは系統なしと断定しにくい,
card_f15d10ad,じごくのつかい,なし,高,db_explicit_none,6,3,3,自分のターン終了時ランダムな敵1体に3ダメージ,,v136分類: なし / 推定方法: db_explicit_none / 名前/説明だけでは系統なしと断定しにくい,
card_1822d75c,てっきゅうまじん,なし,高,db_explicit_none,6,4,5,自分の場と手札にいる冒険者の数だけコストが下がる,,v136分類: なし / 推定方法: db_explicit_none / 名前/説明だけでは系統なしと断定しにくい,
card_ff657203,にじくじゃく,なし,高,db_explicit_none,6,4,5,自分が偶数のコストの手札を使う度ランダムな敵1体に2ダメージ,,v136分類: なし / 推定方法: db_explicit_none / 名前/説明だけでは系統なしと断定しにくい,
card_768eea71,まかいじゅ,なし,高,db_explicit_none,6,3,7,自分のターン終了時このユニットのHPを2回復する。,,v136分類: なし / 推定方法: db_explicit_none / 名前/説明だけでは系統なしと断定しにくい,
card_36fe0d52,まだらイチョウ,なし,高,db_explicit_none,6,3,4,BET：1/2のブラックタヌーを1体場に出す。このBETが3回発動する度に、このユニットを除く全ての味方ユニットを+1/+1する。カウントはターンを跨いで継続する。,,v136分類: なし / 推定方法: db_explicit_none / 名前/説明だけでは系統なしと断定しにくい,
card_6858cc11,ようじゅつし,なし,高,db_explicit_none,6,3,6,自分が特技を使う度ランダムな敵1体に2ダメージ,,v136分類: なし / 推定方法: db_explicit_none / 名前/説明だけでは系統なしと断定しにくい,
card_4a3e3606,わかめ王子,なし,高,db_explicit_none,6,5,5,召喚時：デッキの一番上のカードのコストが奇数なら対象に3ダメージ、偶数なら対象を+2/+2,,v136分類: なし / 推定方法: db_explicit_none / 名前/説明だけでは系統なしと断定しにくい,
card_ee31c3a0,アトラス,なし,高,db_explicit_none,6,4,7,攻撃時：このターン中味方リーダーの攻撃力分攻撃力が上がる,,v136分類: なし / 推定方法: db_explicit_none / 名前/説明だけでは系統なしと断定しにくい,
card_5eec0254,アフロのドン・モグーラ,なし,高,db_explicit_none,6,3,5,召喚時：カードを1枚引いた後、自分の手札から1枚選んで捨てる。自分の手札からカードを捨てる度ターン終了時に死亡する速攻3/1の子分を1体出す,,v136分類: なし / 推定方法: db_explicit_none / 名前/説明だけでは系統なしと断定しにくい,
card_f9120cf5,アークマージ,なし,高,db_explicit_none,6,2,7,この対戦の間ヒーロースキルが発動した回数分攻撃力+1を得る。このユニットの攻撃力が5以上の場合さらに特技ダメージ+2を得る。,,v136分類: なし / 推定方法: db_explicit_none / 名前/説明だけでは系統なしと断定しにくい,
card_683cc9b8,ウドラー,なし,高,db_explicit_none,6,4,6,シンクロ:①攻撃力+1、②におうだち、③死亡時：この対戦中に死亡したコスト2以下のユニットを2体復活させる,,v136分類: なし / 推定方法: db_explicit_none / 名前/説明だけでは系統なしと断定しにくい,
card_e85d03e0,エビルホーク,なし,高,db_explicit_none,6,6,4,ねらい撃ち、召喚時：カードを1枚引く,,v136分類: なし / 推定方法: db_explicit_none / 名前/説明だけでは系統なしと断定しにくい,
card_5b713377,エビルマージ,なし,高,db_explicit_none,6,2,6,召喚時：この対戦中味方リーダーの「紅蓮の火球」のダメージ+1、スキルブースト:攻撃力+1,,v136分類: なし / 推定方法: db_explicit_none / 名前/説明だけでは系統なしと断定しにくい,
card_c9cc581c,カロン,なし,高,db_explicit_none,6,4,5,テンションリンク：対戦中に死亡したランダムな味方ユニットを手札に1枚加える,,v136分類: なし / 推定方法: db_explicit_none / 名前/説明だけでは系統なしと断定しにくい,
card_0996b970,キラーアーマー,なし,高,db_explicit_none,6,6,7,,https://gameconductor.com/dqrivals/wp-content/uploads/card_img_15.jpg,v136分類: なし / 推定方法: db_explicit_none / 名前/説明だけでは系統なしと断定しにくい,
card_cba34087,キラーデーモン,なし,高,db_explicit_none,6,6,6,召喚時：味方ユニット1体を+1/+1した後におうだちを付与する,,v136分類: なし / 推定方法: db_explicit_none / 名前/説明だけでは系統なしと断定しにくい,
card_83fe681d,キラーマシン2,なし,高,db_explicit_none,6,4,5,2回攻撃、召喚時:このユニットにさくせんを出す。耐戦中に味方建物が3つ以上出ていたら、代わりに2回さくせんを出し、出たさくせんの効果全てを得る,,v136分類: なし / 推定方法: db_explicit_none / 名前/説明だけでは系統なしと断定しにくい,
card_58028997,キングミミック,なし,高,db_explicit_none,6,8,7,死亡時：相手はランダムなレジェンドレアカードを手札に1枚加える,,v136分類: なし / 推定方法: db_explicit_none / 名前/説明だけでは系統なしと断定しにくい,
card_4437acfa,クラーゴン,なし,高,db_explicit_none,6,4,8,BET：このターン中に未発動の効果からランダムに1つ発動する。①全ての敵に1ダメージ ②ランダムな敵1体に2ダメージ ③敵リーダーに3ダメージ。全て発動済みなら何も起こらない。,,v136分類: なし / 推定方法: db_explicit_none / 名前/説明だけでは系統なしと断定しにくい,
card_a462cfa2,グレイトマムー,なし,高,db_explicit_none,6,5,4,れんけい：敵ユニット1体に5ダメージ,,v136分類: なし / 推定方法: db_explicit_none / 名前/説明だけでは系統なしと断定しにくい,
card_e936ad83,サイクロプス,なし,高,db_explicit_none,6,6,6,召喚時：GET(1) BET：におうだちを持つランダムな敵ユニット1体に4ダメージ,,v136分類: なし / 推定方法: db_explicit_none / 名前/説明だけでは系統なしと断定しにくい,
card_7b11152e,サイコマスター,なし,高,db_explicit_none,6,0,7,この対戦中に自分が使った占いカードの枚数分攻撃力+1、召喚時:このユニットの攻撃力が4以上あるなら敵1体に4ダメージ,,v136分類: なし / 推定方法: db_explicit_none / 名前/説明だけでは系統なしと断定しにくい,
card_f09aa71a,ジェリーマン,なし,高,db_explicit_none,6,4,5,召喚時：自分の手札にあるランダムなユニットカード1枚と同じユニットを2/2にして場に出す。それが冒険者カードなら代わりにコピーを場に出す。,,v136分類: なし / 推定方法: db_explicit_none / 名前/説明だけでは系統なしと断定しにくい,
card_5f6a5488,ダイス・ド・デビル,なし,高,db_explicit_none,6,4,4,占い：(1)1/1のスライムを出す、(2)4/4のホースデビルを出す,,v136分類: なし / 推定方法: db_explicit_none / 名前/説明だけでは系統なしと断定しにくい,
card_70c48758,ダークデーブル,なし,高,db_explicit_none,6,5,6,におうだち、天啓の神域の効果によってデッキから手札にこのカードが加わった場合、4/4のヘルガーディアンを出す。,,v136分類: なし / 推定方法: db_explicit_none / 名前/説明だけでは系統なしと断定しにくい,
card_9d45a818,ダーティラビッツ,なし,高,db_explicit_none,6,2,6,攻撃対象が敵リーダーの場合攻撃力が2倍になる。,,v136分類: なし / 推定方法: db_explicit_none / 名前/説明だけでは系統なしと断定しにくい,
card_74f27ab5,デスストーカー,なし,高,db_explicit_none,6,4,6,自分のターン中味方ユニットがダメージを受けた場合ランダムな敵1体に2ダメージ,,v136分類: なし / 推定方法: db_explicit_none / 名前/説明だけでは系統なしと断定しにくい,
card_730f1b63,デスバキューム,なし,高,db_explicit_none,6,3,3,お互いのリーダーのテンションの合計分手札にあるこのカードのコスト-1,,v136分類: なし / 推定方法: db_explicit_none / 名前/説明だけでは系統なしと断定しにくい,
card_99ede7b9,ドルマゲス,なし,高,db_explicit_none,6,6,4,召喚時：1/1の分身を2体出す 相手がドルマゲスか分身を攻撃や効果の対象にした場合その対象はランダムに選ばれる,,v136分類: なし / 推定方法: db_explicit_none / 名前/説明だけでは系統なしと断定しにくい,
card_893dab8f,バズズ,なし,高,db_explicit_none,6,6,6,ねらい撃ち、召喚時：敵の場に氷塊があるなら全ての敵ユニットを次のターン攻撃不能にする,,v136分類: なし / 推定方法: db_explicit_none / 名前/説明だけでは系統なしと断定しにくい,
card_94068f21,バロンジャッカル,なし,高,db_explicit_none,6,6,5,このカード以外の自分の手札が6枚以上ある場合コスト-2,,v136分類: なし / 推定方法: db_explicit_none / 名前/説明だけでは系統なしと断定しにくい,
card_761099e5,バロンナイト,なし,高,db_explicit_none,6,5,6,同じ縦1列にいる他のユニットを+1/+1,,v136分類: なし / 推定方法: db_explicit_none / 名前/説明だけでは系統なしと断定しにくい,
card_8878b609,バーサーカー,なし,高,db_explicit_none,6,2,5,前列の中央にいる場合攻撃力+7,,v136分類: なし / 推定方法: db_explicit_none / 名前/説明だけでは系統なしと断定しにくい,
card_ce996bc9,ファンキーバード,なし,高,db_explicit_none,6,4,6,おうえん、味方リーダーのテンションカードはコストが0になる。,,v136分類: なし / 推定方法: db_explicit_none / 名前/説明だけでは系統なしと断定しにくい,
card_4354b98d,ブラックチャック,なし,高,db_explicit_none,6,6,3,味方リーダーのテンション分必要なコストが下がる,,v136分類: なし / 推定方法: db_explicit_none / 名前/説明だけでは系統なしと断定しにくい,
card_cbdf8611,マザーウッド,なし,高,db_explicit_none,6,5,5,テンションリンク：前後にいる味方ユニットに速攻を付与する。,,v136分類: なし / 推定方法: db_explicit_none / 名前/説明だけでは系統なしと断定しにくい,
card_45283c5a,マッスルウータン,なし,高,db_explicit_none,6,5,7,テンションリンク:前後にいる味方ユニットの攻撃力+2,,v136分類: なし / 推定方法: db_explicit_none / 名前/説明だけでは系統なしと断定しにくい,
card_362fd329,ミリオンゼニー,なし,高,db_explicit_none,6,4,7,自分のターン終了時にGET(1)。この効果は毎ターン発動する。BET：死亡時にGET(2)をこのユニットに付与する。このBET効果は重複しない。,,v136分類: なし / 推定方法: db_explicit_none / 名前/説明だけでは系統なしと断定しにくい,
card_fe496694,ムチおとこ,なし,高,db_explicit_none,6,6,6,前列召喚時：自分の手札から武器カードを1枚選んで捨てる。そうした場合、カードを3枚引く。後列召喚時：自分のデッキからコスト3以下の武器カードを1枚引く,,v136分類: なし / 推定方法: db_explicit_none / 名前/説明だけでは系統なしと断定しにくい,
card_adb8f2c2,ランプのまじん,なし,高,db_explicit_none,6,6,6,召喚時：全ての敵ユニットの位置を前後入れ替える,,v136分類: なし / 推定方法: db_explicit_none / 名前/説明だけでは系統なしと断定しにくい,
card_6f34f6bb,リーズレット,なし,高,db_explicit_none,6,5,4,召喚時：自分のデッキにメラ系の特技カードが無いなら敵ユニット1体を氷塊に変える,,v136分類: なし / 推定方法: db_explicit_none / 名前/説明だけでは系統なしと断定しにくい,
card_685133b0,悪霊の神々アトラス,なし,高,db_explicit_none,6,4,7,貫通、貫通を持つ味方ユニットが攻撃した後攻撃力+1、死亡時：このユニットの攻撃力と同じ攻撃力を持つこんぼうを味方リーダーに装備する。,,v136分類: なし / 推定方法: db_explicit_none / 名前/説明だけでは系統なしと断定しにくい,
card_a135083a,悪霊の神々バズズ,なし,高,db_explicit_none,6,6,6,ねらい撃ち、召喚時：指定の敵マスに0/1の氷塊を1つ出す。敵の氷塊が死亡する度自分のデッキからメラ系以外の特技カードを1枚引く,,v136分類: なし / 推定方法: db_explicit_none / 名前/説明だけでは系統なしと断定しにくい,
card_d27b76c8,牙王ゴースネル,なし,高,db_explicit_none,6,5,6,召喚時：味方リーダーの攻撃力が4以上ある場合正面にいる全てのユニットに4ダメージ。,,v136分類: なし / 推定方法: db_explicit_none / 名前/説明だけでは系統なしと断定しにくい,
card_ad45046f,薔薇子ジャックポッター,なし,高,db_explicit_none,6,6,6,召喚時：手札を2枚捨てる。そうした場合ランダムなレジェンドレアカード0〜4枚を以下の確率で手札に加える。0〜4枚 各20%,,v136分類: なし / 推定方法: db_explicit_none / 名前/説明だけでは系統なしと断定しにくい,
card_3a9fa2ac,覇海軍王ジャコラ,なし,高,db_explicit_none,6,5,7,におうだち、召喚時：このターン中すべてのユニットが受ける戦闘ダメージが2倍になる,,v136分類: なし / 推定方法: db_explicit_none / 名前/説明だけでは系統なしと断定しにくい,
card_415672e1,魔女グレイツェル,なし,高,db_explicit_none,6,5,5,おうえん、召喚時:ランダムな3体を次のターン終了時まで攻撃不能にする。スキルブースト:+1体,,v136分類: なし / 推定方法: db_explicit_none / 名前/説明だけでは系統なしと断定しにくい,
card_bfc05c08,魔界からの侵攻,なし,高,db_explicit_none,6,0,0,ピサロナイトを6体出す,,v136分類: なし / 推定方法: db_explicit_none / 名前/説明だけでは系統なしと断定しにくい,
card_b7f05143,ほうおう,なし,高,db_explicit_none,7,6,7,他のすべての味方ユニットのHP+1、スキルブースト:味方ユニットのHP+1,,v136分類: なし / 推定方法: db_explicit_none / 名前/説明だけでは系統なしと断定しにくい,
card_d7ef98e4,まおうのかげ,なし,高,db_explicit_none,7,4,7,ステルス、絶好調、このユニットが絶好調状態なら攻撃力+3を得る,,v136分類: なし / 推定方法: db_explicit_none / 名前/説明だけでは系統なしと断定しにくい,
card_f1e46eb7,やつざきアニマル,なし,高,db_explicit_none,7,4,4,対戦中に自分に使った特技カードの枚数分コスト-1,,v136分類: なし / 推定方法: db_explicit_none / 名前/説明だけでは系統なしと断定しにくい,
card_0957dc83,アンクルホーン,なし,高,db_explicit_none,7,2,7,テンションリンク：攻撃力が2倍になる,,v136分類: なし / 推定方法: db_explicit_none / 名前/説明だけでは系統なしと断定しにくい,
card_091f03b4,アークデーモン,なし,高,db_explicit_none,7,6,6,召喚時：前列にいる全ての敵ユニットに3ダメージ,,v136分類: なし / 推定方法: db_explicit_none / 名前/説明だけでは系統なしと断定しにくい,
card_f767ae31,エメラルドーン,なし,高,db_explicit_none,7,6,6,シンクロ：①ねらい撃ち、②におうだち、③+2/+2,,v136分類: なし / 推定方法: db_explicit_none / 名前/説明だけでは系統なしと断定しにくい,
card_e733168e,クレイジーボーナス,なし,高,db_explicit_none,7,7,7,召喚時:自分の場の縦一列に同じ攻撃力のユニットが3体いるならランダムなレジェンドレアのユニットカード3枚を手札に加え そのコストを揃えた攻撃力と同じ数分減らす,,v136分類: なし / 推定方法: db_explicit_none / 名前/説明だけでは系統なしと断定しにくい,
card_52ff4131,ケトス,なし,高,db_explicit_none,7,4,11,このユニットによる敵リーダーの攻撃で敵リーダーのHPが11になった場合この対戦に勝利する。,,v136分類: なし / 推定方法: db_explicit_none / 名前/説明だけでは系統なしと断定しにくい,
card_90ea612c,ジャックポッター,なし,高,db_explicit_none,7,5,5,召喚時：両プレイヤーはカードを1枚引く。スキルブースト：+1枚,,v136分類: なし / 推定方法: db_explicit_none / 名前/説明だけでは系統なしと断定しにくい,
card_ec0b6371,ジュリアンテ,なし,高,db_explicit_none,7,5,5,占い：(1)他の全ての味方ユニット+2/+2、(2)ランダムな敵3体を次のターン攻撃不能にする,,v136分類: なし / 推定方法: db_explicit_none / 名前/説明だけでは系統なしと断定しにくい,
card_97689893,タコメット,なし,高,db_explicit_none,7,3,3,貫通、召喚時：このカード以外の自分の手札が6枚以上ある場合タコメットを2体出す。,,v136分類: なし / 推定方法: db_explicit_none / 名前/説明だけでは系統なしと断定しにくい,
card_c280a90c,ダゴン,なし,高,db_explicit_none,7,3,8,2回攻撃,,v136分類: なし / 推定方法: db_explicit_none / 名前/説明だけでは系統なしと断定しにくい,
card_6ebbbeb0,デビルアーマー,なし,高,db_explicit_none,7,7,6,召喚時：味方ヒーローがいる場合手札にあるランダムな武器を装備する,,v136分類: なし / 推定方法: db_explicit_none / 名前/説明だけでは系統なしと断定しにくい,
card_888c9f47,トロルキング,なし,高,db_explicit_none,7,8,10,すべてのユニットは受けるダメージが2倍になる。,,v136分類: なし / 推定方法: db_explicit_none / 名前/説明だけでは系統なしと断定しにくい,
card_ffe924fb,ドルマドン,なし,高,db_explicit_none,7,0,0,敵1体に10ダメージ,,v136分類: なし / 推定方法: db_explicit_none / 名前/説明だけでは系統なしと断定しにくい,
card_1a31a458,ドン・モグーラ,なし,高,db_explicit_none,7,4,6,テンションリンク：速攻 1/1 ターン終了時に死亡するモグラの子分を出す スキルブースト:攻撃力+1をモグラの子分は持つ,,v136分類: なし / 推定方法: db_explicit_none / 名前/説明だけでは系統なしと断定しにくい,
card_0c103e46,ヌーデビル,なし,高,db_explicit_none,7,5,4,選択：・攻撃力+4・正面にいる全ての敵ユニットに2ダメージ,,v136分類: なし / 推定方法: db_explicit_none / 名前/説明だけでは系統なしと断定しにくい,
card_b0b64660,バベルボブル,なし,高,db_explicit_none,7,7,10,速攻、2回攻撃,,v136分類: なし / 推定方法: db_explicit_none / 名前/説明だけでは系統なしと断定しにくい,
card_e3f0dbe1,バルザック,なし,高,db_explicit_none,7,7,7,貫通：このユニットの攻撃で敵ユニットを倒す度+2/+2,,v136分類: なし / 推定方法: db_explicit_none / 名前/説明だけでは系統なしと断定しにくい,
card_8df130e3,ブラックルーン,なし,高,db_explicit_none,7,7,6,特技ダメージ+2,,v136分類: なし / 推定方法: db_explicit_none / 名前/説明だけでは系統なしと断定しにくい,
card_d39b2341,ヘラクライザー,なし,高,db_explicit_none,7,4,5,におうだち、自分がデッキからカードを手札に加える度ランダムな敵1体に2ダメージ、占い：(1)カードを1枚引く、(2)味方リーダーのテンション+2,,v136分類: なし / 推定方法: db_explicit_none / 名前/説明だけでは系統なしと断定しにくい,
card_28cd0a60,ヘルバオム,なし,高,db_explicit_none,7,8,4,召喚時：ランダムな敵ユニット1体を-2/-2する。これを2回繰り返す。,,v136分類: なし / 推定方法: db_explicit_none / 名前/説明だけでは系統なしと断定しにくい,
card_fb7db451,ベリアル,なし,高,db_explicit_none,7,6,6,召喚時：すべての敵ユニットに2ダメージ、倒したユニット数の2倍分味方リーダーのHPを回復,,v136分類: なし / 推定方法: db_explicit_none / 名前/説明だけでは系統なしと断定しにくい,
card_89a146ee,マルチェロ,なし,高,db_explicit_none,7,4,4,におうだち、召喚時：敵の後列中央を中心に十字型に4ダメージを与える,,v136分類: なし / 推定方法: db_explicit_none / 名前/説明だけでは系統なしと断定しにくい,
card_ba7eb2dc,ライノスキング,なし,高,db_explicit_none,7,7,7,におうだち,,v136分類: なし / 推定方法: db_explicit_none / 名前/説明だけでは系統なしと断定しにくい,
card_c8f82f53,レジェンドホーン,なし,高,db_explicit_none,7,5,6,シンクロ：①召喚時：味方リーダーのHPを6回復、②このユニットの召喚コスト-2、③におうだち,,v136分類: なし / 推定方法: db_explicit_none / 名前/説明だけでは系統なしと断定しにくい,
card_3afdd5e1,帝王の一閃,なし,高,db_explicit_none,7,0,0,全ての敵に4ダメージ,,v136分類: なし / 推定方法: db_explicit_none / 名前/説明だけでは系統なしと断定しにくい,
card_0a619d77,悪霊の神々ベリアル,なし,高,db_explicit_none,7,6,6,召喚時：「次のターン終了時まで受けるダメージ-1」を得る。さらに全ての敵ユニットに2ダメージ。死亡したユニットの数分HP+1,,v136分類: なし / 推定方法: db_explicit_none / 名前/説明だけでは系統なしと断定しにくい,
card_84e08b43,黄金兵長,なし,高,db_explicit_none,7,4,6,召喚時：GET(1)。攻撃時：敵リーダーに味方の場のピサロナイトの数と同じダメージ。BET：ピサロナイトを1体場に出す。,,v136分類: なし / 推定方法: db_explicit_none / 名前/説明だけでは系統なしと断定しにくい,
card_c837e8a2,Sキラーマシン,なし,高,db_explicit_none,8,4,8,速攻、このユニットの攻撃で敵ユニットが死亡する度　攻撃力+1 さらにこのターン中このユニットはもう一度攻撃できるようになる,,v136分類: なし / 推定方法: db_explicit_none / 名前/説明だけでは系統なしと断定しにくい,
card_97d4fedd,さんぞくのカシラ,なし,高,db_explicit_none,8,10,10,召喚時:このユニットは消滅しさんぞく兵、さんぞくマージ、さんぞく、エテポンゲを出しそれらにさくせんを出す,,v136分類: なし / 推定方法: db_explicit_none / 名前/説明だけでは系統なしと断定しにくい,
card_b99a879b,じごくのヌエ,なし,高,db_explicit_none,8,8,6,ねらい撃ち、召喚時:敵ユニット1体に自分の場にある地形の数の3倍分ダメージを与える。,,v136分類: なし / 推定方法: db_explicit_none / 名前/説明だけでは系統なしと断定しにくい,
card_00fd6be5,てふだをふやしたい,なし,高,db_explicit_none,8,0,0,自分の手札が7枚になるようにカードを引く,,v136分類: なし / 推定方法: db_explicit_none / 名前/説明だけでは系統なしと断定しにくい,
card_8b1c0efd,ウルベア魔神兵,なし,高,db_explicit_none,8,5,8,ねらい撃ち。召喚時：GET(2)。BET：このユニットの攻撃力を1〜4のランダムな値分増やす。,,v136分類: なし / 推定方法: db_explicit_none / 名前/説明だけでは系統なしと断定しにくい,
card_8d7524ea,エッチなほんがよみたい,なし,高,db_explicit_none,8,0,0,自分の手札にエッチな本を加える,,v136分類: なし / 推定方法: db_explicit_none / 名前/説明だけでは系統なしと断定しにくい,
card_5c527699,オーガキング,なし,高,db_explicit_none,8,7,8,におうだち,,v136分類: なし / 推定方法: db_explicit_none / 名前/説明だけでは系統なしと断定しにくい,
card_d56c30af,キラーマジンガ,なし,高,db_explicit_none,8,3,7,2回攻撃、召喚時：このカード以外の自分の手札が6枚以上ある場合ランダムな的に2ダメージを計4回与える。,,v136分類: なし / 推定方法: db_explicit_none / 名前/説明だけでは系統なしと断定しにくい,
card_979017aa,キングレオ,なし,高,db_explicit_none,8,7,5,速攻,,v136分類: なし / 推定方法: db_explicit_none / 名前/説明だけでは系統なしと断定しにくい,
card_1c5a55aa,シュバルツシュルト,なし,高,db_explicit_none,8,6,5,召喚時：他の味方ユニットの数と同じだけカードを引く,,v136分類: なし / 推定方法: db_explicit_none / 名前/説明だけでは系統なしと断定しにくい,
card_5c8253b2,シルバリヌス,なし,高,db_explicit_none,8,7,7,ねらい撃ち、この対戦中に相手の場に出た氷塊の数分デッキと手札にあるこのカードのコスト-1,,v136分類: なし / 推定方法: db_explicit_none / 名前/説明だけでは系統なしと断定しにくい,
card_445d5e8a,デスゴーゴン,なし,高,db_explicit_none,8,8,8,このユニットの攻撃で敵ユニットを倒す度HPを超えた分だけ敵リーダーにダメージ。,,v136分類: なし / 推定方法: db_explicit_none / 名前/説明だけでは系統なしと断定しにくい,
card_8d8b59c8,トーマ王子,なし,高,db_explicit_none,8,6,6,召喚時:以下の4つから1つを選び発動する・虚無の剣・無我の心・鉄壁の盾・追憶の呪縛,,v136分類: なし / 推定方法: db_explicit_none / 名前/説明だけでは系統なしと断定しにくい,
card_86034a77,マッドファルコン,なし,高,db_explicit_none,8,3,4,速攻、この対戦中に味方リーダーが攻撃した回数分コスト-1,,v136分類: なし / 推定方法: db_explicit_none / 名前/説明だけでは系統なしと断定しにくい,
card_c245e2de,レッドプレデター,なし,高,db_explicit_none,8,0,7,におうだち、この対戦中に自分が使った特技カードの枚数と同じだけ攻撃力を上げる。 召喚時：敵ユニット1体に自身の攻撃力と同じダメージを与える,,v136分類: なし / 推定方法: db_explicit_none / 名前/説明だけでは系統なしと断定しにくい,
card_14750b13,怪蟲アラグネ,なし,高,db_explicit_none,8,4,10,召喚時：敵リーダーを毒状態にする。すでに毒状態ならこの対戦中、敵ユニットと敵リーダーが受ける毒ダメージ+1,,v136分類: なし / 推定方法: db_explicit_none / 名前/説明だけでは系統なしと断定しにくい,
card_653054d1,魔神機キラーマジンガ,なし,高,db_explicit_none,8,3,5,2回攻撃、自分のターン終了時ランダムな敵に2ダメージを2回与える。召喚時：このカード以外に自分の手札が6枚以上ある場合魔神機キラーマジンガを1体出す,,v136分類: なし / 推定方法: db_explicit_none / 名前/説明だけでは系統なしと断定しにくい,
card_ad112c5f,恐怖のツメ,なし,高,db_explicit_none,9,6,3,,,v136分類: なし / 推定方法: db_explicit_none / 名前/説明だけでは系統なしと断定しにくい,
card_19a6922d,コイン,なし,低,db_explicit_none,0,0,0,0コストカード。1度使用したら手札から消える。場の味方ユニットまたは装備武器のBETを1つ選んで発動する。,,v136分類: なし / 推定方法: db_explicit_none / 名称/説明上はなし系統の可能性が高いが確認用に残す,
card_3b346d69,スペシャルコイン,なし,低,db_explicit_none,0,0,0,マデサゴーラの能力で、自分のターン終了時に手札に加わる特殊なコイン。場に出ている味方ユニット全てのBETを発動する。相手ユニットは対象外。,,v136分類: なし / 推定方法: db_explicit_none / 名称/説明上はなし系統の可能性が高いが確認用に残す,
card_ce558ab3,道具：ちからのたね,なし,低,db_explicit_none,0,0,0,商人のテンションスキルや特技カードで３種類の道具カードのうちからランダムで加わるうちの一枚。,,v136分類: なし / 推定方法: db_explicit_none / 名称/説明上はなし系統の可能性が高いが確認用に残す,
card_a4c5f8ef,とうのへいたい,なし,低,db_explicit_none,1,1,2,におうだち、召喚時:後列１マスの地形をすべる床に変える。 この効果で地形の上書きはできない。,,v136分類: なし / 推定方法: db_explicit_none / 名称/説明上はなし系統の可能性が高いが確認用に残す,
token_strawberry_bomb,イチゴ爆弾,なし,低,db_explicit_none,1,0,3,"攻撃できない。
死亡時：隣接するユニットに2ダメージを与える。",./assets/custom_cards/ichigo_bakudan.png,v136分類: なし / 推定方法: db_explicit_none / 名称/説明上はなし系統の可能性が高いが確認用に残す,
card_1aa890f0,紋章を探す旅,なし,低,db_explicit_none,1,0,0,対象にできる敵ユニットがいる間敵リーダーを対象にできない。敵1体に2ダメージ、その後このヒーロースキルのコスト+1、ダメージ+1,,v136分類: なし / 推定方法: db_explicit_none / 名称/説明上はなし系統の可能性が高いが確認用に残す,
card_bb86dc5c,ゴールデンタイタス,なし,低,db_explicit_none,10,0,0,この対戦中にコインを自分の手札に加えた枚数分手札にあるこのカードのコスト-1,,v136分類: なし / 推定方法: db_explicit_none / 名称/説明上はなし系統の可能性が高いが確認用に残す,
card_98bf3b6b,くものきょじん,なし,低,db_explicit_none,2,2,3,死亡時:死亡したマスの地形を宝箱に変える。 この効果で地形の上書きはできない。,,v136分類: なし / 推定方法: db_explicit_none / 名称/説明上はなし系統の可能性が高いが確認用に残す,
card_2d9b1d3d,ゴールドタヌ,なし,低,db_explicit_none,2,2,2,召喚時:宝の地図1枚を手札に加える,,v136分類: なし / 推定方法: db_explicit_none / 名称/説明上はなし系統の可能性が高いが確認用に残す,
card_6d736276,ズッキーニャ,なし,低,db_explicit_none,2,2,2,召喚時:召喚されたマスの地形を刃の紋章に変える。この効果で地形の上書きはできない。,,v136分類: なし / 推定方法: db_explicit_none / 名称/説明上はなし系統の可能性が高いが確認用に残す,
card_3091e672,ダックカイト,なし,低,db_explicit_none,2,3,4,召喚時:召喚されたマスの地形をバリア床に変える。 この効果は地形の上書きはできない。,,v136分類: なし / 推定方法: db_explicit_none / 名称/説明上はなし系統の可能性が高いが確認用に残す,
token_pisaro_knight,ピサロナイト,なし,低,manual_override,2,3,2,,,v136分類: なし / 推定方法: manual_override / 名前/説明だけでは系統なしと断定しにくい,
card_8b93b221,ベンガルクーン,なし,低,db_explicit_none,3,3,3,召喚時:宝箱に召喚された場合、宝箱から4/4のミミックがあらわれる。,,v136分類: なし / 推定方法: db_explicit_none / 名称/説明上はなし系統の可能性が高いが確認用に残す,
card_9c45eab0,黄金兵,なし,低,db_explicit_none,3,2,3,におうだち、自分がコインを使う度このターン中手札にあるこのカードのコスト-2,,v136分類: なし / 推定方法: db_explicit_none / 名称/説明上はなし系統の可能性が高いが確認用に残す,
card_48b9240b,どぐうせんし,なし,低,db_explicit_none,4,3,6,召喚時:このユニットがいる横1列の後列マスの地形を全てバリア床に変える。 この効果で地形の上書きはできない。,,v136分類: なし / 推定方法: db_explicit_none / 名称/説明上はなし系統の可能性が高いが確認用に残す,
card_53eef9e2,みわくのランプ,なし,低,db_explicit_none,4,3,5,自分が占いカードを使う度ランダムな占い師のカード1枚を手札に加える,,v136分類: なし / 推定方法: db_explicit_none / 名称/説明上はなし系統の可能性が高いが確認用に残す,
card_d12a3c7c,カンダタ,なし,低,db_explicit_none,4,2,5,召喚時&攻撃時:敵の手札コイン1枚を盗む。盗めなかった場合攻撃力+1、自分の手札のコインの数分このユニットの攻撃力+1,,v136分類: なし / 推定方法: db_explicit_none / 名称/説明上はなし系統の可能性が高いが確認用に残す,
card_6e9c6bb6,ゴールドマン,なし,低,db_explicit_none,4,4,4,召喚時:上下のマスの地形を宝箱に変える。 この効果で地形の上書きはできない。,,v136分類: なし / 推定方法: db_explicit_none / 名称/説明上はなし系統の可能性が高いが確認用に残す,
card_7ef28896,サタンメイル,なし,低,db_explicit_none,4,4,4,召喚時:味方1マスの地形を刃の紋章に変える。 この効果で地形の上書きはできない。,,v136分類: なし / 推定方法: db_explicit_none / 名称/説明上はなし系統の可能性が高いが確認用に残す,
card_a5cfea29,ゴレオン将軍,なし,低,db_explicit_none,5,2,7,スキルリンク：GET(1)、BET:攻撃力+1、自分がコインを使う度味方リーダーのテンション+1,,v136分類: なし / 推定方法: db_explicit_none / 名称/説明上はなし系統の可能性が高いが確認用に残す,
card_5ee583f1,マリンフェアリー,なし,低,db_explicit_none,5,2,3,召喚時:手札にあるコインをランダムに1枚捨てる。そうした場合この対戦中に死亡した4コスト以下の味方ユニット3種類の中から1体を選んで復活させる,,v136分類: なし / 推定方法: db_explicit_none / 名称/説明上はなし系統の可能性が高いが確認用に残す,
