pool,name,cost,attack,hp,class,tribe,official_effect_text_from_cards_json,official_url,official_reference_status,v230_static_status,name_in_app_js,tracked_in_implemented_reports,mechanics_detected,risk_priority,recommended_next_action
cost2_unit_random_pool,あおだけ童子,2,2,3,商人,なし,召喚時：このカード以外の自分の手札が6枚以上ある場合攻撃力+2,https://gameconductor.com/dqrivals/c/d/296,official_detail_url_present_in_cards_json,OK_TRACKED_IMPLEMENTED,yes,yes,summon|hand,D_LOW_RISK_EVIDENCE_OK,低リスク。汎用キーワード/効果なし/既実装証跡として二次確認へ。
cost2_unit_random_pool,あくましんかん,2,2,2,占い師,なし,占い：(1)「死亡時：この場所に復活する」を得る(2)におうだちHP+1,https://gameconductor.com/dqrivals/c/d/1003,official_detail_url_present_in_cards_json,REVIEW_NAME_MENTIONED_ONLY,yes,no,death|fortune|basic_keyword,A_COMPLEX_NAME_ONLY,通常/必中/超必中、占い(1)/(2)誘発リスナーを確認。
cost2_unit_random_pool,あくまのす,2,2,3,魔法使い,なし,自分が特技を使う度このユニットのHP+1,https://gameconductor.com/dqrivals/c/d/951,official_detail_url_present_in_cards_json,OK_TRACKED_IMPLEMENTED,yes,yes,spell_used,C_COMPLEX_BUT_HAS_EVIDENCE,実装証跡あり。ただし複合効果なので実機/ソロテストで再確認。
cost2_unit_random_pool,あくまのめだま,2,2,3,魔法使い,ゾンビ,召喚時：次に場に出る魔王系の味方ユニットにねらい撃ちと攻撃力+1を付与する,https://gameconductor.com/dqrivals/c/d/1080,official_detail_url_present_in_cards_json,REVIEW_NAME_MENTIONED_ONLY,yes,no,summon|basic_keyword,B_NAME_ONLY_RECHECK,低リスク。汎用キーワード/効果なし/既実装証跡として二次確認へ。
cost2_unit_random_pool,あくまの書,2,2,2,魔法使い,なし,れんけい：自分の手札のコスト2以下のユニットカードを2枚選び、そのコピーを手札に加える。ターン終了時、この効果で加えたカードが手札にあれば破棄する。,https://gameconductor.com/dqrivals/c/d/1256,official_detail_url_present_in_cards_json,REVIEW_NAME_MENTIONED_ONLY,yes,no,renkei|turn_end|copy|cost_change|hand,A_COMPLEX_NAME_ONLY,テンション3条件のみ・テンション非消費・対象/場に出す/召喚時不発を確認。
cost2_unit_random_pool,あばれザル,2,3,2,武闘家,なし,絶好調、死亡時：このユニットが絶好調状態ならカードを1枚引く,https://gameconductor.com/dqrivals/c/d/873,official_detail_url_present_in_cards_json,REVIEW_NAME_MENTIONED_ONLY,yes,no,death|zekkocho|draw,A_COMPLEX_NAME_ONLY,死亡時のみ。消滅/変身/手札戻しでは発動しないことを確認。
cost2_unit_random_pool,あばれ足鳥,2,2,2,占い師,なし,占い:(1)速攻と貫通を得る、(2)+1/+1,https://gameconductor.com/dqrivals/c/d/1293,official_detail_url_present_in_cards_json,REVIEW_NAME_MENTIONED_ONLY,yes,no,fortune|basic_keyword,A_COMPLEX_NAME_ONLY,通常/必中/超必中、占い(1)/(2)誘発リスナーを確認。
cost2_unit_random_pool,いっかくうさぎ,2,2,1,共通,なし,速攻,https://gameconductor.com/dqrivals/c/d/6,official_detail_url_present_in_cards_json,OK_GENERIC_BASIC_KEYWORD,no,no,basic_keyword,D_LOW_RISK_EVIDENCE_OK,低リスク。汎用キーワード/効果なし/既実装証跡として二次確認へ。
cost2_unit_random_pool,うみうし,2,2,1,盗賊,なし,召喚時&手札から捨てた時：1/2のおおなめくじを1体出す,https://gameconductor.com/dqrivals/c/d/1405,official_detail_url_present_in_cards_json,OK_TRACKED_IMPLEMENTED,yes,yes,summon|discard_from_hand|put_into_play|hand,B_RECENTLY_FIXED_RECHECK,直近修正済み。公式文面との一致を再テスト対象にする。
cost2_unit_random_pool,おおがらす,2,1,3,魔剣士,なし,死亡時：カードを1枚引く,https://gameconductor.com/dqrivals/c/d/354,official_detail_url_present_in_cards_json,REVIEW_NAME_MENTIONED_ONLY,yes,no,death|draw,B_NAME_ONLY_RECHECK,低リスク。汎用キーワード/効果なし/既実装証跡として二次確認へ。
cost2_unit_random_pool,おおきづち,2,1,3,共通,なし,テンションリンク：このターン中攻撃力+2,https://gameconductor.com/dqrivals/c/d/54,official_detail_url_present_in_cards_json,REVIEW_NAME_MENTIONED_ONLY,yes,no,tension_link,A_COMPLEX_NAME_ONLY,公式文面どおり個別実装の有無を確認。
cost2_unit_random_pool,おおにわとり,2,2,1,武闘家,なし,召喚時：ランダムなコスト2以下の味方建物1つの耐久値+1、味方建物がないなら自分のデッキからコスト2以下の建物カードを1枚引く,https://gameconductor.com/dqrivals/c/d/1362,official_detail_url_present_in_cards_json,REVIEW_NAME_MENTIONED_ONLY,yes,no,summon|random|deck_search|draw|cost_change|building,A_COMPLEX_NAME_ONLY,手札から召喚時のみ発動。ランダムで場に出た場合に発動しないことを確認。
cost2_unit_random_pool,おおめだま,2,3,2,共通,なし,召喚時:全てのユニットのステルスを解除する。解除した数分+1/+2を得る。,https://gameconductor.com/dqrivals/c/d/788,official_detail_url_present_in_cards_json,REVIEW_NAME_MENTIONED_ONLY,yes,no,summon|stealth_clear|basic_keyword,B_NAME_ONLY_RECHECK,低リスク。汎用キーワード/効果なし/既実装証跡として二次確認へ。
cost2_unit_random_pool,おおドラキー,2,2,2,僧侶,なし,ねらい撃ち、召喚時：味方ヒーローがいる場合2/1のドラキーを1体出す,https://gameconductor.com/dqrivals/c/d/844,official_detail_url_present_in_cards_json,REVIEW_NAME_MENTIONED_ONLY,yes,no,summon|put_into_play|basic_keyword,B_NAME_ONLY_RECHECK,低リスク。汎用キーワード/効果なし/既実装証跡として二次確認へ。
cost2_unit_random_pool,おにびドングリ,2,2,2,魔剣士,なし,召喚時:このターン中ユニットが死亡しているなら魔力開放1枚を手札に加える,https://gameconductor.com/dqrivals/c/d/1300,official_detail_url_present_in_cards_json,REVIEW_NAME_MENTIONED_ONLY,yes,no,summon|hand,A_COMPLEX_NAME_ONLY,手札から召喚時のみ発動。ランダムで場に出た場合に発動しないことを確認。
cost2_unit_random_pool,おばけキノコ,2,2,2,共通,なし,死亡時：ランダムな敵1体を次のターン攻撃不能にする,https://gameconductor.com/dqrivals/c/d/49,official_detail_url_present_in_cards_json,OK_TRACKED_IMPLEMENTED,yes,yes,death|random,D_LOW_RISK_EVIDENCE_OK,低リスク。汎用キーワード/効果なし/既実装証跡として二次確認へ。
cost2_unit_random_pool,おばけパラソル,2,2,2,商人,なし,れんけい：敵1体に2ダメージ,https://gameconductor.com/dqrivals/c/d/1282,official_detail_url_present_in_cards_json,OK_TRACKED_IMPLEMENTED,yes,yes,renkei,C_COMPLEX_BUT_HAS_EVIDENCE,実装証跡あり。ただし複合効果なので実機/ソロテストで再確認。
cost2_unit_random_pool,おむつっこり,2,3,2,共通,なし,召喚時：HPを2回復,https://gameconductor.com/dqrivals/c/d/56,official_detail_url_present_in_cards_json,OK_TRACKED_IMPLEMENTED,yes,yes,summon,D_LOW_RISK_EVIDENCE_OK,低リスク。汎用キーワード/効果なし/既実装証跡として二次確認へ。
cost2_unit_random_pool,かくれんぼう,2,2,2,共通,なし,ステルス、れんけい：カードを1枚引く,https://gameconductor.com/dqrivals/c/d/1329,official_detail_url_present_in_cards_json,REVIEW_NAME_MENTIONED_ONLY,yes,no,renkei|draw|basic_keyword,A_COMPLEX_NAME_ONLY,テンション3条件のみ・テンション非消費・対象/場に出す/召喚時不発を確認。
cost2_unit_random_pool,かまいたち,2,2,2,共通,なし,召喚時：前列にいる他の全てのユニットに1ダメージ,https://gameconductor.com/dqrivals/c/d/1232,official_detail_url_present_in_cards_json,OK_TRACKED_IMPLEMENTED,yes,yes,summon|position,D_LOW_RISK_EVIDENCE_OK,低リスク。汎用キーワード/効果なし/既実装証跡として二次確認へ。
cost2_unit_random_pool,かれくさネズミ,2,2,1,商人,なし,味方ヒーローのヒーロースキルが発動する度メタルスライムを1体出す,https://gameconductor.com/dqrivals/c/d/742,official_detail_url_present_in_cards_json,OK_TRACKED_IMPLEMENTED,yes,yes,put_into_play,D_LOW_RISK_EVIDENCE_OK,低リスク。汎用キーワード/効果なし/既実装証跡として二次確認へ。
cost2_unit_random_pool,きめんどうし,2,2,3,占い師,なし,召喚時：自分のデッキの上からカードを2枚見る。1枚をデッキの上に戻し残りをデッキの下に戻す。,https://gameconductor.com/dqrivals/c/d/319,official_detail_url_present_in_cards_json,REVIEW_NAME_MENTIONED_ONLY,yes,no,summon|deck_top,A_COMPLEX_NAME_ONLY,手札から召喚時のみ発動。ランダムで場に出た場合に発動しないことを確認。
cost2_unit_random_pool,きりかぶおばけ,2,2,2,僧侶,なし,召喚時：GET(1)。BET：1ターンに1回のみ、他のランダムな味方ユニットのHP+2。,https://gameconductor.com/dqrivals/c/d/1124,official_detail_url_present_in_cards_json,REVIEW_NAME_MENTIONED_ONLY,yes,no,summon|bet|get|random,A_COMPLEX_NAME_ONLY,GET/BET入口、1ターン1回制限、累積カウント、コイン消費時誘発を確認。
cost2_unit_random_pool,くしざしツインズ,2,1,2,共通,なし,味方リーダーの武器の攻撃力+1,https://gameconductor.com/dqrivals/c/d/96,official_detail_url_present_in_cards_json,OK_TRACKED_IMPLEMENTED,yes,yes,,D_LOW_RISK_EVIDENCE_OK,低リスク。汎用キーワード/効果なし/既実装証跡として二次確認へ。
cost2_unit_random_pool,くものきょじん,2,2,3,商人,なし,死亡時:死亡したマスの地形を宝箱に変える。 この効果で地形の上書きはできない。,https://gameconductor.com/dqrivals/c/d/481,official_detail_url_present_in_cards_json,OK_TRACKED_IMPLEMENTED,yes,yes,death|terrain,D_LOW_RISK_EVIDENCE_OK,低リスク。汎用キーワード/効果なし/既実装証跡として二次確認へ。
cost2_unit_random_pool,くらやみハーピー,2,2,2,共通,なし,召喚時：ユニット1体のHPを攻撃力と同じ値にする,https://gameconductor.com/dqrivals/c/d/1027,official_detail_url_present_in_cards_json,REVIEW_NAME_MENTIONED_ONLY,yes,no,summon|target_modal,B_NAME_ONLY_RECHECK,低リスク。汎用キーワード/効果なし/既実装証跡として二次確認へ。
cost2_unit_random_pool,しにがみ,2,1,2,共通,ゾンビ,2回攻撃,https://gameconductor.com/dqrivals/c/d/45,official_detail_url_present_in_cards_json,OK_TRACKED_IMPLEMENTED,yes,yes,basic_keyword,D_LOW_RISK_EVIDENCE_OK,低リスク。汎用キーワード/効果なし/既実装証跡として二次確認へ。
cost2_unit_random_pool,しびれだんびら,2,3,2,盗賊,なし,召喚時:味方リーダーが装備中の武器に耐久力+1と「攻撃した敵ユニットを次のターン終了時まで攻撃不能にする」を付与する,https://gameconductor.com/dqrivals/c/d/1313,official_detail_url_present_in_cards_json,OK_TRACKED_IMPLEMENTED,yes,yes,summon|turn_end,D_LOW_RISK_EVIDENCE_OK,低リスク。汎用キーワード/効果なし/既実装証跡として二次確認へ。
cost2_unit_random_pool,しましまキャット,2,2,2,商人,なし,召喚時&死亡時：しあわせのたね1枚を手札に加える,https://gameconductor.com/dqrivals/c/d/1522,official_detail_url_present_in_cards_json,REVIEW_NAME_MENTIONED_ONLY,yes,no,summon|death|hand,A_COMPLEX_NAME_ONLY,手札から召喚時のみ発動。ランダムで場に出た場合に発動しないことを確認。
cost2_unit_random_pool,しりょうのきし,2,2,3,共通,ゾンビ,召喚時：敵リーダーが装備中の武器を-1/-1,https://gameconductor.com/dqrivals/c/d/1458,official_detail_url_present_in_cards_json,OK_TRACKED_IMPLEMENTED,yes,yes,summon,D_LOW_RISK_EVIDENCE_OK,低リスク。汎用キーワード/効果なし/既実装証跡として二次確認へ。
cost2_unit_random_pool,しんぴのよろい,2,0,0,僧侶,なし,この対戦の間味方リーダーは「自分のターン終了時味方リーダーのHPを2回復する」を得る,https://gameconductor.com/dqrivals/c/d/1154,official_detail_url_present_in_cards_json,OK_TRACKED_IMPLEMENTED,yes,yes,turn_end,D_LOW_RISK_EVIDENCE_OK,低リスク。汎用キーワード/効果なし/既実装証跡として二次確認へ。
cost2_unit_random_pool,じごくのハサミ,2,3,2,戦士,なし,絶好調、このユニットが絶好調状態なら相手のターン中このユニットが受けるダメージは1になる。,https://gameconductor.com/dqrivals/c/d/867,official_detail_url_present_in_cards_json,OK_TRACKED_IMPLEMENTED,yes,yes,zekkocho,D_LOW_RISK_EVIDENCE_OK,低リスク。汎用キーワード/効果なし/既実装証跡として二次確認へ。
cost2_unit_random_pool,じんめんじゅ,2,1,4,共通,なし,自分のターン終了時このユニットのHPを1回復,https://gameconductor.com/dqrivals/c/d/46,official_detail_url_present_in_cards_json,OK_TRACKED_IMPLEMENTED,yes,yes,turn_end,D_LOW_RISK_EVIDENCE_OK,低リスク。汎用キーワード/効果なし/既実装証跡として二次確認へ。
cost2_unit_random_pool,たけやりへい,2,2,2,共通,なし,召喚時：このターン中ユニット1体の攻撃力+2,https://gameconductor.com/dqrivals/c/d/51,official_detail_url_present_in_cards_json,REVIEW_NAME_MENTIONED_ONLY,yes,no,summon|target_modal,B_NAME_ONLY_RECHECK,低リスク。汎用キーワード/効果なし/既実装証跡として二次確認へ。
cost2_unit_random_pool,たんすミミック,2,2,2,商人,なし,召喚時：このカード以外の自分の手札が6枚以上ある場合敵ユニット1体をコストが1低いランダムなユニットに変身させる。,https://gameconductor.com/dqrivals/c/d/1523,official_detail_url_present_in_cards_json,OK_TRACKED_IMPLEMENTED,yes,yes,summon|transform|target_modal|random|cost_change|hand,D_LOW_RISK_EVIDENCE_OK,低リスク。汎用キーワード/効果なし/既実装証跡として二次確認へ。
cost2_unit_random_pool,だんごスライム,2,2,1,魔法使い,スライム,召喚時：カードを2枚引く。その後手札を2枚捨てる,https://gameconductor.com/dqrivals/c/d/611,official_detail_url_present_in_cards_json,OK_TRACKED_IMPLEMENTED,yes,yes,summon|draw|hand,D_LOW_RISK_EVIDENCE_OK,低リスク。汎用キーワード/効果なし/既実装証跡として二次確認へ。
cost2_unit_random_pool,つむりんママ,2,1,4,共通,スライム,このユニットを除くスライム系の味方ユニットの攻撃力+1,https://gameconductor.com/dqrivals/c/d/1173,official_detail_url_present_in_cards_json,REVIEW_NAME_MENTIONED_ONLY,yes,no,,B_NAME_ONLY_RECHECK,低リスク。汎用キーワード/効果なし/既実装証跡として二次確認へ。
cost2_unit_random_pool,とうろうへい,2,3,1,戦士,なし,召喚時：このターン中味方リーダーの攻撃力+1,https://gameconductor.com/dqrivals/c/d/169,official_detail_url_present_in_cards_json,REVIEW_NAME_MENTIONED_ONLY,yes,no,summon|leader_attack,B_NAME_ONLY_RECHECK,低リスク。汎用キーワード/効果なし/既実装証跡として二次確認へ。
cost2_unit_random_pool,とさかヘビ,2,2,2,共通,ドラゴン,召喚時：自分のデッキの上からカード4枚を見る。ドラゴン系のカードを1枚選びそれを引く。残りをデッキの下に戻す。,,official_detail_url_missing,REVIEW_NAME_MENTIONED_ONLY,yes,no,summon|deck_top,A_OFFICIAL_URL_MISSING,公式DB詳細URLの再取得が先。名前検索で公式IDを確認してから実装照合。
cost2_unit_random_pool,とつげきこぞう,2,3,4,共通,なし,正面に敵ユニットが1体もいない場合攻撃できない。,https://gameconductor.com/dqrivals/c/d/538,official_detail_url_present_in_cards_json,OK_TRACKED_IMPLEMENTED,yes,yes,,D_LOW_RISK_EVIDENCE_OK,低リスク。汎用キーワード/効果なし/既実装証跡として二次確認へ。
cost2_unit_random_pool,とらおとこ,2,3,2,共通,なし,召喚時:地形マスに召喚された場合+1/+1,https://gameconductor.com/dqrivals/c/d/509,official_detail_url_present_in_cards_json,REVIEW_NAME_MENTIONED_ONLY,yes,no,summon|terrain,A_COMPLEX_NAME_ONLY,手札から召喚時のみ発動。ランダムで場に出た場合に発動しないことを確認。
cost2_unit_random_pool,どくどくゾンビ,2,3,2,共通,ゾンビ,召喚時：ゾンビ系の味方ユニット1体を+1/+1,https://gameconductor.com/dqrivals/c/d/602,official_detail_url_present_in_cards_json,REVIEW_NAME_MENTIONED_ONLY,yes,no,summon|target_modal,B_NAME_ONLY_RECHECK,低リスク。汎用キーワード/効果なし/既実装証跡として二次確認へ。
cost2_unit_random_pool,どくやずきん,2,2,3,魔剣士,なし,相手がデッキからカードを手札に加える度的リーダーに1ダメージ,https://gameconductor.com/dqrivals/c/d/531,official_detail_url_present_in_cards_json,OK_TRACKED_IMPLEMENTED,yes,yes,deck_search|hand,D_LOW_RISK_EVIDENCE_OK,低リスク。汎用キーワード/効果なし/既実装証跡として二次確認へ。
cost2_unit_random_pool,どくろあらい,2,0,0,武闘家,なし,攻撃対象が敵リーダーの場合このターン中攻撃力+2,https://gameconductor.com/dqrivals/c/d/235,official_detail_url_present_in_cards_json,REVIEW_NAME_MENTIONED_ONLY,yes,no,,B_NAME_ONLY_RECHECK,低リスク。汎用キーワード/効果なし/既実装証跡として二次確認へ。
cost2_unit_random_pool,どくイモムシ,2,2,1,共通,なし,死亡時：ランダムな敵ユニット1体を毒にする,https://gameconductor.com/dqrivals/c/d/57,official_detail_url_present_in_cards_json,OK_TRACKED_IMPLEMENTED,yes,yes,death|target_modal|random,D_LOW_RISK_EVIDENCE_OK,低リスク。汎用キーワード/効果なし/既実装証跡として二次確認へ。
cost2_unit_random_pool,どんぐりベビー,2,2,3,僧侶,なし,味方リーダーのHPが回復する度カードを1枚引く,https://gameconductor.com/dqrivals/c/d/265,official_detail_url_present_in_cards_json,OK_TRACKED_IMPLEMENTED,yes,yes,heal_trigger|draw,C_COMPLEX_BUT_HAS_EVIDENCE,実装証跡あり。ただし複合効果なので実機/ソロテストで再確認。
cost2_unit_random_pool,はえおとこ,2,3,3,共通,なし,死亡時：相手リーダーのテンション+1,https://gameconductor.com/dqrivals/c/d/380,official_detail_url_present_in_cards_json,REVIEW_NAME_MENTIONED_ONLY,yes,no,death,B_NAME_ONLY_RECHECK,低リスク。汎用キーワード/効果なし/既実装証跡として二次確認へ。
cost2_unit_random_pool,はなカワセミ,2,2,3,共通,なし,パワフルバッジ：スライム系のユニットカードを使う度味方リーダーのHPを1回復,https://gameconductor.com/dqrivals/c/d/577,official_detail_url_present_in_cards_json,REVIEW_NAME_MENTIONED_ONLY,yes,no,powerful_badge,A_COMPLEX_NAME_ONLY,常在/バッジ再計算、後出し反映、場を離れた時の解除を確認。
cost2_unit_random_pool,はねスライム,2,2,3,武闘家,スライム,召喚時：スライム系の味方ユニット1体手札に戻す。 その後2回攻撃を得る。,https://gameconductor.com/dqrivals/c/d/656,official_detail_url_present_in_cards_json,OK_TRACKED_IMPLEMENTED,yes,yes,summon|target_modal|hand|basic_keyword,D_LOW_RISK_EVIDENCE_OK,低リスク。汎用キーワード/効果なし/既実装証跡として二次確認へ。
cost2_unit_random_pool,ひとくいサーベル,2,3,2,戦士,なし,味方リーダーの攻撃で敵ユニットを倒す度敵リーダーに1ダメージ,https://gameconductor.com/dqrivals/c/d/174,official_detail_url_present_in_cards_json,OK_TRACKED_IMPLEMENTED,yes,yes,leader_attack,D_LOW_RISK_EVIDENCE_OK,低リスク。汎用キーワード/効果なし/既実装証跡として二次確認へ。
cost2_unit_random_pool,ひとつめピエロ,2,0,4,魔法使い,なし,テンションリンク：ランダムな敵ユニット1体に1ダメージ,https://gameconductor.com/dqrivals/c/d/207,official_detail_url_present_in_cards_json,OK_TRACKED_IMPLEMENTED,yes,yes,tension_link|target_modal|random,D_LOW_RISK_EVIDENCE_OK,低リスク。汎用キーワード/効果なし/既実装証跡として二次確認へ。
cost2_unit_random_pool,ぷちメタル,2,1,2,商人,スライム,メタルボディ、BET:1ターンに1回のみ攻撃力+1と速攻を得る、自分のターン終了時GET(1)、この効果は一度しか発動しない,https://gameconductor.com/dqrivals/c/d/1200,official_detail_url_present_in_cards_json,REVIEW_NAME_MENTIONED_ONLY,yes,no,bet|get|turn_end|basic_keyword,A_COMPLEX_NAME_ONLY,GET/BET入口、1ターン1回制限、累積カウント、コイン消費時誘発を確認。
cost2_unit_random_pool,ほしふるうでわ,2,0,0,武闘家,なし,ユニット1体に「攻撃力が4以下の間速攻と2回攻撃を得る」を付与する,https://gameconductor.com/dqrivals/c/d/1151,official_detail_url_present_in_cards_json,REVIEW_NAME_MENTIONED_ONLY,yes,no,target_modal|basic_keyword,B_NAME_ONLY_RECHECK,低リスク。汎用キーワード/効果なし/既実装証跡として二次確認へ。
cost2_unit_random_pool,まおうのかめん,2,2,3,共通,なし,このカードは場と手札にある間魔王系としても扱う。 召喚時:自分の手札に魔王系カードがあるならステルスを得る,https://gameconductor.com/dqrivals/c/d/1459,official_detail_url_present_in_cards_json,REVIEW_NAME_MENTIONED_ONLY,yes,no,summon|hand|basic_keyword,A_COMPLEX_NAME_ONLY,手札から召喚時のみ発動。ランダムで場に出た場合に発動しないことを確認。
cost2_unit_random_pool,まおうのたまご,2,2,1,共通,スライム,死亡時：自分のデッキから本来のコストが5以上の魔王系のユニットカードをランダムに1枚手札に加える,https://gameconductor.com/dqrivals/c/d/1030,official_detail_url_present_in_cards_json,REVIEW_NAME_MENTIONED_ONLY,yes,no,death|random|deck_search|cost_change|hand,A_COMPLEX_NAME_ONLY,死亡時のみ。消滅/変身/手札戻しでは発動しないことを確認。
cost2_unit_random_pool,まじゅつし,2,2,2,魔法使い,なし,死亡時:死亡したマスの地形を魔法陣に変える。この効果で地形の上書きはできない。,https://gameconductor.com/dqrivals/c/d/499,official_detail_url_present_in_cards_json,OK_TRACKED_IMPLEMENTED,yes,yes,death|terrain,D_LOW_RISK_EVIDENCE_OK,低リスク。汎用キーワード/効果なし/既実装証跡として二次確認へ。
cost2_unit_random_pool,まじょ,2,3,2,魔法使い,なし,選択：・魔法使いの特技カードをランダムに1枚手札に加える・魔力の息吹を1枚手札に加える,https://gameconductor.com/dqrivals/c/d/1492,official_detail_url_present_in_cards_json,OK_TRACKED_IMPLEMENTED,yes,yes,choose|random|hand,D_LOW_RISK_EVIDENCE_OK,低リスク。汎用キーワード/効果なし/既実装証跡として二次確認へ。
cost2_unit_random_pool,まどうし,2,1,4,魔法使い,なし,攻撃時：このターン中特技ダメージ+1を得る,https://gameconductor.com/dqrivals/c/d/990,official_detail_url_present_in_cards_json,REVIEW_NAME_MENTIONED_ONLY,yes,no,attack,B_NAME_ONLY_RECHECK,低リスク。汎用キーワード/効果なし/既実装証跡として二次確認へ。
cost2_unit_random_pool,まものつかい,2,3,1,共通,なし,死亡時:自分のデッキからパワフルバッジを持つユニットを1枚引く,https://gameconductor.com/dqrivals/c/d/598,official_detail_url_present_in_cards_json,OK_TRACKED_IMPLEMENTED,yes,yes,death|powerful_badge|deck_search,C_COMPLEX_BUT_HAS_EVIDENCE,実装証跡あり。ただし複合効果なので実機/ソロテストで再確認。
cost2_unit_random_pool,みみずん,2,2,3,共通,なし,召喚時：味方建物1つを手札に戻す,https://gameconductor.com/dqrivals/c/d/1330,official_detail_url_present_in_cards_json,OK_TRACKED_IMPLEMENTED,yes,yes,summon|hand|building,D_LOW_RISK_EVIDENCE_OK,低リスク。汎用キーワード/効果なし/既実装証跡として二次確認へ。
cost2_unit_random_pool,むつでエビ,2,2,3,共通,なし,召喚時:相手の手札が3枚以下の場合HP+1とにおうだちを得る,https://gameconductor.com/dqrivals/c/d/424,official_detail_url_present_in_cards_json,REVIEW_NAME_MENTIONED_ONLY,yes,no,summon|hand|basic_keyword,A_COMPLEX_NAME_ONLY,手札から召喚時のみ発動。ランダムで場に出た場合に発動しないことを確認。
cost2_unit_random_pool,ももんじゃ,2,2,2,共通,なし,召喚時：敵ユニット１体につきHP+1,https://gameconductor.com/dqrivals/c/d/58,official_detail_url_present_in_cards_json,OK_TRACKED_IMPLEMENTED,yes,yes,summon,D_LOW_RISK_EVIDENCE_OK,低リスク。汎用キーワード/効果なし/既実装証跡として二次確認へ。
cost2_unit_random_pool,もりもりベス,2,2,3,武闘家,スライム,れんけい：味方の1マスを選択し、2/1のスライムベスを1体出す。,https://gameconductor.com/dqrivals/c/d/1266,official_detail_url_present_in_cards_json,REVIEW_NAME_MENTIONED_ONLY,yes,no,renkei|choose|put_into_play,A_COMPLEX_NAME_ONLY,テンション3条件のみ・テンション非消費・対象/場に出す/召喚時不発を確認。
cost2_unit_random_pool,やみのとうぞく,2,3,1,盗賊,なし,召喚時:相手のデッキのランダムなカードと同じカード1枚を手札に加える,https://gameconductor.com/dqrivals/c/d/1427,official_detail_url_present_in_cards_json,REVIEW_NAME_MENTIONED_ONLY,yes,no,summon|random|hand,A_COMPLEX_NAME_ONLY,手札から召喚時のみ発動。ランダムで場に出た場合に発動しないことを確認。
cost2_unit_random_pool,よるのていおう,2,2,2,共通,なし,テンションリンク：後列にいるランダムな敵ユニット1体を前列のランダムな空きマスに移動させる,https://gameconductor.com/dqrivals/c/d/62,official_detail_url_present_in_cards_json,REVIEW_NAME_MENTIONED_ONLY,yes,no,tension_link|position|target_modal|random,A_COMPLEX_NAME_ONLY,公式文面どおり個別実装の有無を確認。
cost2_unit_random_pool,わたぼう,2,2,2,共通,なし,ターンを終了したプレイヤーはカードを1枚引く,https://gameconductor.com/dqrivals/c/d/145,official_detail_url_present_in_cards_json,REVIEW_NAME_MENTIONED_ONLY,yes,no,draw,B_NAME_ONLY_RECHECK,低リスク。汎用キーワード/効果なし/既実装証跡として二次確認へ。
cost2_unit_random_pool,わらいぶくろ,2,1,2,共通,なし,召喚時：カードを1枚引く,https://gameconductor.com/dqrivals/c/d/20,official_detail_url_present_in_cards_json,REVIEW_NAME_MENTIONED_ONLY,yes,no,summon|draw,B_NAME_ONLY_RECHECK,低リスク。汎用キーワード/効果なし/既実装証跡として二次確認へ。
cost2_unit_random_pool,アルゴリザード,2,1,2,戦士,ドラゴン,速攻、れんけい：敵ユニット1体に2ダメージ,https://gameconductor.com/dqrivals/c/d/1246,official_detail_url_present_in_cards_json,REVIEW_NAME_MENTIONED_ONLY,yes,no,renkei|target_modal|basic_keyword,A_COMPLEX_NAME_ONLY,テンション3条件のみ・テンション非消費・対象/場に出す/召喚時不発を確認。
cost2_unit_random_pool,アロードッグ,2,3,1,商人,なし,召喚時：このカード以外の自分の手札が6枚以上ある場合敵1体に2ダメージ,https://gameconductor.com/dqrivals/c/d/443,official_detail_url_present_in_cards_json,OK_TRACKED_IMPLEMENTED,yes,yes,summon|hand,D_LOW_RISK_EVIDENCE_OK,低リスク。汎用キーワード/効果なし/既実装証跡として二次確認へ。
cost2_unit_random_pool,イエローシックル,2,1,4,共通,なし,正面にいるユニットと戦闘をする場合このターン中攻撃力+2,https://gameconductor.com/dqrivals/c/d/61,official_detail_url_present_in_cards_json,REVIEW_NAME_MENTIONED_ONLY,yes,no,,B_NAME_ONLY_RECHECK,低リスク。汎用キーワード/効果なし/既実装証跡として二次確認へ。
cost2_unit_random_pool,イノブタマン,2,2,2,共通,なし,召喚時：このターン中味方ユニット1体に攻撃力+3と「敵リーダーを攻撃できない」を付与する,https://gameconductor.com/dqrivals/c/d/973,official_detail_url_present_in_cards_json,OK_TRACKED_IMPLEMENTED,yes,yes,summon|target_modal,D_LOW_RISK_EVIDENCE_OK,低リスク。汎用キーワード/効果なし/既実装証跡として二次確認へ。
cost2_unit_random_pool,インプ,2,2,3,占い師,なし,召喚時：GET(1)。BET：デッキの一番上が偶数コストなら敵リーダーに2ダメージ。このユニットへのBETは1ターン1回,https://gameconductor.com/dqrivals/c/d/1162,official_detail_url_present_in_cards_json,REVIEW_NAME_MENTIONED_ONLY,yes,no,summon|bet|get|cost_change,A_COMPLEX_NAME_ONLY,GET/BET入口、1ターン1回制限、累積カウント、コイン消費時誘発を確認。
cost2_unit_random_pool,エビルアップル,2,2,1,共通,なし,味方のヒーロースキルが発動したターン中手札にあるこのユニットのコスト-2,https://gameconductor.com/dqrivals/c/d/860,official_detail_url_present_in_cards_json,OK_TRACKED_IMPLEMENTED,yes,yes,cost_change|hand,D_LOW_RISK_EVIDENCE_OK,低リスク。汎用キーワード/効果なし/既実装証跡として二次確認へ。
cost2_unit_random_pool,エビルスピリッツ,2,2,3,戦士,ゾンビ,ステルス、このユニットの攻撃は味方リーダーの攻撃としても扱う,https://gameconductor.com/dqrivals/c/d/838,official_detail_url_present_in_cards_json,OK_TRACKED_IMPLEMENTED,yes,yes,leader_attack|basic_keyword,B_RECENTLY_FIXED_RECHECK,直近修正済み。公式文面との一致を再テスト対象にする。
cost2_unit_random_pool,エビルポット,2,1,2,共通,なし,熟練度(0)、おうえん、死亡時:自分のデッキの上7枚から熟練度を持つカードを1枚引く。残りをデッキの下に戻す。(2)攻撃力+1,https://gameconductor.com/dqrivals/c/d/1582,official_detail_url_present_in_cards_json,REVIEW_NAME_MENTIONED_ONLY,yes,no,death|deck_top|draw|basic_keyword,A_COMPLEX_NAME_ONLY,死亡時のみ。消滅/変身/手札戻しでは発動しないことを確認。
cost2_unit_random_pool,エマ,2,1,2,盗賊,冒険者,召喚時:次の相手のターン終了時までステルスを得る。味方リーダーが攻撃した後やくそうを手札に加え味方リーダーのMPを1回復,https://gameconductor.com/dqrivals/c/d/1311,official_detail_url_present_in_cards_json,REVIEW_NAME_MENTIONED_ONLY,yes,no,summon|turn_end|hand|basic_keyword,A_COMPLEX_NAME_ONLY,手札から召喚時のみ発動。ランダムで場に出た場合に発動しないことを確認。
cost2_unit_random_pool,オコボルト,2,3,2,共通,なし,におうだち、召喚時：敵リーダーがパワフルバッジを持つ場合+2/+2,https://gameconductor.com/dqrivals/c/d/761,official_detail_url_present_in_cards_json,REVIEW_NAME_MENTIONED_ONLY,yes,no,summon|powerful_badge|basic_keyword,A_COMPLEX_NAME_ONLY,常在/バッジ再計算、後出し反映、場を離れた時の解除を確認。
cost2_unit_random_pool,オベルジーヌ,2,2,2,僧侶,なし,味方ユニットのHPが回復する度+1/+1,https://gameconductor.com/dqrivals/c/d/1276,official_detail_url_present_in_cards_json,OK_TRACKED_IMPLEMENTED,yes,yes,heal_trigger,C_COMPLEX_BUT_HAS_EVIDENCE,実装証跡あり。ただし複合効果なので実機/ソロテストで再確認。
cost2_unit_random_pool,オーク,2,2,3,共通,なし,貫通,https://gameconductor.com/dqrivals/c/d/48,official_detail_url_present_in_cards_json,OK_GENERIC_BASIC_KEYWORD,no,no,basic_keyword,D_LOW_RISK_EVIDENCE_OK,低リスク。汎用キーワード/効果なし/既実装証跡として二次確認へ。
cost2_unit_random_pool,カンダタこぶん,2,3,2,武闘家,なし,召喚時：GET(1)。BET：このターン中、次に使用するテンションカードのコストが0になる。,https://gameconductor.com/dqrivals/c/d/1149,official_detail_url_present_in_cards_json,REVIEW_NAME_MENTIONED_ONLY,yes,no,summon|bet|get|cost_change,A_COMPLEX_NAME_ONLY,GET/BET入口、1ターン1回制限、累積カウント、コイン消費時誘発を確認。
cost2_unit_random_pool,キメラ,2,3,2,共通,なし,召喚時：ユニット1体の位置を前後に入れ替える,https://gameconductor.com/dqrivals/c/d/93,official_detail_url_present_in_cards_json,OK_TRACKED_IMPLEMENTED,yes,yes,summon|target_modal,D_LOW_RISK_EVIDENCE_OK,低リスク。汎用キーワード/効果なし/既実装証跡として二次確認へ。
cost2_unit_random_pool,キラーG,2,2,2,戦士,なし,貫通、ステルス、死亡時：味方建物があるならカードを1枚引く,https://gameconductor.com/dqrivals/c/d/1341,official_detail_url_present_in_cards_json,REVIEW_NAME_MENTIONED_ONLY,yes,no,death|draw|building|basic_keyword,A_COMPLEX_NAME_ONLY,死亡時のみ。消滅/変身/手札戻しでは発動しないことを確認。
cost2_unit_random_pool,キラークラブ,2,2,3,盗賊,なし,召喚時:味方リーダーが装備中の武器に「この武器で攻撃した時の反撃ダメージ-2」を付与する,https://gameconductor.com/dqrivals/c/d/1312,official_detail_url_present_in_cards_json,OK_TRACKED_IMPLEMENTED,yes,yes,summon,D_LOW_RISK_EVIDENCE_OK,低リスク。汎用キーワード/効果なし/既実装証跡として二次確認へ。
cost2_unit_random_pool,キラーグース,2,3,3,占い師,なし,おうえん、召喚時：相手は50%の確率でカードを1枚引く,https://gameconductor.com/dqrivals/c/d/397,official_detail_url_present_in_cards_json,REVIEW_NAME_MENTIONED_ONLY,yes,no,summon|draw|basic_keyword,B_NAME_ONLY_RECHECK,低リスク。汎用キーワード/効果なし/既実装証跡として二次確認へ。
cost2_unit_random_pool,キーファ,2,3,2,商人,冒険者,死亡時:自分がこのユニットに使った特技カード全てを自分の手札に加える。,https://gameconductor.com/dqrivals/c/d/493,official_detail_url_present_in_cards_json,OK_TRACKED_IMPLEMENTED,yes,yes,death|hand,B_RECENTLY_FIXED_RECHECK,直近修正済み。公式文面との一致を再テスト対象にする。
cost2_unit_random_pool,ギズモ,2,2,2,戦士,なし,召喚時：GET(1) BET:正面にいる全ての敵ユニットに1ダメージ,https://gameconductor.com/dqrivals/c/d/1099,official_detail_url_present_in_cards_json,REVIEW_NAME_MENTIONED_ONLY,yes,no,summon|bet|get,A_COMPLEX_NAME_ONLY,GET/BET入口、1ターン1回制限、累積カウント、コイン消費時誘発を確認。
cost2_unit_random_pool,クックルー,2,3,2,商人,なし,死亡時：道具カード1枚を手札に加える,https://gameconductor.com/dqrivals/c/d/295,official_detail_url_present_in_cards_json,REVIEW_NAME_MENTIONED_ONLY,yes,no,death|hand,A_COMPLEX_NAME_ONLY,死亡時のみ。消滅/変身/手札戻しでは発動しないことを確認。
cost2_unit_random_pool,クロウズ,2,2,3,占い師,冒険者,召喚時:味方リーダーは必中モードになる。攻撃時:デッキの1番上のカードを見てデッキの一番下に移動させることができる。,https://gameconductor.com/dqrivals/c/d/829,official_detail_url_present_in_cards_json,REVIEW_NAME_MENTIONED_ONLY,yes,no,summon|attack,A_COMPLEX_NAME_ONLY,手札から召喚時のみ発動。ランダムで場に出た場合に発動しないことを確認。
cost2_unit_random_pool,グリズリー,2,3,2,武闘家,なし,召喚時:味方リーダーのテンションの数以下の攻撃力を持つ前列の味方ユニット1体を相手の手札に戻す。,https://gameconductor.com/dqrivals/c/d/519,official_detail_url_present_in_cards_json,REVIEW_NAME_MENTIONED_ONLY,yes,no,summon|position|target_modal|hand,A_COMPLEX_NAME_ONLY,手札から召喚時のみ発動。ランダムで場に出た場合に発動しないことを確認。
cost2_unit_random_pool,グリーンシザー,2,1,4,戦士,なし,正面にいるユニットと戦闘をする場合このターン攻撃力+3、味方冒険者が場に出た後そのユニットの前後に移動する,https://gameconductor.com/dqrivals/c/d/1561,official_detail_url_present_in_cards_json,OK_TRACKED_IMPLEMENTED,yes,yes,after_played_to_board,C_COMPLEX_BUT_HAS_EVIDENCE,実装証跡あり。ただし複合効果なので実機/ソロテストで再確認。
cost2_unit_random_pool,ケダモン,2,1,3,商人,なし,速攻、召喚時:このターン中味方リーダーが攻撃力+1を得る,https://gameconductor.com/dqrivals/c/d/929,official_detail_url_present_in_cards_json,REVIEW_NAME_MENTIONED_ONLY,yes,no,summon|basic_keyword,B_NAME_ONLY_RECHECK,低リスク。汎用キーワード/効果なし/既実装証跡として二次確認へ。
cost2_unit_random_pool,ケンタラウス,2,2,3,僧侶,なし,召喚時：味方ヒーローがいる場合このターン中味方リーダーは攻撃力+1を得る,https://gameconductor.com/dqrivals/c/d/875,official_detail_url_present_in_cards_json,OK_TRACKED_IMPLEMENTED,yes,yes,summon,D_LOW_RISK_EVIDENCE_OK,低リスク。汎用キーワード/効果なし/既実装証跡として二次確認へ。
cost2_unit_random_pool,コープスフライ,2,2,2,共通,ゾンビ,前列にいる場合両プレイヤーのユニットカードのコスト+1,https://gameconductor.com/dqrivals/c/d/95,official_detail_url_present_in_cards_json,OK_TRACKED_IMPLEMENTED,yes,yes,position|cost_change,D_LOW_RISK_EVIDENCE_OK,低リスク。汎用キーワード/効果なし/既実装証跡として二次確認へ。
cost2_unit_random_pool,ゴールドタヌ,2,2,2,共通,なし,召喚時:宝の地図1枚を手札に加える,https://gameconductor.com/dqrivals/c/d/1583,official_detail_url_present_in_cards_json,OK_TRACKED_IMPLEMENTED,yes,yes,summon|hand,D_LOW_RISK_EVIDENCE_OK,低リスク。汎用キーワード/効果なし/既実装証跡として二次確認へ。
cost2_unit_random_pool,サイおとこ,2,1,4,共通,なし,におうだち,https://gameconductor.com/dqrivals/c/d/537,official_detail_url_present_in_cards_json,OK_GENERIC_BASIC_KEYWORD,no,no,basic_keyword,D_LOW_RISK_EVIDENCE_OK,低リスク。汎用キーワード/効果なし/既実装証跡として二次確認へ。
cost2_unit_random_pool,サタンパピー,2,2,1,魔剣士,なし,召喚時:このターン中ユニットが死亡しているなら敵ユニット1体を-2/-2,https://gameconductor.com/dqrivals/c/d/1542,official_detail_url_present_in_cards_json,REVIEW_NAME_MENTIONED_ONLY,yes,no,summon|target_modal,B_NAME_ONLY_RECHECK,低リスク。汎用キーワード/効果なし/既実装証跡として二次確認へ。
cost2_unit_random_pool,サボテンボール,2,3,1,共通,なし,テンションリンク：お互いのリーダーに1ダメージ,https://gameconductor.com/dqrivals/c/d/379,official_detail_url_present_in_cards_json,OK_TRACKED_IMPLEMENTED,yes,yes,tension_link,D_LOW_RISK_EVIDENCE_OK,低リスク。汎用キーワード/効果なし/既実装証跡として二次確認へ。
cost2_unit_random_pool,サンダーラット,2,1,4,武闘家,なし,テンションリンク：敵リーダーに1ダメージ,https://gameconductor.com/dqrivals/c/d/1360,official_detail_url_present_in_cards_json,OK_TRACKED_IMPLEMENTED,yes,yes,tension_link,D_LOW_RISK_EVIDENCE_OK,低リスク。汎用キーワード/効果なし/既実装証跡として二次確認へ。
cost2_unit_random_pool,サーベルきつね,2,2,2,共通,なし,上下にいるユニットの攻撃力+1,https://gameconductor.com/dqrivals/c/d/47,official_detail_url_present_in_cards_json,OK_TRACKED_IMPLEMENTED,yes,yes,,D_LOW_RISK_EVIDENCE_OK,低リスク。汎用キーワード/効果なし/既実装証跡として二次確認へ。
cost2_unit_random_pool,ザイル,2,3,2,盗賊,なし,死亡時&手札から捨てた時:はるかぜのフルートを1枚手札に加える,https://gameconductor.com/dqrivals/c/d/1408,official_detail_url_present_in_cards_json,REVIEW_NAME_MENTIONED_ONLY,yes,no,death|discard_from_hand|hand,B_RECENTLY_FIXED_RECHECK,直近修正済み。公式文面との一致を再テスト対象にする。
cost2_unit_random_pool,シャドー,2,3,2,共通,なし,このユニットは効果の対象にならない。,https://gameconductor.com/dqrivals/c/d/43,official_detail_url_present_in_cards_json,OK_TRACKED_IMPLEMENTED,yes,yes,,D_LOW_RISK_EVIDENCE_OK,低リスク。汎用キーワード/効果なし/既実装証跡として二次確認へ。
cost2_unit_random_pool,シャール,2,2,3,僧侶,冒険者,味方ユニットのHPが回復する度他のランダムな味方ユニット1体を+1/+1,https://gameconductor.com/dqrivals/c/d/1278,official_detail_url_present_in_cards_json,OK_TRACKED_IMPLEMENTED,yes,yes,heal_trigger|target_modal|random,C_COMPLEX_BUT_HAS_EVIDENCE,実装証跡あり。ただし複合効果なので実機/ソロテストで再確認。
cost2_unit_random_pool,シールドこぞう,2,2,2,共通,なし,におうだち,https://gameconductor.com/dqrivals/c/d/7,official_detail_url_present_in_cards_json,OK_GENERIC_BASIC_KEYWORD,no,no,basic_keyword,D_LOW_RISK_EVIDENCE_OK,低リスク。汎用キーワード/効果なし/既実装証跡として二次確認へ。
cost2_unit_random_pool,ジャイアントバット,2,2,2,武闘家,なし,召喚時：このユニットにさくせんを出す。自分のターン中このユニットが戦闘ダメージを与えた敵を次のターン終了時まで攻撃不能にする,https://gameconductor.com/dqrivals/c/d/1361,official_detail_url_present_in_cards_json,OK_TRACKED_IMPLEMENTED,yes,yes,summon|turn_end|put_into_play,D_LOW_RISK_EVIDENCE_OK,低リスク。汎用キーワード/効果なし/既実装証跡として二次確認へ。
cost2_unit_random_pool,ジュエルン,2,1,1,僧侶,なし,召喚時：自分のデッキからコスト3以下の建物カードを1枚引く。そのカードのコストを-1,https://gameconductor.com/dqrivals/c/d/1368,official_detail_url_present_in_cards_json,REVIEW_NAME_MENTIONED_ONLY,yes,no,summon|deck_search|draw|cost_change|building,A_COMPLEX_NAME_ONLY,手札から召喚時のみ発動。ランダムで場に出た場合に発動しないことを確認。
cost2_unit_random_pool,スカルガルー,2,2,2,共通,なし,前列にいる場合自分がデッキからカードを手札に加える度攻撃力+1,https://gameconductor.com/dqrivals/c/d/832,official_detail_url_present_in_cards_json,OK_TRACKED_IMPLEMENTED,yes,yes,position|deck_search|hand,D_LOW_RISK_EVIDENCE_OK,低リスク。汎用キーワード/効果なし/既実装証跡として二次確認へ。
cost2_unit_random_pool,スキッパー,2,2,2,占い師,なし,テンションリンク：デッキの一番上のカードのコストが奇数ならそのカードを手札に加える。,https://gameconductor.com/dqrivals/c/d/324,official_detail_url_present_in_cards_json,OK_TRACKED_IMPLEMENTED,yes,yes,tension_link|cost_change|hand,D_LOW_RISK_EVIDENCE_OK,低リスク。汎用キーワード/効果なし/既実装証跡として二次確認へ。
cost2_unit_random_pool,スノーベビー,2,3,2,盗賊,なし,召喚時：ダメージを受けている敵ユニット1体に2ダメージ,https://gameconductor.com/dqrivals/c/d/1428,official_detail_url_present_in_cards_json,OK_TRACKED_IMPLEMENTED,yes,yes,summon|target_modal,D_LOW_RISK_EVIDENCE_OK,低リスク。汎用キーワード/効果なし/既実装証跡として二次確認へ。
cost2_unit_random_pool,スノーム,2,1,2,盗賊,スライム,ステルス、召喚時：スノームを1体出す,https://gameconductor.com/dqrivals/c/d/1553,official_detail_url_present_in_cards_json,REVIEW_NAME_MENTIONED_ONLY,yes,no,summon|put_into_play|basic_keyword,B_NAME_ONLY_RECHECK,低リスク。汎用キーワード/効果なし/既実装証跡として二次確認へ。
cost2_unit_random_pool,スノーモン,2,2,3,魔法使い,なし,死亡時：敵のランダムな空きマスに氷塊を1つ出す,https://gameconductor.com/dqrivals/c/d/451,official_detail_url_present_in_cards_json,REVIEW_NAME_MENTIONED_ONLY,yes,no,death|random|put_into_play,B_NAME_ONLY_RECHECK,低リスク。汎用キーワード/効果なし/既実装証跡として二次確認へ。
cost2_unit_random_pool,スピンサタン,2,3,2,占い師,なし,召喚時:自分が次に使用する占いカードは発動する効果を選べる 味方リーダーが必中モードの場合手札のこのカードのコスト-1,https://gameconductor.com/dqrivals/c/d/1292,official_detail_url_present_in_cards_json,REVIEW_NAME_MENTIONED_ONLY,yes,no,summon|fortune|cost_change|hand,A_COMPLEX_NAME_ONLY,通常/必中/超必中、占い(1)/(2)誘発リスナーを確認。
cost2_unit_random_pool,スライムスノー,2,2,2,魔法使い,スライム,召喚時：自分のデッキにメラ系の特技カードが無いならこのユニットは特技ダメージ+1を得る。その後カードを1枚引く,https://gameconductor.com/dqrivals/c/d/1255,official_detail_url_present_in_cards_json,REVIEW_NAME_MENTIONED_ONLY,yes,no,summon|draw,A_COMPLEX_NAME_ONLY,手札から召喚時のみ発動。ランダムで場に出た場合に発動しないことを確認。
cost2_unit_random_pool,ズッキーニャ,2,2,2,戦士,なし,召喚時:召喚されたマスの地形を刃の紋章に変える。この効果で地形の上書きはできない。,https://gameconductor.com/dqrivals/c/d/504,official_detail_url_present_in_cards_json,OK_TRACKED_IMPLEMENTED,yes,yes,summon|terrain,D_LOW_RISK_EVIDENCE_OK,低リスク。汎用キーワード/効果なし/既実装証跡として二次確認へ。
cost2_unit_random_pool,ソードファントム,2,2,2,商人,ゾンビ,シンクロ:①ステルス、②死亡時:全てのユニットに1ダメージ、③攻撃力+2,https://gameconductor.com/dqrivals/c/d/963,official_detail_url_present_in_cards_json,REVIEW_NAME_MENTIONED_ONLY,yes,no,death|synchro|basic_keyword,A_COMPLEX_NAME_ONLY,死亡時のみ。消滅/変身/手札戻しでは発動しないことを確認。
cost2_unit_random_pool,タイガーランス,2,3,3,共通,なし,召喚時：指定の敵マスに1/1のスライムを1体出す,https://gameconductor.com/dqrivals/c/d/1116,official_detail_url_present_in_cards_json,OK_TRACKED_IMPLEMENTED,yes,yes,summon|put_into_play,D_LOW_RISK_EVIDENCE_OK,低リスク。汎用キーワード/効果なし/既実装証跡として二次確認へ。
cost2_unit_random_pool,タイプG,2,1,1,商人,なし,スキルブースト:+1/+1、自身の攻撃力にあわせて場にいる間、以下の効果を得る。 攻撃力3以上:貫通、攻撃力5以上:ねらい撃ち、攻撃力10以上:2回攻撃,https://gameconductor.com/dqrivals/c/d/1283,official_detail_url_present_in_cards_json,REVIEW_NAME_MENTIONED_ONLY,yes,no,skill_boost|basic_keyword,A_COMPLEX_NAME_ONLY,公式文面どおり個別実装の有無を確認。
cost2_unit_random_pool,ダックカイト,2,3,4,魔剣士,なし,召喚時:召喚されたマスの地形をバリア床に変える。 この効果は地形の上書きはできない。,https://gameconductor.com/dqrivals/c/d/497,official_detail_url_present_in_cards_json,OK_TRACKED_IMPLEMENTED,yes,yes,summon|terrain,D_LOW_RISK_EVIDENCE_OK,低リスク。汎用キーワード/効果なし/既実装証跡として二次確認へ。
cost2_unit_random_pool,ダンスニードル,2,1,4,戦士,なし,貫通、貫通を持つ他の全ての味方ユニットの攻撃力+1,https://gameconductor.com/dqrivals/c/d/948,official_detail_url_present_in_cards_json,REVIEW_NAME_MENTIONED_ONLY,yes,no,basic_keyword,B_NAME_ONLY_RECHECK,低リスク。汎用キーワード/効果なし/既実装証跡として二次確認へ。
cost2_unit_random_pool,ダークプラネット,2,3,2,共通,なし,選択：・ダンジョンではない敵建物１つの耐久値を2にする。・ダンジョンではない敵建物1つの耐久値を-2,https://gameconductor.com/dqrivals/c/d/1460,official_detail_url_present_in_cards_json,REVIEW_NAME_MENTIONED_ONLY,yes,no,choose|building|dungeon,A_COMPLEX_NAME_ONLY,公式文面どおり個別実装の有無を確認。
cost2_unit_random_pool,ダークホビット,2,2,3,共通,なし,熟練度(0)、(3)におうだち+1/+1,https://gameconductor.com/dqrivals/c/d/1580,official_detail_url_present_in_cards_json,REVIEW_NAME_MENTIONED_ONLY,yes,no,basic_keyword,B_NAME_ONLY_RECHECK,低リスク。汎用キーワード/効果なし/既実装証跡として二次確認へ。
cost2_unit_random_pool,チャゴス王子,2,2,2,僧侶,冒険者,召喚時：GET(1)。BET：速攻を得る。このユニットが攻撃対象として選択された時、手札に戻る,https://gameconductor.com/dqrivals/c/d/1182,official_detail_url_present_in_cards_json,REVIEW_NAME_MENTIONED_ONLY,yes,no,summon|bet|get|choose|hand|basic_keyword,A_COMPLEX_NAME_ONLY,GET/BET入口、1ターン1回制限、累積カウント、コイン消費時誘発を確認。
cost2_unit_random_pool,チョコタワー,2,2,2,共通,スライム,召喚時：自分の手札から1枚選んで捨てた後カードを1枚引く,https://gameconductor.com/dqrivals/c/d/1328,official_detail_url_present_in_cards_json,REVIEW_NAME_MENTIONED_ONLY,yes,no,summon|draw|hand,A_COMPLEX_NAME_ONLY,手札から召喚時のみ発動。ランダムで場に出た場合に発動しないことを確認。
cost2_unit_random_pool,テンツク,2,2,3,僧侶,なし,死亡時:死亡したマスの地形を祝福の聖域に変える。 この効果で地形の上書きはできない。,https://gameconductor.com/dqrivals/c/d/522,official_detail_url_present_in_cards_json,OK_TRACKED_IMPLEMENTED,yes,yes,death|terrain,D_LOW_RISK_EVIDENCE_OK,低リスク。汎用キーワード/効果なし/既実装証跡として二次確認へ。
cost2_unit_random_pool,デスフラッター,2,1,2,魔法使い,なし,召喚時：自分のデッキの上からカード4枚を見る。ユニットカード以外のカードを1枚選び、それを引く。残りをデッキの下に戻す,https://gameconductor.com/dqrivals/c/d/1350,official_detail_url_present_in_cards_json,REVIEW_NAME_MENTIONED_ONLY,yes,no,summon|deck_top,A_COMPLEX_NAME_ONLY,手札から召喚時のみ発動。ランダムで場に出た場合に発動しないことを確認。
cost2_unit_random_pool,デッドペッカー,2,1,2,共通,なし,絶好調、速攻、このユニットが絶好調状態なら攻撃力+1を得る,https://gameconductor.com/dqrivals/c/d/914,official_detail_url_present_in_cards_json,REVIEW_NAME_MENTIONED_ONLY,yes,no,zekkocho|basic_keyword,A_COMPLEX_NAME_ONLY,公式文面どおり個別実装の有無を確認。
cost2_unit_random_pool,デビルパピヨン,2,2,2,魔剣士,なし,召喚時：GET(1)。BET：ランダムな敵ユニット1体を毒にする,https://gameconductor.com/dqrivals/c/d/1134,official_detail_url_present_in_cards_json,REVIEW_NAME_MENTIONED_ONLY,yes,no,summon|bet|get|target_modal|random,A_COMPLEX_NAME_ONLY,GET/BET入口、1ターン1回制限、累積カウント、コイン消費時誘発を確認。
cost2_unit_random_pool,トンネラー,2,1,3,共通,なし,におうだち、れんけい：+1/+1,https://gameconductor.com/dqrivals/c/d/1234,official_detail_url_present_in_cards_json,REVIEW_NAME_MENTIONED_ONLY,yes,no,renkei|basic_keyword,A_COMPLEX_NAME_ONLY,テンション3条件のみ・テンション非消費・対象/場に出す/召喚時不発を確認。
cost2_unit_random_pool,ドラゴスライム,2,2,3,共通,スライム,召喚時：味方ユニット１体を絶好調状態に戻す,https://gameconductor.com/dqrivals/c/d/857,official_detail_url_present_in_cards_json,OK_TRACKED_IMPLEMENTED,yes,yes,summon|zekkocho,D_LOW_RISK_EVIDENCE_OK,低リスク。汎用キーワード/効果なし/既実装証跡として二次確認へ。
cost2_unit_random_pool,ドロヌーバ,2,2,3,共通,なし,ステルス,https://gameconductor.com/dqrivals/c/d/55,official_detail_url_present_in_cards_json,OK_GENERIC_BASIC_KEYWORD,no,no,basic_keyword,D_LOW_RISK_EVIDENCE_OK,低リスク。汎用キーワード/効果なし/既実装証跡として二次確認へ。
cost2_unit_random_pool,ドロル,2,2,3,共通,ゾンビ,,https://gameconductor.com/dqrivals/c/d/576,official_detail_url_present_in_cards_json,OK_EFFECT_NONE,no,no,,D_LOW_RISK_EVIDENCE_OK,低リスク。汎用キーワード/効果なし/既実装証跡として二次確認へ。
cost2_unit_random_pool,ナイトウィスプ,2,2,2,占い師,なし,,https://gameconductor.com/dqrivals/c/d/1055,official_detail_url_present_in_cards_json,OK_EFFECT_NONE,yes,no,,D_LOW_RISK_EVIDENCE_OK,低リスク。汎用キーワード/効果なし/既実装証跡として二次確認へ。
cost2_unit_random_pool,ナスビナーラ,2,2,3,共通,なし,召喚時：ユニット１体を縦1列の中央に移動させる,https://gameconductor.com/dqrivals/c/d/59,official_detail_url_present_in_cards_json,OK_TRACKED_IMPLEMENTED,yes,yes,summon,D_LOW_RISK_EVIDENCE_OK,低リスク。汎用キーワード/効果なし/既実装証跡として二次確認へ。
cost2_unit_random_pool,ニセたいこう,2,2,3,戦士,なし,召喚時：次に場に出る魔王系の味方ユニットににおうだちを付与する,https://gameconductor.com/dqrivals/c/d/1022,official_detail_url_present_in_cards_json,REVIEW_NAME_MENTIONED_ONLY,yes,no,summon|basic_keyword,B_NAME_ONLY_RECHECK,低リスク。汎用キーワード/効果なし/既実装証跡として二次確認へ。
cost2_unit_random_pool,パペットこぞう,2,3,2,占い師,なし,占い：(1)味方リーダーのテンション-1、(2)+1/+1を得る,https://gameconductor.com/dqrivals/c/d/331,official_detail_url_present_in_cards_json,OK_TRACKED_IMPLEMENTED,yes,yes,fortune,C_COMPLEX_BUT_HAS_EVIDENCE,実装証跡あり。ただし複合効果なので実機/ソロテストで再確認。
cost2_unit_random_pool,ヒポせんし,2,2,3,共通,なし,敵リーダーのテンションが上がる度攻撃力+1,https://gameconductor.com/dqrivals/c/d/508,official_detail_url_present_in_cards_json,OK_TRACKED_IMPLEMENTED,yes,yes,,B_RECENTLY_FIXED_RECHECK,直近修正済み。公式文面との一致を再テスト対象にする。
cost2_unit_random_pool,ヒートギズモ,2,2,2,魔剣士,なし,前列召喚時：正面にいる敵ユニットに2ダメージ、後列召喚時：味方リーダーのテンション+1,https://gameconductor.com/dqrivals/c/d/1396,official_detail_url_present_in_cards_json,REVIEW_NAME_MENTIONED_ONLY,yes,no,summon|position,B_NAME_ONLY_RECHECK,低リスク。汎用キーワード/効果なし/既実装証跡として二次確認へ。
cost2_unit_random_pool,ビッグスロース,2,1,1,武闘家,なし,自分がコスト1以下の手札を使う度+1/+1,https://gameconductor.com/dqrivals/c/d/236,official_detail_url_present_in_cards_json,REVIEW_NAME_MENTIONED_ONLY,yes,no,cost_change|hand,A_COMPLEX_NAME_ONLY,公式文面どおり個別実装の有無を確認。
cost2_unit_random_pool,ビッグハンマー,2,2,3,盗賊,なし,召喚時：自分のデッキから建物カードを1枚手札に加える。その後自分の手札から1枚選んで捨てる,https://gameconductor.com/dqrivals/c/d/1406,official_detail_url_present_in_cards_json,OK_TRACKED_IMPLEMENTED,yes,yes,summon|deck_search|hand|building,D_LOW_RISK_EVIDENCE_OK,低リスク。汎用キーワード/効果なし/既実装証跡として二次確認へ。
cost2_unit_random_pool,ピクシー,2,1,4,共通,なし,ねらい撃ち,https://gameconductor.com/dqrivals/c/d/536,official_detail_url_present_in_cards_json,OK_GENERIC_BASIC_KEYWORD,no,no,basic_keyword,D_LOW_RISK_EVIDENCE_OK,低リスク。汎用キーワード/効果なし/既実装証跡として二次確認へ。
cost2_unit_random_pool,ピサロのてさき,2,2,1,魔剣士,なし,絶好調、死亡時：このユニットが絶好調状態ならこの場所にピサロナイトを出す,https://gameconductor.com/dqrivals/c/d/887,official_detail_url_present_in_cards_json,REVIEW_NAME_MENTIONED_ONLY,yes,no,death|zekkocho|put_into_play,A_COMPLEX_NAME_ONLY,死亡時のみ。消滅/変身/手札戻しでは発動しないことを確認。
cost2_unit_random_pool,ピンクモーモン,2,2,3,僧侶,なし,このユニットの攻撃で与えたダメージ分味方リーダーのHPを回復する,https://gameconductor.com/dqrivals/c/d/266,official_detail_url_present_in_cards_json,REVIEW_NAME_MENTIONED_ONLY,yes,no,,B_NAME_ONLY_RECHECK,低リスク。汎用キーワード/効果なし/既実装証跡として二次確認へ。
cost2_unit_random_pool,ファーリス王子,2,1,2,戦士,冒険者,自分のターン終了時このユニットがブロックされているなら味方リーダーのテンション+1、カードを1枚引く,https://gameconductor.com/dqrivals/c/d/1247,official_detail_url_present_in_cards_json,OK_TRACKED_IMPLEMENTED,yes,yes,turn_end|draw,B_RECENTLY_FIXED_RECHECK,直近修正済み。公式文面との一致を再テスト対象にする。
cost2_unit_random_pool,フレイム,2,1,1,共通,なし,前列にいる場合攻撃力+3,https://gameconductor.com/dqrivals/c/d/50,official_detail_url_present_in_cards_json,OK_TRACKED_IMPLEMENTED,yes,yes,position,D_LOW_RISK_EVIDENCE_OK,低リスク。汎用キーワード/効果なし/既実装証跡として二次確認へ。
cost2_unit_random_pool,フロッガー,2,3,2,魔法使い,なし,スライム系の味方ユニットが場に出る度ランダムな敵1体に1ダメージ,https://gameconductor.com/dqrivals/c/d/1187,official_detail_url_present_in_cards_json,OK_TRACKED_IMPLEMENTED,yes,yes,on_played_to_board|random,C_COMPLEX_BUT_HAS_EVIDENCE,実装証跡あり。ただし複合効果なので実機/ソロテストで再確認。
cost2_unit_random_pool,フーセンドラゴン,2,1,3,僧侶,ドラゴン,におうだち,https://gameconductor.com/dqrivals/c/d/1424,official_detail_url_present_in_cards_json,REVIEW_NAME_MENTIONED_ONLY,yes,no,basic_keyword,B_NAME_ONLY_RECHECK,低リスク。汎用キーワード/効果なし/既実装証跡として二次確認へ。
cost2_unit_random_pool,ブチュチュンパ,2,3,2,共通,なし,召喚時：全ての敵ユニットは絶好調状態ではなくなる。,https://gameconductor.com/dqrivals/c/d/858,official_detail_url_present_in_cards_json,OK_TRACKED_IMPLEMENTED,yes,yes,summon|zekkocho,D_LOW_RISK_EVIDENCE_OK,低リスク。汎用キーワード/効果なし/既実装証跡として二次確認へ。
cost2_unit_random_pool,ブライ,2,1,3,武闘家,冒険者,特技ダメージ+1、召喚時：このターン味方1体の攻撃力+2,https://gameconductor.com/dqrivals/c/d/1047,official_detail_url_present_in_cards_json,OK_TRACKED_IMPLEMENTED,yes,yes,summon,D_LOW_RISK_EVIDENCE_OK,低リスク。汎用キーワード/効果なし/既実装証跡として二次確認へ。
cost2_unit_random_pool,ブラックマンティス,2,1,4,僧侶,なし,におうだち、召喚時：敵ユニット1体の攻撃力-1,https://gameconductor.com/dqrivals/c/d/1087,official_detail_url_present_in_cards_json,REVIEW_NAME_MENTIONED_ONLY,yes,no,summon|target_modal|basic_keyword,B_NAME_ONLY_RECHECK,低リスク。汎用キーワード/効果なし/既実装証跡として二次確認へ。
cost2_unit_random_pool,ブラッドソード,2,2,2,戦士,なし,死亡時：味方ヒーローがいる場合自分のデッキからコスト2以下の武器を装備する。,https://gameconductor.com/dqrivals/c/d/794,official_detail_url_present_in_cards_json,REVIEW_NAME_MENTIONED_ONLY,yes,no,death|deck_search|cost_change,A_COMPLEX_NAME_ONLY,死亡時のみ。消滅/変身/手札戻しでは発動しないことを確認。
cost2_unit_random_pool,プオーン,2,3,2,武闘家,なし,召喚時：自分のデッキからコストが最も高い武闘家のカードを手札に1枚加える,https://gameconductor.com/dqrivals/c/d/902,official_detail_url_present_in_cards_json,REVIEW_NAME_MENTIONED_ONLY,yes,no,summon|deck_search|cost_change|hand,A_COMPLEX_NAME_ONLY,手札から召喚時のみ発動。ランダムで場に出た場合に発動しないことを確認。
cost2_unit_random_pool,プチヒーロー,2,2,2,共通,なし,シンクロ:①HP+1、②攻撃力+1、③HP+1,https://gameconductor.com/dqrivals/c/d/912,official_detail_url_present_in_cards_json,REVIEW_NAME_MENTIONED_ONLY,yes,no,synchro,A_COMPLEX_NAME_ONLY,公式文面どおり個別実装の有無を確認。
cost2_unit_random_pool,プテラノドン,2,2,1,共通,なし,死亡時：自分のデッキからコストが4以下の冒険者カードをランダムに1枚手札に加える,https://gameconductor.com/dqrivals/c/d/978,official_detail_url_present_in_cards_json,REVIEW_NAME_MENTIONED_ONLY,yes,no,death|random|deck_search|cost_change|hand,A_COMPLEX_NAME_ONLY,死亡時のみ。消滅/変身/手札戻しでは発動しないことを確認。
cost2_unit_random_pool,プヨンターゲット,2,2,3,占い師,なし,におうだち,https://gameconductor.com/dqrivals/c/d/813,official_detail_url_present_in_cards_json,REVIEW_NAME_MENTIONED_ONLY,yes,no,basic_keyword,B_NAME_ONLY_RECHECK,低リスク。汎用キーワード/効果なし/既実装証跡として二次確認へ。
cost2_unit_random_pool,プラズママウス,2,3,2,武闘家,なし,味方ヒーローがいる場合速攻を得る,https://gameconductor.com/dqrivals/c/d/798,official_detail_url_present_in_cards_json,REVIEW_NAME_MENTIONED_ONLY,yes,no,basic_keyword,B_NAME_ONLY_RECHECK,低リスク。汎用キーワード/効果なし/既実装証跡として二次確認へ。
cost2_unit_random_pool,プークプック,2,1,3,共通,なし,前後にいる味方ユニットの攻撃力+1,https://gameconductor.com/dqrivals/c/d/52,official_detail_url_present_in_cards_json,OK_TRACKED_IMPLEMENTED,yes,yes,,D_LOW_RISK_EVIDENCE_OK,低リスク。汎用キーワード/効果なし/既実装証跡として二次確認へ。
cost2_unit_random_pool,ヘルコンドル,2,3,1,共通,なし,ねらい撃ち,https://gameconductor.com/dqrivals/c/d/60,official_detail_url_present_in_cards_json,OK_GENERIC_BASIC_KEYWORD,no,no,basic_keyword,D_LOW_RISK_EVIDENCE_OK,低リスク。汎用キーワード/効果なし/既実装証跡として二次確認へ。
cost2_unit_random_pool,ヘルホーネット,2,2,2,商人,なし,召喚時：味方ユニット1体の攻撃力+1,https://gameconductor.com/dqrivals/c/d/287,official_detail_url_present_in_cards_json,OK_TRACKED_IMPLEMENTED,yes,yes,summon|target_modal,D_LOW_RISK_EVIDENCE_OK,低リスク。汎用キーワード/効果なし/既実装証跡として二次確認へ。
cost2_unit_random_pool,ヘンリー,2,2,3,商人,冒険者,シンクロ：(1)HP+1、(2)味方のヒーロースキルのコストは1下がる、(3)味方のヒーロースキルを1ターンに2回まで発動できる,https://gameconductor.com/dqrivals/c/d/1524,official_detail_url_present_in_cards_json,OK_TRACKED_IMPLEMENTED,yes,yes,synchro|cost_change,B_RECENTLY_FIXED_RECHECK,直近修正済み。公式文面との一致を再テスト対象にする。
cost2_unit_random_pool,ベビーサタン,2,3,2,魔剣士,なし,テンションリンク：自分と相手の最大MPが1増える,https://gameconductor.com/dqrivals/c/d/346,official_detail_url_present_in_cards_json,OK_TRACKED_IMPLEMENTED,yes,yes,tension_link,D_LOW_RISK_EVIDENCE_OK,低リスク。汎用キーワード/効果なし/既実装証跡として二次確認へ。
cost2_unit_random_pool,ベビーパンサー,2,2,2,共通,なし,おうえん,https://gameconductor.com/dqrivals/c/d/432,official_detail_url_present_in_cards_json,OK_GENERIC_BASIC_KEYWORD,no,no,basic_keyword,D_LOW_RISK_EVIDENCE_OK,低リスク。汎用キーワード/効果なし/既実装証跡として二次確認へ。
cost2_unit_random_pool,ベホイミスライム,2,2,3,共通,スライム,死亡時：GET(1)、BET：1ターンに1回のみ味方リーダーのHPを2回復,https://gameconductor.com/dqrivals/c/d/1115,official_detail_url_present_in_cards_json,REVIEW_NAME_MENTIONED_ONLY,yes,no,death|bet|get,A_COMPLEX_NAME_ONLY,GET/BET入口、1ターン1回制限、累積カウント、コイン消費時誘発を確認。
cost2_unit_random_pool,ベロニャーゴ,2,1,3,共通,なし,れんけい：HP+1、味方リーダーが攻撃した後1/1のプリスニャンを1体出す,https://gameconductor.com/dqrivals/c/d/1231,official_detail_url_present_in_cards_json,REVIEW_NAME_MENTIONED_ONLY,yes,no,renkei|put_into_play,A_COMPLEX_NAME_ONLY,テンション3条件のみ・テンション非消費・対象/場に出す/召喚時不発を確認。
cost2_unit_random_pool,ホイミスライム,2,1,3,共通,スライム,自分のターン終了時ダメージを受けている他の味方1体のHPを2回復,https://gameconductor.com/dqrivals/c/d/44,official_detail_url_present_in_cards_json,REVIEW_NAME_MENTIONED_ONLY,yes,no,turn_end,B_NAME_ONLY_RECHECK,低リスク。汎用キーワード/効果なし/既実装証跡として二次確認へ。
cost2_unit_random_pool,ホミロン軍曹,2,1,3,共通,スライム,召喚時：合計2ダメージを正面のランダムな敵マスに割り振る。このユニットを除くスライム系のみかたユニットの数分ダメージ+1,https://gameconductor.com/dqrivals/c/d/606,official_detail_url_present_in_cards_json,OK_TRACKED_IMPLEMENTED,yes,yes,summon|random,B_RECENTLY_FIXED_RECHECK,直近修正済み。公式文面との一致を再テスト対象にする。
cost2_unit_random_pool,ホワイトビート,2,2,3,共通,なし,ヒーロースキルを1ターンに2回まで発動できるようになる,https://gameconductor.com/dqrivals/c/d/834,official_detail_url_present_in_cards_json,OK_TRACKED_IMPLEMENTED,yes,yes,,B_RECENTLY_FIXED_RECHECK,直近修正済み。公式文面との一致を再テスト対象にする。
cost2_unit_random_pool,ボックススライム,2,1,3,魔法使い,スライム,召喚時：GET(1)、BET：以下の効果からランダムに1つ発動する。(1):カードを1枚引く、(2):HP+1、(3):味方リーダーのテンション+1,https://gameconductor.com/dqrivals/c/d/1145,official_detail_url_present_in_cards_json,REVIEW_NAME_MENTIONED_ONLY,yes,no,summon|bet|get|random|draw,A_COMPLEX_NAME_ONLY,GET/BET入口、1ターン1回制限、累積カウント、コイン消費時誘発を確認。
cost2_unit_random_pool,ボーンバット,2,3,4,僧侶,ゾンビ,召喚時：このユニットに2ダメージを与える,https://gameconductor.com/dqrivals/c/d/264,official_detail_url_present_in_cards_json,OK_TRACKED_IMPLEMENTED,yes,yes,summon,D_LOW_RISK_EVIDENCE_OK,低リスク。汎用キーワード/効果なし/既実装証跡として二次確認へ。
cost2_unit_random_pool,ポイズンリザード,2,3,2,共通,なし,絶好調、このユニットが絶好調状態ならダメージを与えたユニットを毒にする,https://gameconductor.com/dqrivals/c/d/915,official_detail_url_present_in_cards_json,REVIEW_NAME_MENTIONED_ONLY,yes,no,zekkocho,A_COMPLEX_NAME_ONLY,公式文面どおり個別実装の有無を確認。
cost2_unit_random_pool,ポンポコだぬき,2,3,2,共通,なし,死亡時：味方リーダーのテンション+1,https://gameconductor.com/dqrivals/c/d/1233,official_detail_url_present_in_cards_json,REVIEW_NAME_MENTIONED_ONLY,yes,no,death,B_NAME_ONLY_RECHECK,低リスク。汎用キーワード/効果なし/既実装証跡として二次確認へ。
cost2_unit_random_pool,マギール,2,2,3,共通,なし,味方建物があるなら手札のこのカードのコスト-1,https://gameconductor.com/dqrivals/c/d/1331,official_detail_url_present_in_cards_json,REVIEW_NAME_MENTIONED_ONLY,yes,no,cost_change|hand|building,A_COMPLEX_NAME_ONLY,公式文面どおり個別実装の有無を確認。
cost2_unit_random_pool,マクロベータ,2,2,3,僧侶,なし,れんけい:縦1列にいる全てのユニットに1ダメージ,https://gameconductor.com/dqrivals/c/d/1277,official_detail_url_present_in_cards_json,REVIEW_NAME_MENTIONED_ONLY,yes,no,renkei,A_COMPLEX_NAME_ONLY,テンション3条件のみ・テンション非消費・対象/場に出す/召喚時不発を確認。
cost2_unit_random_pool,マジックフライ,2,1,1,魔法使い,なし,死亡時：自分のデッキから特技カードを1枚引く,https://gameconductor.com/dqrivals/c/d/206,official_detail_url_present_in_cards_json,REVIEW_NAME_MENTIONED_ONLY,yes,no,death|deck_search|draw,A_COMPLEX_NAME_ONLY,死亡時のみ。消滅/変身/手札戻しでは発動しないことを確認。
cost2_unit_random_pool,マタンゴ,2,2,3,共通,なし,召喚時：敵リーダーが装備中のコスト4以下の武器を破壊する。,https://gameconductor.com/dqrivals/c/d/833,official_detail_url_present_in_cards_json,REVIEW_NAME_MENTIONED_ONLY,yes,no,summon|cost_change,B_NAME_ONLY_RECHECK,低リスク。汎用キーワード/効果なし/既実装証跡として二次確認へ。
cost2_unit_random_pool,マッドプラント,2,2,3,武闘家,なし,召喚時：味方ユニット1体を次の相手のターン中ステルスにする,https://gameconductor.com/dqrivals/c/d/926,official_detail_url_present_in_cards_json,REVIEW_NAME_MENTIONED_ONLY,yes,no,summon|target_modal|basic_keyword,B_NAME_ONLY_RECHECK,低リスク。汎用キーワード/効果なし/既実装証跡として二次確認へ。
cost2_unit_random_pool,マドルーパー,2,2,2,共通,なし,このユニットは戦闘ダメージのみ受ける,https://gameconductor.com/dqrivals/c/d/976,official_detail_url_present_in_cards_json,REVIEW_NAME_MENTIONED_ONLY,yes,no,,B_NAME_ONLY_RECHECK,低リスク。汎用キーワード/効果なし/既実装証跡として二次確認へ。
cost2_unit_random_pool,マヒャドフライ,2,1,4,共通,なし,敵リーダーにダメージを与えた時相手の手札にうまのふんを加える。,https://gameconductor.com/dqrivals/c/d/637,official_detail_url_present_in_cards_json,REVIEW_NAME_MENTIONED_ONLY,yes,no,hand,A_COMPLEX_NAME_ONLY,公式文面どおり個別実装の有無を確認。
cost2_unit_random_pool,マリンスライム,2,2,3,武闘家,スライム,スキルブースト：攻撃力+1,https://gameconductor.com/dqrivals/c/d/766,official_detail_url_present_in_cards_json,OK_TRACKED_IMPLEMENTED,yes,yes,skill_boost,B_RECENTLY_FIXED_RECHECK,直近修正済み。公式文面との一致を再テスト対象にする。
cost2_unit_random_pool,マーブルン,2,2,1,共通,なし,召喚時：指定の味方マスに1/1のプリズニャンを1体出す,https://gameconductor.com/dqrivals/c/d/1071,official_detail_url_present_in_cards_json,REVIEW_NAME_MENTIONED_ONLY,yes,no,summon|put_into_play,B_NAME_ONLY_RECHECK,低リスク。汎用キーワード/効果なし/既実装証跡として二次確認へ。
cost2_unit_random_pool,マーマンダイン,2,3,2,共通,なし,パワフルバッジ：ドラゴン系のユニットカードを使う度敵リーダーに1ダメージ,https://gameconductor.com/dqrivals/c/d/578,official_detail_url_present_in_cards_json,REVIEW_NAME_MENTIONED_ONLY,yes,no,powerful_badge,A_COMPLEX_NAME_ONLY,常在/バッジ再計算、後出し反映、場を離れた時の解除を確認。
cost2_unit_random_pool,ミステリドール,2,2,3,共通,なし,召喚時:前後のマスにこのユニットがいる地形をコピーする。 この効果で地形の上書きはできない。,https://gameconductor.com/dqrivals/c/d/510,official_detail_url_present_in_cards_json,REVIEW_NAME_MENTIONED_ONLY,yes,no,summon|copy|terrain,A_COMPLEX_NAME_ONLY,手札から召喚時のみ発動。ランダムで場に出た場合に発動しないことを確認。
cost2_unit_random_pool,メイジももんじゃ,2,1,2,魔法使い,なし,召喚時：味方ヒーローがいる場合ヒャドを手札に加える,https://gameconductor.com/dqrivals/c/d/747,official_detail_url_present_in_cards_json,REVIEW_NAME_MENTIONED_ONLY,yes,no,summon|hand,A_COMPLEX_NAME_ONLY,手札から召喚時のみ発動。ランダムで場に出た場合に発動しないことを確認。
cost2_unit_random_pool,メイジキメラ,2,2,3,魔法使い,なし,自分が特技を使う度攻撃力+1,https://gameconductor.com/dqrivals/c/d/195,official_detail_url_present_in_cards_json,REVIEW_NAME_MENTIONED_ONLY,yes,no,spell_used,A_COMPLEX_NAME_ONLY,公式文面どおり個別実装の有無を確認。
cost2_unit_random_pool,メイジバピラス,2,2,2,占い師,ドラゴン,絶好調、絶好調状態の味方ユニットが攻撃する度自分のデッキから占いカードを1枚引く,https://gameconductor.com/dqrivals/c/d/966,official_detail_url_present_in_cards_json,REVIEW_NAME_MENTIONED_ONLY,yes,no,fortune|zekkocho|deck_search|draw,A_COMPLEX_NAME_ONLY,通常/必中/超必中、占い(1)/(2)誘発リスナーを確認。
cost2_unit_random_pool,メソコボルト,2,2,3,共通,なし,召喚時：ユニット1体ににおうだちを付与する,https://gameconductor.com/dqrivals/c/d/1172,official_detail_url_present_in_cards_json,REVIEW_NAME_MENTIONED_ONLY,yes,no,summon|target_modal|basic_keyword,B_NAME_ONLY_RECHECK,低リスク。汎用キーワード/効果なし/既実装証跡として二次確認へ。
cost2_unit_random_pool,メタッピー,2,2,3,戦士,なし,テンションリンク：このターン中味方リーダーが受けるダメージ-3,https://gameconductor.com/dqrivals/c/d/173,official_detail_url_present_in_cards_json,REVIEW_NAME_MENTIONED_ONLY,yes,no,tension_link,A_COMPLEX_NAME_ONLY,公式文面どおり個別実装の有無を確認。
cost2_unit_random_pool,メタルスライム,2,1,2,共通,スライム,メタルボディ,https://gameconductor.com/dqrivals/c/d/19,official_detail_url_present_in_cards_json,REVIEW_NAME_MENTIONED_ONLY,yes,no,basic_keyword,B_NAME_ONLY_RECHECK,低リスク。汎用キーワード/効果なし/既実装証跡として二次確認へ。
cost2_unit_random_pool,メドーサボール,2,2,2,共通,なし,味方ヒーローのヒーロースキルが発動した後自分のデッキからシンクロを持つカードを1枚引く,https://gameconductor.com/dqrivals/c/d/920,official_detail_url_present_in_cards_json,OK_TRACKED_IMPLEMENTED,yes,yes,synchro|deck_search|draw,B_RECENTLY_FIXED_RECHECK,直近修正済み。公式文面との一致を再テスト対象にする。
cost2_unit_random_pool,メーダ,2,3,2,共通,なし,前列にいる場合両プレイヤーの特技カードのコスト+1,https://gameconductor.com/dqrivals/c/d/94,official_detail_url_present_in_cards_json,REVIEW_NAME_MENTIONED_ONLY,yes,no,position|cost_change,B_NAME_ONLY_RECHECK,低リスク。汎用キーワード/効果なし/既実装証跡として二次確認へ。
cost2_unit_random_pool,モコフル,2,2,3,共通,なし,召喚時:味方ユニット1体を封印する,https://gameconductor.com/dqrivals/c/d/419,official_detail_url_present_in_cards_json,REVIEW_NAME_MENTIONED_ONLY,yes,no,summon|seal|target_modal,A_COMPLEX_NAME_ONLY,手札から召喚時のみ発動。ランダムで場に出た場合に発動しないことを確認。
cost2_unit_random_pool,モコモコじゅう,2,1,3,共通,なし,速攻,https://gameconductor.com/dqrivals/c/d/787,official_detail_url_present_in_cards_json,OK_GENERIC_BASIC_KEYWORD,no,no,basic_keyword,D_LOW_RISK_EVIDENCE_OK,低リスク。汎用キーワード/効果なし/既実装証跡として二次確認へ。
cost2_unit_random_pool,ラグアス王子,2,2,2,占い師,冒険者,おうえん、召喚時&攻撃時：相手のデッキの1番上のカードを見てデッキの一番下に移動させることができる,https://gameconductor.com/dqrivals/c/d/1058,official_detail_url_present_in_cards_json,REVIEW_NAME_MENTIONED_ONLY,yes,no,summon|attack|basic_keyword,A_COMPLEX_NAME_ONLY,手札から召喚時のみ発動。ランダムで場に出た場合に発動しないことを確認。
cost2_unit_random_pool,ランドゲーロ,2,4,4,僧侶,なし,召喚時：前列に召喚した場合攻撃力が1になる。後列に召喚した場合HPが１になる。,https://gameconductor.com/dqrivals/c/d/464,official_detail_url_present_in_cards_json,REVIEW_NAME_MENTIONED_ONLY,yes,no,summon|position,B_NAME_ONLY_RECHECK,低リスク。汎用キーワード/効果なし/既実装証跡として二次確認へ。
cost2_unit_random_pool,ラーミア,2,0,1,共通,なし,召喚時:6つのオーブをデッキに混ぜ復活の準備に入る。 自分の場にオーブが全て揃った時ラーミアは復活しこの対戦に勝利する。,https://gameconductor.com/dqrivals/c/d/534,official_detail_url_present_in_cards_json,OK_TRACKED_IMPLEMENTED,yes,yes,summon,B_RECENTLY_FIXED_RECHECK,直近修正済み。公式文面との一致を再テスト対象にする。
cost2_unit_random_pool,リカントマムル,2,2,1,武闘家,なし,召喚時&死亡時：武術カード1枚を手札に加える,https://gameconductor.com/dqrivals/c/d/1083,official_detail_url_present_in_cards_json,REVIEW_NAME_MENTIONED_ONLY,yes,no,summon|death|hand,A_COMPLEX_NAME_ONLY,手札から召喚時のみ発動。ランダムで場に出た場合に発動しないことを確認。
cost2_unit_random_pool,リザードキッズ,2,5,3,共通,ドラゴン,攻撃時：このターン中攻撃力-3。,,official_detail_url_missing,REVIEW_NAME_MENTIONED_ONLY,yes,no,attack,A_OFFICIAL_URL_MISSING,公式DB詳細URLの再取得が先。名前検索で公式IDを確認してから実装照合。
cost2_unit_random_pool,リザードフライ,2,2,3,共通,ドラゴン,召喚時:味方ユニット1体を1マス下に移動させる。,https://gameconductor.com/dqrivals/c/d/535,official_detail_url_present_in_cards_json,REVIEW_NAME_MENTIONED_ONLY,yes,no,summon|target_modal,B_NAME_ONLY_RECHECK,低リスク。汎用キーワード/効果なし/既実装証跡として二次確認へ。
cost2_unit_random_pool,リザードマン,2,3,2,共通,ドラゴン,効果なし,https://gameconductor.com/dqrivals/c/d/8,official_detail_url_present_in_cards_json,OK_EFFECT_NONE,yes,no,,D_LOW_RISK_EVIDENCE_OK,低リスク。汎用キーワード/効果なし/既実装証跡として二次確認へ。
cost2_unit_random_pool,リップス,2,2,2,共通,なし,敵リーダーにダメージを与えると敵リーダーのテンション-1,https://gameconductor.com/dqrivals/c/d/53,official_detail_url_present_in_cards_json,REVIEW_NAME_MENTIONED_ONLY,yes,no,,B_NAME_ONLY_RECHECK,低リスク。汎用キーワード/効果なし/既実装証跡として二次確認へ。
cost2_unit_random_pool,リンリン,2,1,3,僧侶,なし,死亡時：ランダムなコスト1のドラゴン系ユニット1体をこのマスに出す。スキルブースト：ユニットのコスト+1,https://gameconductor.com/dqrivals/c/d/619,official_detail_url_present_in_cards_json,REVIEW_NAME_MENTIONED_ONLY,yes,no,death|skill_boost|target_modal|random|put_into_play|cost_change,A_COMPLEX_NAME_ONLY,死亡時のみ。消滅/変身/手札戻しでは発動しないことを確認。
cost2_unit_random_pool,ルイーダ,2,1,2,商人,冒険者,自分のターン終了時ランダムな冒険者1枚を手札に加える,https://gameconductor.com/dqrivals/c/d/822,official_detail_url_present_in_cards_json,OK_TRACKED_IMPLEMENTED,yes,yes,turn_end|random|hand,B_RECENTLY_FIXED_RECHECK,直近修正済み。公式文面との一致を再テスト対象にする。
cost2_unit_random_pool,ルーキー,2,1,2,魔法使い,スライム,おうえん、召喚時：自分のデッキからコスト5以上のランダムなユニットカードを1枚引く,https://gameconductor.com/dqrivals/c/d/1180,official_detail_url_present_in_cards_json,REVIEW_NAME_MENTIONED_ONLY,yes,no,summon|random|deck_search|draw|cost_change|basic_keyword,A_COMPLEX_NAME_ONLY,手札から召喚時のみ発動。ランダムで場に出た場合に発動しないことを確認。
cost2_unit_random_pool,卑劣などくやずきん,2,3,2,魔剣士,なし,召喚時：敵1体に1ダメージ。対象が毒なら3ダメージ,https://gameconductor.com/dqrivals/c/d/1452,official_detail_url_present_in_cards_json,REVIEW_NAME_MENTIONED_ONLY,yes,no,summon,B_NAME_ONLY_RECHECK,低リスク。汎用キーワード/効果なし/既実装証跡として二次確認へ。
cost2_unit_random_pool,変貌のくものきょじん,2,3,2,商人,なし,召喚時：味方ユニット1体をランダムなコストが1高いランダムなユニットに変身させる,https://gameconductor.com/dqrivals/c/d/1450,official_detail_url_present_in_cards_json,REVIEW_NAME_MENTIONED_ONLY,yes,no,summon|transform|target_modal|random|cost_change,A_COMPLEX_NAME_ONLY,手札から召喚時のみ発動。ランダムで場に出た場合に発動しないことを確認。
cost2_unit_random_pool,大魔女バーバラ,2,2,2,魔法使い,冒険者,召喚時：敵1体にこのターン中使った特技カードのコスト分のダメージ 対象が敵リーダーの場合は半分のダメージになる。,https://gameconductor.com/dqrivals/c/d/1494,official_detail_url_present_in_cards_json,REVIEW_NAME_MENTIONED_ONLY,yes,no,summon|cost_change,B_NAME_ONLY_RECHECK,低リスク。汎用キーワード/効果なし/既実装証跡として二次確認へ。
cost2_unit_random_pool,天啓のエビルドライブ,2,1,3,占い師,なし,召喚時:自分のデッキの一番上のカードのコストが偶数ならそのカードを引き、その後自分の手札から1枚選び自分のデッキに混ぜこのユニットの攻撃力+3,https://gameconductor.com/dqrivals/c/d/1451,official_detail_url_present_in_cards_json,REVIEW_NAME_MENTIONED_ONLY,yes,no,summon|cost_change|hand,A_COMPLEX_NAME_ONLY,手札から召喚時のみ発動。ランダムで場に出た場合に発動しないことを確認。
cost2_unit_random_pool,少年テリー,2,2,2,戦士,冒険者,召喚時：味方リーダーのテンションスキルをモンスターマスターに変える,https://gameconductor.com/dqrivals/c/d/888,official_detail_url_present_in_cards_json,OK_TRACKED_IMPLEMENTED,yes,yes,summon,B_RECENTLY_FIXED_RECHECK,直近修正済み。公式文面との一致を再テスト対象にする。
cost2_unit_random_pool,怪盗ポイックリン,2,2,3,盗賊,冒険者,ステルス、召喚時：相手の手札のカードと同じカードをランダムに1枚手札に加える。その後、自分の手札から1枚選んで捨てる。,https://gameconductor.com/dqrivals/c/d/1409,official_detail_url_present_in_cards_json,REVIEW_NAME_MENTIONED_ONLY,yes,no,summon|random|hand|basic_keyword,A_COMPLEX_NAME_ONLY,手札から召喚時のみ発動。ランダムで場に出た場合に発動しないことを確認。
cost2_unit_random_pool,悪鬼丸,2,3,2,魔剣士,ゾンビ,召喚時：味方リーダーのテンションスキルを死者の目覚めに変える,https://gameconductor.com/dqrivals/c/d/673,official_detail_url_present_in_cards_json,REVIEW_NAME_MENTIONED_ONLY,yes,no,summon,B_NAME_ONLY_RECHECK,低リスク。汎用キーワード/効果なし/既実装証跡として二次確認へ。
cost2_unit_random_pool,救援のドラキー,2,3,2,戦士,なし,選択：・2/1のこんぼう1枚を手札に加える。・このターン中味方リーダーが受けるダメージ-3,https://gameconductor.com/dqrivals/c/d/1482,official_detail_url_present_in_cards_json,REVIEW_NAME_MENTIONED_ONLY,yes,no,choose|hand,A_COMPLEX_NAME_ONLY,公式文面どおり個別実装の有無を確認。
cost2_unit_random_pool,歌姫のマポレーナ,2,2,3,魔剣士,なし,れんけい:次に場に出る味方ユニット1体を+1/+1,https://gameconductor.com/dqrivals/c/d/1301,official_detail_url_present_in_cards_json,REVIEW_NAME_MENTIONED_ONLY,yes,no,renkei|target_modal,A_COMPLEX_NAME_ONLY,テンション3条件のみ・テンション非消費・対象/場に出す/召喚時不発を確認。
cost2_unit_random_pool,潮風のディーバ,2,2,2,共通,なし,他の全ての味方ユニットの攻撃力+1,https://gameconductor.com/dqrivals/c/d/722,official_detail_url_present_in_cards_json,REVIEW_NAME_MENTIONED_ONLY,yes,no,,B_NAME_ONLY_RECHECK,低リスク。汎用キーワード/効果なし/既実装証跡として二次確認へ。
cost2_unit_random_pool,白煙のホワイトビート,2,1,2,共通,なし,召喚時:次の相手のターン終了時までステルスを得る。味方のヒーロースキルを2回まで発動できるようになる,https://gameconductor.com/dqrivals/c/d/1581,official_detail_url_present_in_cards_json,OK_TRACKED_IMPLEMENTED,yes,yes,summon|turn_end|basic_keyword,B_RECENTLY_FIXED_RECHECK,直近修正済み。公式文面との一致を再テスト対象にする。
cost2_unit_random_pool,石炭つむり,2,2,3,僧侶,スライム,味方建物がある間におうだちと「死亡時：味方リーダーのテンション+1」を得る,https://gameconductor.com/dqrivals/c/d/1513,official_detail_url_present_in_cards_json,REVIEW_NAME_MENTIONED_ONLY,yes,no,death|building|basic_keyword,A_COMPLEX_NAME_ONLY,死亡時のみ。消滅/変身/手札戻しでは発動しないことを確認。
cost2_unit_random_pool,破滅への導き,2,0,0,魔剣士,なし,味方ユニット1体を死亡させた後、自分のデッキからコスト6以上のユニットカードを2枚引く,https://gameconductor.com/dqrivals/c/d/361,official_detail_url_present_in_cards_json,REVIEW_NAME_MENTIONED_ONLY,yes,no,target_modal|deck_search|draw|cost_change,A_COMPLEX_NAME_ONLY,公式文面どおり個別実装の有無を確認。
cost2_unit_random_pool,船長,2,2,3,盗賊,ゾンビ,召喚時&手札から捨てた時:味方リーダーのHPを2回復する,https://gameconductor.com/dqrivals/c/d/1407,official_detail_url_present_in_cards_json,REVIEW_NAME_MENTIONED_ONLY,yes,no,summon|discard_from_hand|hand,B_RECENTLY_FIXED_RECHECK,直近修正済み。公式文面との一致を再テスト対象にする。
cost3_unit_random_pool,あやしいかげ,3,4,2,共通,なし,ステルス,https://gameconductor.com/dqrivals/c/d/68,official_detail_url_present_in_cards_json,OK_GENERIC_BASIC_KEYWORD,no,no,basic_keyword,D_LOW_RISK_EVIDENCE_OK,低リスク。汎用キーワード/効果なし/既実装証跡として二次確認へ。
cost3_unit_random_pool,いしにんぎょう,3,3,3,僧侶,なし,前列召喚時：ユニット1体のHP+2、後列召喚時:ユニット1体の攻撃力をHPと同じ値にする,https://gameconductor.com/dqrivals/c/d/1370,official_detail_url_present_in_cards_json,OK_TRACKED_IMPLEMENTED,yes,yes,summon|position|target_modal,D_LOW_RISK_EVIDENCE_OK,低リスク。汎用キーワード/効果なし/既実装証跡として二次確認へ。
cost3_unit_random_pool,いどまじん,3,1,5,僧侶,なし,におうだち、相手のターン中このユニットがダメージを受ける度、ターン終了時までステルスを得る。召喚時：対戦中に味方建物が3つ以上出ていたら+2/+2,https://gameconductor.com/dqrivals/c/d/1371,official_detail_url_present_in_cards_json,OK_TRACKED_IMPLEMENTED,yes,yes,summon|turn_end|building|basic_keyword,D_LOW_RISK_EVIDENCE_OK,低リスク。汎用キーワード/効果なし/既実装証跡として二次確認へ。
cost3_unit_random_pool,いなずまビリー,3,1,3,戦士,なし,召喚時：このユニットの攻撃力とにおうだちを持つ敵ユニット1体を死亡させる。スキルブースト:攻撃力+1,https://gameconductor.com/dqrivals/c/d/1249,official_detail_url_present_in_cards_json,OK_TRACKED_IMPLEMENTED,yes,yes,summon|skill_boost|target_modal|basic_keyword,D_LOW_RISK_EVIDENCE_OK,低リスク。汎用キーワード/効果なし/既実装証跡として二次確認へ。
cost3_unit_random_pool,いばらドラゴン,3,3,3,占い師,ドラゴン,効果なし,https://gameconductor.com/dqrivals/c/d/853,official_detail_url_present_in_cards_json,OK_EFFECT_NONE,yes,yes,,D_LOW_RISK_EVIDENCE_OK,低リスク。汎用キーワード/効果なし/既実装証跡として二次確認へ。
cost3_unit_random_pool,うずしおキング,3,2,5,占い師,なし,におうだち。れんけい：自分の山札の上から4枚を見て、れんけいを持つカードを1枚選び引く。,https://gameconductor.com/dqrivals/c/d/1571,official_detail_url_present_in_cards_json,OK_TRACKED_IMPLEMENTED,yes,yes,renkei|basic_keyword,C_COMPLEX_BUT_HAS_EVIDENCE,実装証跡あり。ただし複合効果なので実機/ソロテストで再確認。
cost3_unit_random_pool,おおねずみ,3,2,2,商人,なし,死亡時：1/1のやまねずみを2体出す。対戦中に味方建物が3つ以上出ていたら代わりに2/2のやまねずみを2体出す,https://gameconductor.com/dqrivals/c/d/1382,official_detail_url_present_in_cards_json,OK_TRACKED_IMPLEMENTED,yes,yes,death|put_into_play|building,D_LOW_RISK_EVIDENCE_OK,低リスク。汎用キーワード/効果なし/既実装証跡として二次確認へ。
cost3_unit_random_pool,おにこぞう,3,2,2,戦士,なし,自分のターン開始時このユニットが前列にいる場合7/7おにこんぼうに変身する,https://gameconductor.com/dqrivals/c/d/186,official_detail_url_present_in_cards_json,OK_TRACKED_IMPLEMENTED,yes,yes,turn_start|transform|position,D_LOW_RISK_EVIDENCE_OK,低リスク。汎用キーワード/効果なし/既実装証跡として二次確認へ。
cost3_unit_random_pool,おばけねずみ,3,1,3,商人,なし,自分のターン終了時1/1のやまねずみを1体出す,https://gameconductor.com/dqrivals/c/d/1088,official_detail_url_present_in_cards_json,OK_TRACKED_IMPLEMENTED,yes,yes,turn_end|put_into_play,D_LOW_RISK_EVIDENCE_OK,低リスク。汎用キーワード/効果なし/既実装証跡として二次確認へ。
cost3_unit_random_pool,かいぞくウーパー,3,2,3,盗賊,なし,召喚時&手札から捨てた時：カードを1枚引く,https://gameconductor.com/dqrivals/c/d/1414,official_detail_url_present_in_cards_json,OK_TRACKED_IMPLEMENTED,yes,yes,summon|discard_from_hand|draw|hand,B_RECENTLY_FIXED_RECHECK,直近修正済み。公式文面との一致を再テスト対象にする。
cost3_unit_random_pool,かっちゅうアリ,3,1,4,共通,なし,BET：1ターンに1回のみ、攻撃力+1/HP+1。自分のターン終了時にGET(1)。このGETは1度だけ発動する。,https://gameconductor.com/dqrivals/c/d/1213,official_detail_url_present_in_cards_json,REVIEW_NAME_MENTIONED_ONLY,yes,no,bet|get|turn_end,A_COMPLEX_NAME_ONLY,GET/BET入口、1ターン1回制限、累積カウント、コイン消費時誘発を確認。
cost3_unit_random_pool,からくりだいみょう,3,4,2,共通,なし,召喚時：味方ユニット1体をこのユニットの前後に移動させる,https://gameconductor.com/dqrivals/c/d/73,official_detail_url_present_in_cards_json,OK_TRACKED_IMPLEMENTED,yes,yes,summon|target_modal,D_LOW_RISK_EVIDENCE_OK,低リスク。汎用キーワード/効果なし/既実装証跡として二次確認へ。
cost3_unit_random_pool,からくりエッグ,3,3,3,商人,なし,パワフルバッジ：メタルボディもしくはハードメタルボディを持つ味方ユニットと武器の攻撃力+1,https://gameconductor.com/dqrivals/c/d/622,official_detail_url_present_in_cards_json,NEEDS_EFFECT_REVIEW,no,no,powerful_badge|basic_keyword,A_NEEDS_EFFECT_REVIEW,常在/バッジ再計算、後出し反映、場を離れた時の解除を確認。
cost3_unit_random_pool,くさった死体,3,3,3,共通,ゾンビ,召喚時：敵リーダーの武器を破壊する,https://gameconductor.com/dqrivals/c/d/9,official_detail_url_present_in_cards_json,OK_TRACKED_IMPLEMENTED,yes,yes,summon,D_LOW_RISK_EVIDENCE_OK,低リスク。汎用キーワード/効果なし/既実装証跡として二次確認へ。
cost3_unit_random_pool,げんじゅつし,3,3,3,魔法使い,なし,特技ダメージ+1,https://gameconductor.com/dqrivals/c/d/197,official_detail_url_present_in_cards_json,OK_TRACKED_IMPLEMENTED,yes,yes,,D_LOW_RISK_EVIDENCE_OK,低リスク。汎用キーワード/効果なし/既実装証跡として二次確認へ。
cost3_unit_random_pool,ごうけつぐま,3,2,4,共通,なし,絶好調、このユニットが絶好調状態なら攻撃力+2と「敵リーダーを攻撃できない」を得る,https://gameconductor.com/dqrivals/c/d/940,official_detail_url_present_in_cards_json,NEEDS_EFFECT_REVIEW,no,no,zekkocho,A_NEEDS_EFFECT_REVIEW,公式文面どおり個別実装の有無を確認。
cost3_unit_random_pool,さそりばち,3,1,1,武闘家,なし,速攻、自分がコスト1以下の手札を使う度このターン中攻撃力+1,https://gameconductor.com/dqrivals/c/d/230,official_detail_url_present_in_cards_json,OK_TRACKED_IMPLEMENTED,yes,yes,cost_change|hand|basic_keyword,D_LOW_RISK_EVIDENCE_OK,低リスク。汎用キーワード/効果なし/既実装証跡として二次確認へ。
cost3_unit_random_pool,さまようたましい,3,1,4,共通,なし,攻撃時：このターン中攻撃力+3,https://gameconductor.com/dqrivals/c/d/64,official_detail_url_present_in_cards_json,OK_TRACKED_IMPLEMENTED,yes,yes,attack,D_LOW_RISK_EVIDENCE_OK,低リスク。汎用キーワード/効果なし/既実装証跡として二次確認へ。
cost3_unit_random_pool,しのどれい,3,2,4,武闘家,ゾンビ,召喚時:このユニットがいる横一列の後列マスの地形を全てすべる床に変える。 この効果は地形の上書きはできない。,https://gameconductor.com/dqrivals/c/d/520,official_detail_url_present_in_cards_json,OK_TRACKED_IMPLEMENTED,yes,yes,summon|position|terrain,D_LOW_RISK_EVIDENCE_OK,低リスク。汎用キーワード/効果なし/既実装証跡として二次確認へ。
cost3_unit_random_pool,じめじめバブル,3,3,4,僧侶,スライム,召喚時：敵ユニットが2体以上いるなら敵ユニット1体の攻撃力-1,https://gameconductor.com/dqrivals/c/d/1515,official_detail_url_present_in_cards_json,OK_TRACKED_IMPLEMENTED,yes,yes,summon|target_modal,D_LOW_RISK_EVIDENCE_OK,低リスク。汎用キーワード/効果なし/既実装証跡として二次確認へ。
cost3_unit_random_pool,じんめんガエル,3,0,1,共通,なし,後列にいる場合攻撃力+5,https://gameconductor.com/dqrivals/c/d/110,official_detail_url_present_in_cards_json,OK_TRACKED_IMPLEMENTED,yes,yes,position,D_LOW_RISK_EVIDENCE_OK,低リスク。汎用キーワード/効果なし/既実装証跡として二次確認へ。
cost3_unit_random_pool,たまねぎマン,3,2,4,占い師,なし,占い：①ユニット1体の攻撃力を2にする②：ユニット1体のHPを2にする,https://gameconductor.com/dqrivals/c/d/1057,official_detail_url_present_in_cards_json,OK_TRACKED_IMPLEMENTED,yes,yes,fortune|target_modal,C_COMPLEX_BUT_HAS_EVIDENCE,実装証跡あり。ただし複合効果なので実機/ソロテストで再確認。
cost3_unit_random_pool,だいおうイカ,3,3,2,共通,なし,死亡時:GET(2),https://gameconductor.com/dqrivals/c/d/1174,official_detail_url_present_in_cards_json,OK_TRACKED_IMPLEMENTED,yes,yes,death|get,C_COMPLEX_BUT_HAS_EVIDENCE,実装証跡あり。ただし複合効果なので実機/ソロテストで再確認。
cost3_unit_random_pool,だいおうキッズ,3,4,3,武闘家,なし,召喚時：次のターン相手はユニットを後列に召喚できない。,https://gameconductor.com/dqrivals/c/d/243,official_detail_url_present_in_cards_json,OK_TRACKED_IMPLEMENTED,yes,yes,summon|position,D_LOW_RISK_EVIDENCE_OK,低リスク。汎用キーワード/効果なし/既実装証跡として二次確認へ。
cost3_unit_random_pool,ちんもくのひつじ,3,3,2,共通,なし,召喚時：正面にいるランダムな敵ユニット1体を封印する。,https://gameconductor.com/dqrivals/c/d/977,official_detail_url_present_in_cards_json,OK_TRACKED_IMPLEMENTED,yes,yes,summon|seal|target_modal|random,D_LOW_RISK_EVIDENCE_OK,低リスク。汎用キーワード/効果なし/既実装証跡として二次確認へ。
cost3_unit_random_pool,つかいま,3,3,2,魔剣士,なし,死亡時：最大MPが1増える,https://gameconductor.com/dqrivals/c/d/472,official_detail_url_present_in_cards_json,OK_TRACKED_IMPLEMENTED,yes,yes,death,D_LOW_RISK_EVIDENCE_OK,低リスク。汎用キーワード/効果なし/既実装証跡として二次確認へ。
cost3_unit_random_pool,つららスライム,3,2,3,共通,スライム,召喚時：1マス前にいるユニットの攻撃力-2,https://gameconductor.com/dqrivals/c/d/104,official_detail_url_present_in_cards_json,OK_TRACKED_IMPLEMENTED,yes,yes,summon,D_LOW_RISK_EVIDENCE_OK,低リスク。汎用キーワード/効果なし/既実装証跡として二次確認へ。
cost3_unit_random_pool,てつのさそり,3,2,4,魔法使い,なし,パワフルバッジ：スライム系の味方ユニットのHP+1,https://gameconductor.com/dqrivals/c/d/612,official_detail_url_present_in_cards_json,NEEDS_EFFECT_REVIEW,no,no,powerful_badge,A_NEEDS_EFFECT_REVIEW,常在/バッジ再計算、後出し反映、場を離れた時の解除を確認。
cost3_unit_random_pool,とうぞくこぞう,3,5,4,盗賊,なし,召喚時：自分の手札から1枚選んで捨てる,https://gameconductor.com/dqrivals/c/d/1413,official_detail_url_present_in_cards_json,OK_TRACKED_IMPLEMENTED,yes,yes,summon|hand,D_LOW_RISK_EVIDENCE_OK,低リスク。汎用キーワード/効果なし/既実装証跡として二次確認へ。
cost3_unit_random_pool,とげこんぼう,3,2,3,魔剣士,なし,召喚時：味方ヒーローがいる場合味方リーダーのテンション+2,https://gameconductor.com/dqrivals/c/d/752,official_detail_url_present_in_cards_json,OK_TRACKED_IMPLEMENTED,yes,yes,summon,D_LOW_RISK_EVIDENCE_OK,低リスク。汎用キーワード/効果なし/既実装証跡として二次確認へ。
cost3_unit_random_pool,どくろ大臣,3,3,2,共通,ゾンビ,死亡時:コスト2以下のランダムなゾンビ系の味方ユニット1体をこのマスに復活させる,https://gameconductor.com/dqrivals/c/d/579,official_detail_url_present_in_cards_json,OK_TRACKED_IMPLEMENTED,yes,yes,death|target_modal|random|cost_change,D_LOW_RISK_EVIDENCE_OK,低リスク。汎用キーワード/効果なし/既実装証跡として二次確認へ。
cost3_unit_random_pool,どろにんぎょう,3,3,1,共通,なし,召喚時：次の相手のターン相手のMPが1減る,https://gameconductor.com/dqrivals/c/d/106,official_detail_url_present_in_cards_json,OK_TRACKED_IMPLEMENTED,yes,yes,summon,D_LOW_RISK_EVIDENCE_OK,低リスク。汎用キーワード/効果なし/既実装証跡として二次確認へ。
cost3_unit_random_pool,なげきムーン,3,3,2,共通,なし,召喚時：味方リーダーのHPが15以下の場合+2/+2と貫通を得る。,https://gameconductor.com/dqrivals/c/d/22,official_detail_url_present_in_cards_json,OK_TRACKED_IMPLEMENTED,yes,yes,summon|basic_keyword,D_LOW_RISK_EVIDENCE_OK,低リスク。汎用キーワード/効果なし/既実装証跡として二次確認へ。
cost3_unit_random_pool,なぞの神官,3,2,4,占い師,なし,味方ヒーローがいる場合占いカードのコスト-1,https://gameconductor.com/dqrivals/c/d/768,official_detail_url_present_in_cards_json,REVIEW_NAME_MENTIONED_ONLY,yes,no,fortune|cost_change,A_COMPLEX_NAME_ONLY,通常/必中/超必中、占い(1)/(2)誘発リスナーを確認。
cost3_unit_random_pool,ぬすっとウサギ,3,3,3,武闘家,なし,攻撃対象が敵リーダーの場合カードを1枚引く,https://gameconductor.com/dqrivals/c/d/227,official_detail_url_present_in_cards_json,OK_TRACKED_IMPLEMENTED,yes,yes,draw,D_LOW_RISK_EVIDENCE_OK,低リスク。汎用キーワード/効果なし/既実装証跡として二次確認へ。
cost3_unit_random_pool,のろいのランプ,3,2,3,占い師,なし,絶好調、占いを持つ特技カードを使った後このユニットが絶好調状態なら同じカードを手札に加える。その後絶好調状態ではなくなる。,https://gameconductor.com/dqrivals/c/d/968,official_detail_url_present_in_cards_json,OK_TRACKED_IMPLEMENTED,yes,yes,fortune|zekkocho|hand,C_COMPLEX_BUT_HAS_EVIDENCE,実装証跡あり。ただし複合効果なので実機/ソロテストで再確認。
cost3_unit_random_pool,はぐれメタル,3,2,2,共通,スライム,速攻、メタルボディ,https://gameconductor.com/dqrivals/c/d/99,official_detail_url_present_in_cards_json,REVIEW_NAME_MENTIONED_ONLY,yes,no,basic_keyword,B_NAME_ONLY_RECHECK,低リスク。汎用キーワード/効果なし/既実装証跡として二次確認へ。
cost3_unit_random_pool,はしりとかげ,3,2,4,共通,ドラゴン,いずれかのプレイヤーのヒーロースキルが発動した後味方リーダーを3回復,https://gameconductor.com/dqrivals/c/d/861,official_detail_url_present_in_cards_json,OK_TRACKED_IMPLEMENTED,yes,yes,,D_LOW_RISK_EVIDENCE_OK,低リスク。汎用キーワード/効果なし/既実装証跡として二次確認へ。
cost3_unit_random_pool,ばくだん岩,3,3,3,共通,なし,死亡時：前列にいる全てのユニットに2ダメージ,https://gameconductor.com/dqrivals/c/d/132,official_detail_url_present_in_cards_json,OK_TRACKED_IMPLEMENTED,yes,yes,death|position,D_LOW_RISK_EVIDENCE_OK,低リスク。汎用キーワード/効果なし/既実装証跡として二次確認へ。
cost3_unit_random_pool,ひぐらしそう,3,2,4,共通,なし,選択：・コスト1のランダムなユニットカードを手札に1枚加える・コスト3のランダムな特技カードを手札に1枚加える,https://gameconductor.com/dqrivals/c/d/1462,official_detail_url_present_in_cards_json,OK_TRACKED_IMPLEMENTED,yes,yes,choose|random|cost_change|hand,D_LOW_RISK_EVIDENCE_OK,低リスク。汎用キーワード/効果なし/既実装証跡として二次確認へ。
cost3_unit_random_pool,びっくりサタン,3,2,3,占い師,なし,自分の占いで(1)の効果が発動する度カードを1枚引く,https://gameconductor.com/dqrivals/c/d/327,official_detail_url_present_in_cards_json,REVIEW_NAME_MENTIONED_ONLY,yes,no,fortune|draw,A_COMPLEX_NAME_ONLY,通常/必中/超必中、占い(1)/(2)誘発リスナーを確認。
cost3_unit_random_pool,ふくぶくろ,3,3,1,共通,なし,召喚時：両プレイヤーはカードを２枚引く,https://gameconductor.com/dqrivals/c/d/440,official_detail_url_present_in_cards_json,OK_TRACKED_IMPLEMENTED,yes,yes,summon|draw,D_LOW_RISK_EVIDENCE_OK,低リスク。汎用キーワード/効果なし/既実装証跡として二次確認へ。
cost3_unit_random_pool,ふくまねき,3,3,1,共通,なし,死亡時：カードを1枚引く,https://gameconductor.com/dqrivals/c/d/75,official_detail_url_present_in_cards_json,OK_TRACKED_IMPLEMENTED,yes,yes,death|draw,D_LOW_RISK_EVIDENCE_OK,低リスク。汎用キーワード/効果なし/既実装証跡として二次確認へ。
cost3_unit_random_pool,ふくめんバニー,3,4,3,武闘家,なし,攻撃対象が敵リーダーの場合武術カード1枚を手札に加える,https://gameconductor.com/dqrivals/c/d/408,official_detail_url_present_in_cards_json,OK_TRACKED_IMPLEMENTED,yes,yes,hand,D_LOW_RISK_EVIDENCE_OK,低リスク。汎用キーワード/効果なし/既実装証跡として二次確認へ。
cost3_unit_random_pool,ぶちスライム,3,1,1,魔法使い,スライム,召喚時：GET(1)。BET：攻撃力+1。死亡時：このユニットの攻撃力分、1/1のスライムを出す,https://gameconductor.com/dqrivals/c/d/1146,official_detail_url_present_in_cards_json,OK_TRACKED_IMPLEMENTED,yes,yes,summon|death|bet|get|put_into_play,C_COMPLEX_BUT_HAS_EVIDENCE,実装証跡あり。ただし複合効果なので実機/ソロテストで再確認。
cost3_unit_random_pool,ほねコウモリ,3,4,6,共通,ゾンビ,召喚時：このユニットに3ダメージを与える,https://gameconductor.com/dqrivals/c/d/836,official_detail_url_present_in_cards_json,OK_TRACKED_IMPLEMENTED,yes,yes,summon,D_LOW_RISK_EVIDENCE_OK,低リスク。汎用キーワード/効果なし/既実装証跡として二次確認へ。
cost3_unit_random_pool,ぼうれい剣士,3,5,1,戦士,ゾンビ,死亡時：前後にいる味方ユニットの攻撃力+2,https://gameconductor.com/dqrivals/c/d/170,official_detail_url_present_in_cards_json,OK_TRACKED_IMPLEMENTED,yes,yes,death,D_LOW_RISK_EVIDENCE_OK,低リスク。汎用キーワード/効果なし/既実装証跡として二次確認へ。
cost3_unit_random_pool,まおうのランプ,3,4,2,魔剣士,なし,死亡時:自分の手札とデッキの魔王系ユニットカードのコスト−1,https://gameconductor.com/dqrivals/c/d/1013,official_detail_url_present_in_cards_json,OK_TRACKED_IMPLEMENTED,yes,yes,death|cost_change|hand,D_LOW_RISK_EVIDENCE_OK,低リスク。汎用キーワード/効果なし/既実装証跡として二次確認へ。
cost3_unit_random_pool,ましょうぐも,3,3,2,僧侶,なし,すべての敵は回復の効果で代わりにダメージを受ける,https://gameconductor.com/dqrivals/c/d/561,official_detail_url_present_in_cards_json,OK_TRACKED_IMPLEMENTED,yes,yes,,D_LOW_RISK_EVIDENCE_OK,低リスク。汎用キーワード/効果なし/既実装証跡として二次確認へ。
cost3_unit_random_pool,もりもりスライム,3,2,2,共通,スライム,召喚時：1/1のスライムを1体出す。,https://gameconductor.com/dqrivals/c/d/603,official_detail_url_present_in_cards_json,OK_TRACKED_IMPLEMENTED,yes,yes,summon|put_into_play,D_LOW_RISK_EVIDENCE_OK,低リスク。汎用キーワード/効果なし/既実装証跡として二次確認へ。
cost3_unit_random_pool,アイアンクック,3,2,4,戦士,なし,召喚時：次の自分のターン開始時まで味方リーダーが受けるダメージ-1 スキルブースト:受けるダメージ-1,https://gameconductor.com/dqrivals/c/d/392,official_detail_url_present_in_cards_json,OK_TRACKED_IMPLEMENTED,yes,yes,summon|skill_boost|turn_start,D_LOW_RISK_EVIDENCE_OK,低リスク。汎用キーワード/効果なし/既実装証跡として二次確認へ。
cost3_unit_random_pool,アイスゴーレム,3,2,4,魔法使い,なし,召喚時：自分のデッキにメラ系の特技カードが無いならランダムな敵の空きマスに0/3の氷塊を2つ出す,https://gameconductor.com/dqrivals/c/d/1258,official_detail_url_present_in_cards_json,OK_TRACKED_IMPLEMENTED,yes,yes,summon|random|put_into_play,D_LOW_RISK_EVIDENCE_OK,低リスク。汎用キーワード/効果なし/既実装証跡として二次確認へ。
cost3_unit_random_pool,アカイライ,3,4,2,共通,なし,自分のターン終了時このユニットがダメージを受けているならカードを1枚引く。,https://gameconductor.com/dqrivals/c/d/511,official_detail_url_present_in_cards_json,OK_TRACKED_IMPLEMENTED,yes,yes,turn_end|draw,D_LOW_RISK_EVIDENCE_OK,低リスク。汎用キーワード/効果なし/既実装証跡として二次確認へ。
cost3_unit_random_pool,アビスソルジャー,3,3,3,共通,なし,,https://gameconductor.com/dqrivals/c/d/723,official_detail_url_present_in_cards_json,OK_EFFECT_NONE,yes,yes,,D_LOW_RISK_EVIDENCE_OK,低リスク。汎用キーワード/効果なし/既実装証跡として二次確認へ。
cost3_unit_random_pool,アルケミストン,3,3,3,魔剣士,なし,攻撃時：このターン中MPが1増える,https://gameconductor.com/dqrivals/c/d/352,official_detail_url_present_in_cards_json,OK_TRACKED_IMPLEMENTED,yes,yes,attack,D_LOW_RISK_EVIDENCE_OK,低リスク。汎用キーワード/効果なし/既実装証跡として二次確認へ。
cost3_unit_random_pool,アルゴングレート,3,4,4,共通,ドラゴン,正面に敵ユニットがいる場合攻撃できない,https://gameconductor.com/dqrivals/c/d/1461,official_detail_url_present_in_cards_json,OK_TRACKED_IMPLEMENTED,yes,yes,,D_LOW_RISK_EVIDENCE_OK,低リスク。汎用キーワード/効果なし/既実装証跡として二次確認へ。
cost3_unit_random_pool,アローインプ,3,2,3,共通,なし,後列から攻撃する場合敵ユニットから反撃を受けない,https://gameconductor.com/dqrivals/c/d/102,official_detail_url_present_in_cards_json,OK_TRACKED_IMPLEMENTED,yes,yes,position,D_LOW_RISK_EVIDENCE_OK,低リスク。汎用キーワード/効果なし/既実装証跡として二次確認へ。
cost3_unit_random_pool,イエティ,3,1,5,武闘家,なし,自分がコスト1以下の手札を使う度攻撃力+1,https://gameconductor.com/dqrivals/c/d/994,official_detail_url_present_in_cards_json,OK_TRACKED_IMPLEMENTED,yes,yes,cost_change|hand,D_LOW_RISK_EVIDENCE_OK,低リスク。汎用キーワード/効果なし/既実装証跡として二次確認へ。
cost3_unit_random_pool,イザヤール,3,3,3,共通,冒険者,召喚時：全ての味方冒険者に作戦を出す,https://gameconductor.com/dqrivals/c/d/1334,official_detail_url_present_in_cards_json,OK_TRACKED_IMPLEMENTED,yes,yes,summon|put_into_play,D_LOW_RISK_EVIDENCE_OK,低リスク。汎用キーワード/効果なし/既実装証跡として二次確認へ。
cost3_unit_random_pool,インキュバス,3,3,3,占い師,なし,召喚時：デッキの一番上のカードのコストが奇数なら+1/+1、偶数なら-1/-1,https://gameconductor.com/dqrivals/c/d/329,official_detail_url_present_in_cards_json,OK_TRACKED_IMPLEMENTED,yes,yes,summon|cost_change,D_LOW_RISK_EVIDENCE_OK,低リスク。汎用キーワード/効果なし/既実装証跡として二次確認へ。
cost3_unit_random_pool,ウィッチネイル,3,2,3,魔剣士,ゾンビ,ダメージを与えたユニットを死亡させる,https://gameconductor.com/dqrivals/c/d/351,official_detail_url_present_in_cards_json,OK_TRACKED_IMPLEMENTED,yes,yes,,D_LOW_RISK_EVIDENCE_OK,低リスク。汎用キーワード/効果なし/既実装証跡として二次確認へ。
cost3_unit_random_pool,ウィッチレディ,3,3,3,魔法使い,なし,自分が特技を使って敵ユニットを倒す度味方リーダーのテンション+1,https://gameconductor.com/dqrivals/c/d/390,official_detail_url_present_in_cards_json,OK_TRACKED_IMPLEMENTED,yes,yes,,B_RECENTLY_FIXED_RECHECK,直近修正済み。公式文面との一致を再テスト対象にする。
cost3_unit_random_pool,ウパソルジャー,3,1,5,戦士,なし,絶好調、絶好調状態の味方ユニットが攻撃する度このターン中味方リーダーは攻撃力+1を得る,https://gameconductor.com/dqrivals/c/d/987,official_detail_url_present_in_cards_json,REVIEW_NAME_MENTIONED_ONLY,yes,no,zekkocho,A_COMPLEX_NAME_ONLY,公式文面どおり個別実装の有無を確認。
cost3_unit_random_pool,エビルマスター,3,2,2,共通,なし,召喚時：自分のデッキからスライム系、ドラゴン系、ゾンビ系のいずれか1枚を引く,https://gameconductor.com/dqrivals/c/d/638,official_detail_url_present_in_cards_json,OK_TRACKED_IMPLEMENTED,yes,yes,summon|deck_search,D_LOW_RISK_EVIDENCE_OK,低リスク。汎用キーワード/効果なし/既実装証跡として二次確認へ。
cost3_unit_random_pool,オオカミ,3,3,1,共通,なし,速攻,https://gameconductor.com/dqrivals/c/d/724,official_detail_url_present_in_cards_json,OK_GENERIC_BASIC_KEYWORD,no,no,basic_keyword,D_LOW_RISK_EVIDENCE_OK,低リスク。汎用キーワード/効果なし/既実装証跡として二次確認へ。
cost3_unit_random_pool,オーガソルジャー,3,3,3,魔剣士,なし,召喚時：全てのピサロナイトにさくせんを出す,https://gameconductor.com/dqrivals/c/d/1398,official_detail_url_present_in_cards_json,OK_TRACKED_IMPLEMENTED,yes,yes,summon|put_into_play,D_LOW_RISK_EVIDENCE_OK,低リスク。汎用キーワード/効果なし/既実装証跡として二次確認へ。
cost3_unit_random_pool,オーガー,3,4,3,占い師,なし,天啓の神域の効果によってデッキから手札にこのカードが加わった場合、ランダムな敵ユニットに3ダメージ,https://gameconductor.com/dqrivals/c/d/529,official_detail_url_present_in_cards_json,NEEDS_EFFECT_REVIEW,no,no,random|deck_search|hand,A_NEEDS_EFFECT_REVIEW,公式文面どおり個別実装の有無を確認。
cost3_unit_random_pool,ガスト,3,2,4,戦士,なし,パワフルバッジ：ゾンビ系の味方ユニットのHP+1,https://gameconductor.com/dqrivals/c/d/608,official_detail_url_present_in_cards_json,NEEDS_EFFECT_REVIEW,no,no,powerful_badge,A_NEEDS_EFFECT_REVIEW,常在/バッジ再計算、後出し反映、場を離れた時の解除を確認。
cost3_unit_random_pool,ガチャコッコ,3,0,5,共通,なし,におうだち、召喚時：敵ユニット1体につき攻撃力＋1,https://gameconductor.com/dqrivals/c/d/98,official_detail_url_present_in_cards_json,OK_TRACKED_IMPLEMENTED,yes,yes,summon|target_modal|basic_keyword,D_LOW_RISK_EVIDENCE_OK,低リスク。汎用キーワード/効果なし/既実装証跡として二次確認へ。
cost3_unit_random_pool,キッシム,3,3,2,魔剣士,なし,おうえん、死亡時：自分のデッキからコスト5以上の建物カードを1枚引く。そのカードのコスト-1,https://gameconductor.com/dqrivals/c/d/1399,official_detail_url_present_in_cards_json,OK_TRACKED_IMPLEMENTED,yes,yes,death|deck_search|draw|cost_change|building|basic_keyword,D_LOW_RISK_EVIDENCE_OK,低リスク。汎用キーワード/効果なし/既実装証跡として二次確認へ。
cost3_unit_random_pool,キャタピラー,3,1,5,僧侶,なし,召喚時：味方ユニット1体のHP+2,https://gameconductor.com/dqrivals/c/d/268,official_detail_url_present_in_cards_json,OK_TRACKED_IMPLEMENTED,yes,yes,summon|target_modal,D_LOW_RISK_EVIDENCE_OK,低リスク。汎用キーワード/効果なし/既実装証跡として二次確認へ。
cost3_unit_random_pool,キャットバット,3,2,1,共通,なし,召喚時：このユニットの前後にキャットバットを出す,https://gameconductor.com/dqrivals/c/d/108,official_detail_url_present_in_cards_json,OK_TRACKED_IMPLEMENTED,yes,yes,summon|put_into_play,D_LOW_RISK_EVIDENCE_OK,低リスク。汎用キーワード/効果なし/既実装証跡として二次確認へ。
cost3_unit_random_pool,クイーンスライム,3,3,3,共通,スライム,このユニットを除くスライム系の味方ユニット全てを+1/+1,https://gameconductor.com/dqrivals/c/d/112,official_detail_url_present_in_cards_json,REVIEW_NAME_MENTIONED_ONLY,yes,no,,B_NAME_ONLY_RECHECK,低リスク。汎用キーワード/効果なし/既実装証跡として二次確認へ。
cost3_unit_random_pool,クラウンヘッド,3,1,4,僧侶,なし,におうだち。召喚時：GET(1)。BET：HP+1、次の相手のターン終了時まで受けるダメージ-1。このユニットへのBETは1ターン1回,https://gameconductor.com/dqrivals/c/d/1126,official_detail_url_present_in_cards_json,OK_TRACKED_IMPLEMENTED,yes,yes,summon|bet|get|turn_end|basic_keyword,B_RECENTLY_FIXED_RECHECK,直近修正済み。公式文面との一致を再テスト対象にする。
cost3_unit_random_pool,グリゴンダンス,3,3,2,共通,なし,テンションリンク：全てのユニットに1ダメージ,https://gameconductor.com/dqrivals/c/d/76,official_detail_url_present_in_cards_json,OK_TRACKED_IMPLEMENTED,yes,yes,tension_link,D_LOW_RISK_EVIDENCE_OK,低リスク。汎用キーワード/効果なし/既実装証跡として二次確認へ。
cost3_unit_random_pool,グリムン,3,3,3,魔法使い,なし,召喚時：このターン中次に使う建物カードのコスト-2,https://gameconductor.com/dqrivals/c/d/1354,official_detail_url_present_in_cards_json,OK_TRACKED_IMPLEMENTED,yes,yes,summon|cost_change|building,D_LOW_RISK_EVIDENCE_OK,低リスク。汎用キーワード/効果なし/既実装証跡として二次確認へ。
cost3_unit_random_pool,グレムリン,3,2,4,僧侶,なし,味方が回復する度攻撃力+1,https://gameconductor.com/dqrivals/c/d/261,official_detail_url_present_in_cards_json,NEEDS_EFFECT_REVIEW,no,no,heal_trigger,A_NEEDS_EFFECT_REVIEW,公式文面どおり個別実装の有無を確認。
cost3_unit_random_pool,グレンデル,3,2,4,僧侶,なし,におうだち　召喚時:味方リーダーのテンションを1消費する。消費した後+1/+1を得る。,https://gameconductor.com/dqrivals/c/d/480,official_detail_url_present_in_cards_json,OK_TRACKED_IMPLEMENTED,yes,yes,summon|basic_keyword,D_LOW_RISK_EVIDENCE_OK,低リスク。汎用キーワード/効果なし/既実装証跡として二次確認へ。
cost3_unit_random_pool,ケセランパセラン,3,4,3,占い師,なし,自分の占いで(1)の効果が発動する度味方リーダーのHPを2回復,https://gameconductor.com/dqrivals/c/d/328,official_detail_url_present_in_cards_json,REVIEW_NAME_MENTIONED_ONLY,yes,no,fortune,A_COMPLEX_NAME_ONLY,通常/必中/超必中、占い(1)/(2)誘発リスナーを確認。
cost3_unit_random_pool,ケミカルゼリー,3,3,2,武闘家,なし,召喚時：敵ユニット1体に2ダメージ、そのユニットが前列にいる場合代わりに4ダメージ,https://gameconductor.com/dqrivals/c/d/1505,official_detail_url_present_in_cards_json,OK_TRACKED_IMPLEMENTED,yes,yes,summon|position|target_modal,D_LOW_RISK_EVIDENCE_OK,低リスク。汎用キーワード/効果なし/既実装証跡として二次確認へ。
cost3_unit_random_pool,ケムケムベス,3,3,6,戦士,なし,絶好調、このユニットは絶好調状態ではない場合攻撃できない,https://gameconductor.com/dqrivals/c/d/866,official_detail_url_present_in_cards_json,NEEDS_EFFECT_REVIEW,no,no,zekkocho,A_NEEDS_EFFECT_REVIEW,公式文面どおり個別実装の有無を確認。
cost3_unit_random_pool,ゲルダ,3,4,2,武闘家,冒険者,ステルス、正面にいる敵ユニットからダメージを受けない。攻撃時:攻撃対象が敵ユニットの場合その正面に移動する。,https://gameconductor.com/dqrivals/c/d/799,official_detail_url_present_in_cards_json,OK_TRACKED_IMPLEMENTED,yes,yes,attack|basic_keyword,D_LOW_RISK_EVIDENCE_OK,低リスク。汎用キーワード/効果なし/既実装証跡として二次確認へ。
cost3_unit_random_pool,コサックシープ,3,4,3,共通,なし,召喚時：味方ユニット1体を手札に戻す,https://gameconductor.com/dqrivals/c/d/109,official_detail_url_present_in_cards_json,OK_TRACKED_IMPLEMENTED,yes,yes,summon|target_modal|hand,D_LOW_RISK_EVIDENCE_OK,低リスク。汎用キーワード/効果なし/既実装証跡として二次確認へ。
cost3_unit_random_pool,コンジャラー,3,2,4,占い師,なし,味方リーダーは超必中モードになる,https://gameconductor.com/dqrivals/c/d/814,official_detail_url_present_in_cards_json,OK_TRACKED_IMPLEMENTED,yes,yes,,D_LOW_RISK_EVIDENCE_OK,低リスク。汎用キーワード/効果なし/既実装証跡として二次確認へ。
cost3_unit_random_pool,ゴルゴンゾーラ,3,2,4,武闘家,なし,召喚時：GET(1)。BET：このユニット自身のHPを3回復する。,https://gameconductor.com/dqrivals/c/d/1190,official_detail_url_present_in_cards_json,OK_TRACKED_IMPLEMENTED,yes,yes,summon|bet|get,B_RECENTLY_FIXED_RECHECK,直近修正済み。公式文面との一致を再テスト対象にする。
cost3_unit_random_pool,ゴーレム,3,3,3,共通,なし,におうだち,https://gameconductor.com/dqrivals/c/d/66,official_detail_url_present_in_cards_json,REVIEW_NAME_MENTIONED_ONLY,yes,no,basic_keyword,B_NAME_ONLY_RECHECK,低リスク。汎用キーワード/効果なし/既実装証跡として二次確認へ。
cost3_unit_random_pool,サウルスロード,3,4,3,共通,ドラゴン,選択：・特技ダメージ+1を得る ・武器ダメージ+1を得る,,official_detail_url_missing,REVIEW_NAME_MENTIONED_ONLY,yes,no,choose,A_OFFICIAL_URL_MISSING,公式DB詳細URLの再取得が先。名前検索で公式IDを確認してから実装照合。
cost3_unit_random_pool,サブナック,3,4,4,共通,なし,召喚時：指定の敵マスに2/1のスライムベスを出す,https://gameconductor.com/dqrivals/c/d/540,official_detail_url_present_in_cards_json,OK_TRACKED_IMPLEMENTED,yes,yes,summon|put_into_play,D_LOW_RISK_EVIDENCE_OK,低リスク。汎用キーワード/効果なし/既実装証跡として二次確認へ。
cost3_unit_random_pool,サンチョ,3,2,4,共通,冒険者,におうだち,https://gameconductor.com/dqrivals/c/d/1032,official_detail_url_present_in_cards_json,OK_GENERIC_BASIC_KEYWORD,no,no,basic_keyword,D_LOW_RISK_EVIDENCE_OK,低リスク。汎用キーワード/効果なし/既実装証跡として二次確認へ。
cost3_unit_random_pool,ザバン,3,3,3,商人,なし,召喚時：道具カードを手札に1枚加える,https://gameconductor.com/dqrivals/c/d/307,official_detail_url_present_in_cards_json,OK_TRACKED_IMPLEMENTED,yes,yes,summon|hand,D_LOW_RISK_EVIDENCE_OK,低リスク。汎用キーワード/効果なし/既実装証跡として二次確認へ。
cost3_unit_random_pool,シャイニング,3,3,4,占い師,なし,召喚時：自分が次に使用する占いカードは発動する効果を選べるようになる。,https://gameconductor.com/dqrivals/c/d/399,official_detail_url_present_in_cards_json,OK_TRACKED_IMPLEMENTED,yes,yes,summon|fortune,C_COMPLEX_BUT_HAS_EVIDENCE,実装証跡あり。ただし複合効果なので実機/ソロテストで再確認。
cost3_unit_random_pool,シャドウベビー,3,3,2,共通,なし,ステルス、貫通,https://gameconductor.com/dqrivals/c/d/835,official_detail_url_present_in_cards_json,OK_GENERIC_BASIC_KEYWORD,no,no,basic_keyword,D_LOW_RISK_EVIDENCE_OK,低リスク。汎用キーワード/効果なし/既実装証跡として二次確認へ。
cost3_unit_random_pool,シルバーベア,3,2,4,武闘家,なし,れんけい：このターン中速攻と「敵リーダーを攻撃できない」を得る。スキルブースト:攻撃力+1,https://gameconductor.com/dqrivals/c/d/1269,official_detail_url_present_in_cards_json,REVIEW_NAME_MENTIONED_ONLY,yes,no,renkei|skill_boost|basic_keyword,A_COMPLEX_NAME_ONLY,テンション3条件のみ・テンション非消費・対象/場に出す/召喚時不発を確認。
cost3_unit_random_pool,シーゴーレム,3,2,4,共通,なし,召喚時：味方ヒーローがいる場合HP+2とにおうだちを得る,https://gameconductor.com/dqrivals/c/d/740,official_detail_url_present_in_cards_json,REVIEW_NAME_MENTIONED_ONLY,yes,no,summon|basic_keyword,B_NAME_ONLY_RECHECK,低リスク。汎用キーワード/効果なし/既実装証跡として二次確認へ。
cost3_unit_random_pool,シーメーダ,3,3,3,商人,なし,おうえん、このユニットに自分が特技を使う度味方リーダーのHPを1回復,https://gameconductor.com/dqrivals/c/d/404,official_detail_url_present_in_cards_json,OK_TRACKED_IMPLEMENTED,yes,yes,spell_used|basic_keyword,C_COMPLEX_BUT_HAS_EVIDENCE,実装証跡あり。ただし複合効果なので実機/ソロテストで再確認。
cost3_unit_random_pool,シーライオン,3,1,5,商人,なし,におうだち、自分のターン終了時このユニットのHPを2回復,https://gameconductor.com/dqrivals/c/d/1284,official_detail_url_present_in_cards_json,OK_TRACKED_IMPLEMENTED,yes,yes,turn_end|basic_keyword,D_LOW_RISK_EVIDENCE_OK,低リスク。汎用キーワード/効果なし/既実装証跡として二次確認へ。
cost3_unit_random_pool,ジゴック,3,2,4,共通,なし,におうだち、召喚時：味方建物１つの耐久値+1、そうした場合攻撃力+1を得る,https://gameconductor.com/dqrivals/c/d/1333,official_detail_url_present_in_cards_json,OK_TRACKED_IMPLEMENTED,yes,yes,summon|building|basic_keyword,D_LOW_RISK_EVIDENCE_OK,低リスク。汎用キーワード/効果なし/既実装証跡として二次確認へ。
cost3_unit_random_pool,ジャガーメイジ,3,3,3,共通,なし,召喚時：敵ユニットが3体以上いる場合全ての敵ユニットに1ダメージ,https://gameconductor.com/dqrivals/c/d/107,official_detail_url_present_in_cards_json,OK_TRACKED_IMPLEMENTED,yes,yes,summon,D_LOW_RISK_EVIDENCE_OK,低リスク。汎用キーワード/効果なし/既実装証跡として二次確認へ。
cost3_unit_random_pool,ジャミ&ゴンズ,3,4,4,魔法使い,なし,選択：・HP-2 カードを1枚引く、敵リーダーに2ダメージ・攻撃力-2 におうだちを得る、味方リーダーのテンション+1,https://gameconductor.com/dqrivals/c/d/1563,official_detail_url_present_in_cards_json,OK_TRACKED_IMPLEMENTED,yes,yes,choose|draw|basic_keyword,B_RECENTLY_FIXED_RECHECK,直近修正済み。公式文面との一致を再テスト対象にする。
cost3_unit_random_pool,スウィートバッグ,3,3,3,共通,なし,テンションリンク：前にいる味方ユニットに貫通、ねらい撃ち、2回攻撃のいずれか1つを付与する。,https://gameconductor.com/dqrivals/c/d/449,official_detail_url_present_in_cards_json,REVIEW_NAME_MENTIONED_ONLY,yes,no,tension_link|basic_keyword,A_COMPLEX_NAME_ONLY,公式文面どおり個別実装の有無を確認。
cost3_unit_random_pool,スケアフレイル,3,2,4,共通,ゾンビ,におうだち,https://gameconductor.com/dqrivals/c/d/917,official_detail_url_present_in_cards_json,OK_GENERIC_BASIC_KEYWORD,no,no,basic_keyword,D_LOW_RISK_EVIDENCE_OK,低リスク。汎用キーワード/効果なし/既実装証跡として二次確認へ。
cost3_unit_random_pool,ストロングアニマル,3,3,4,武闘家,なし,召喚時：味方ユニット1体を手札に戻す。それが冒険者ならさらにコストを-2する。,https://gameconductor.com/dqrivals/c/d/1084,official_detail_url_present_in_cards_json,OK_TRACKED_IMPLEMENTED,yes,yes,summon|target_modal|cost_change|hand,D_LOW_RISK_EVIDENCE_OK,低リスク。汎用キーワード/効果なし/既実装証跡として二次確認へ。
cost3_unit_random_pool,ストーンビースト,3,1,5,魔剣士,なし,絶好調、このユニットが絶好調状態なら攻撃力+2とにおうだちを得る,https://gameconductor.com/dqrivals/c/d/934,official_detail_url_present_in_cards_json,NEEDS_EFFECT_REVIEW,no,no,zekkocho|basic_keyword,A_NEEDS_EFFECT_REVIEW,公式文面どおり個別実装の有無を確認。
cost3_unit_random_pool,スピニー,3,2,3,占い師,なし,召喚時：貫通、1/2のメラリザードを1体出す。自分のデッキの一番上のカードのコストが3以上ならそのメラリザードに攻撃力+1とにおうだちを付与する,https://gameconductor.com/dqrivals/c/d/1388,official_detail_url_present_in_cards_json,OK_TRACKED_IMPLEMENTED,yes,yes,summon|put_into_play|cost_change|basic_keyword,D_LOW_RISK_EVIDENCE_OK,低リスク。汎用キーワード/効果なし/既実装証跡として二次確認へ。
cost3_unit_random_pool,スモールグール,3,2,1,共通,なし,絶好調、自分のターン終了時このユニットが絶好調状態なら前後にスモールグールを出す。 その後絶好調状態ではなくなる。,https://gameconductor.com/dqrivals/c/d/862,official_detail_url_present_in_cards_json,OK_TRACKED_IMPLEMENTED,yes,yes,zekkocho|turn_end|put_into_play,D_LOW_RISK_EVIDENCE_OK,低リスク。汎用キーワード/効果なし/既実装証跡として二次確認へ。
cost3_unit_random_pool,スライムタワー,3,3,3,共通,スライム,召喚時：カードを1枚捨てた後カードを1枚引く,https://gameconductor.com/dqrivals/c/d/100,official_detail_url_present_in_cards_json,OK_TRACKED_IMPLEMENTED,yes,yes,summon|draw,D_LOW_RISK_EVIDENCE_OK,低リスク。汎用キーワード/効果なし/既実装証跡として二次確認へ。
cost3_unit_random_pool,スライムタール,3,3,4,魔法使い,スライム,れんけい：次の1回のみ味方リーダーのテンションスキルはリーダーを対象にできずダメージ+2,https://gameconductor.com/dqrivals/c/d/1257,official_detail_url_present_in_cards_json,OK_TRACKED_IMPLEMENTED,yes,yes,renkei,C_COMPLEX_BUT_HAS_EVIDENCE,実装証跡あり。ただし複合効果なので実機/ソロテストで再確認。
cost3_unit_random_pool,スライムツリー,3,2,3,魔法使い,スライム,召喚時：敵ユニット1体に「受けるダメージ2倍」を付与する,https://gameconductor.com/dqrivals/c/d/765,official_detail_url_present_in_cards_json,OK_TRACKED_IMPLEMENTED,yes,yes,summon|target_modal,D_LOW_RISK_EVIDENCE_OK,低リスク。汎用キーワード/効果なし/既実装証跡として二次確認へ。
cost3_unit_random_pool,スライムナイト,3,2,2,共通,スライム,死亡時：1/1のスライムをこのマスに出す,https://gameconductor.com/dqrivals/c/d/21,official_detail_url_present_in_cards_json,OK_TRACKED_IMPLEMENTED,yes,yes,death|put_into_play,D_LOW_RISK_EVIDENCE_OK,低リスク。汎用キーワード/効果なし/既実装証跡として二次確認へ。
cost3_unit_random_pool,スーパーテンツク,3,2,4,僧侶,なし,召喚時:味方ヒーローがいる場合自分のデッキから武器カードまたは必殺技を持つカードを手札に加える。,https://gameconductor.com/dqrivals/c/d/801,official_detail_url_present_in_cards_json,OK_TRACKED_IMPLEMENTED,yes,yes,summon|deck_search|hand,D_LOW_RISK_EVIDENCE_OK,低リスク。汎用キーワード/効果なし/既実装証跡として二次確認へ。
cost3_unit_random_pool,セージももんじゃ,3,2,2,占い師,なし,召喚時:自分のデッキの一番上のカードのコストが偶数なら合計3ダメージをランダムな敵ユニットに割り振る,https://gameconductor.com/dqrivals/c/d/1202,official_detail_url_present_in_cards_json,OK_TRACKED_IMPLEMENTED,yes,yes,summon|random|cost_change,D_LOW_RISK_EVIDENCE_OK,低リスク。汎用キーワード/効果なし/既実装証跡として二次確認へ。
cost3_unit_random_pool,タップデビル,3,2,2,魔剣士,なし,絶好調、死亡時：自分のデッキからコスト4の特技カードを1枚引く。このユニットが絶好調状態ならそのカードのコスト-1,https://gameconductor.com/dqrivals/c/d/970,official_detail_url_present_in_cards_json,OK_TRACKED_IMPLEMENTED,yes,yes,death|zekkocho|deck_search|draw|cost_change,D_LOW_RISK_EVIDENCE_OK,低リスク。汎用キーワード/効果なし/既実装証跡として二次確認へ。
cost3_unit_random_pool,タップペンギー,3,3,4,共通,なし,,https://gameconductor.com/dqrivals/c/d/755,official_detail_url_present_in_cards_json,OK_EFFECT_NONE,yes,yes,,D_LOW_RISK_EVIDENCE_OK,低リスク。汎用キーワード/効果なし/既実装証跡として二次確認へ。
cost3_unit_random_pool,ダックスビル,3,3,3,僧侶,なし,パワフルバッジ：ドラゴン系の味方ユニットのHP+1,https://gameconductor.com/dqrivals/c/d/661,official_detail_url_present_in_cards_json,NEEDS_EFFECT_REVIEW,no,no,powerful_badge,A_NEEDS_EFFECT_REVIEW,常在/バッジ再計算、後出し反映、場を離れた時の解除を確認。
cost3_unit_random_pool,ダッシュラン,3,3,3,共通,ドラゴン,召喚時：前列にいるユニット1体を後列に移動させる,https://gameconductor.com/dqrivals/c/d/67,official_detail_url_present_in_cards_json,REVIEW_NAME_MENTIONED_ONLY,yes,no,summon|position|target_modal,B_NAME_ONLY_RECHECK,低リスク。汎用キーワード/効果なし/既実装証跡として二次確認へ。
cost3_unit_random_pool,ダークペルシャ,3,3,2,共通,なし,召喚時:敵ユニットが3体以上いる場合GET(1)、BET:全てのユニットに1ダメージ,https://gameconductor.com/dqrivals/c/d/1117,official_detail_url_present_in_cards_json,OK_TRACKED_IMPLEMENTED,yes,yes,summon|bet|get,C_COMPLEX_BUT_HAS_EVIDENCE,実装証跡あり。ただし複合効果なので実機/ソロテストで再確認。
cost3_unit_random_pool,ツボック,3,3,4,商人,なし,死亡時：自分のデッキに特技カードが無いなら味方リーダーのテンション+2,https://gameconductor.com/dqrivals/c/d/1525,official_detail_url_present_in_cards_json,OK_TRACKED_IMPLEMENTED,yes,yes,death,D_LOW_RISK_EVIDENCE_OK,低リスク。汎用キーワード/効果なし/既実装証跡として二次確認へ。
cost3_unit_random_pool,ツンドラキー,3,3,3,共通,なし,味方リーダーのHPが20以上の間攻撃力+2とねらい撃ちを得る,https://gameconductor.com/dqrivals/c/d/23,official_detail_url_present_in_cards_json,OK_TRACKED_IMPLEMENTED,yes,yes,basic_keyword,D_LOW_RISK_EVIDENCE_OK,低リスク。汎用キーワード/効果なし/既実装証跡として二次確認へ。
cost3_unit_random_pool,テラノザース,3,4,3,戦士,ドラゴン,召喚時:自分のデッキに特技カードがないならカードを1枚引く,https://gameconductor.com/dqrivals/c/d/1484,official_detail_url_present_in_cards_json,REVIEW_NAME_MENTIONED_ONLY,yes,no,summon|draw,A_COMPLEX_NAME_ONLY,手札から召喚時のみ発動。ランダムで場に出た場合に発動しないことを確認。
cost3_unit_random_pool,テールイーター,3,3,3,共通,なし,召喚時:このユニットにさくせんを出す,https://gameconductor.com/dqrivals/c/d/1332,official_detail_url_present_in_cards_json,OK_TRACKED_IMPLEMENTED,yes,yes,summon|put_into_play,D_LOW_RISK_EVIDENCE_OK,低リスク。汎用キーワード/効果なし/既実装証跡として二次確認へ。
cost3_unit_random_pool,デザートデーモン,3,3,1,占い師,なし,召喚時:合計3ダメージをこのユニット以外のランダムなユニットに割り振る,https://gameconductor.com/dqrivals/c/d/1534,official_detail_url_present_in_cards_json,OK_TRACKED_IMPLEMENTED,yes,yes,summon|random,D_LOW_RISK_EVIDENCE_OK,低リスク。汎用キーワード/効果なし/既実装証跡として二次確認へ。
cost3_unit_random_pool,デザートランナー,3,3,3,共通,なし,召喚時:地形マスに召喚された場合速攻を得る。,https://gameconductor.com/dqrivals/c/d/488,official_detail_url_present_in_cards_json,OK_TRACKED_IMPLEMENTED,yes,yes,summon|terrain|basic_keyword,D_LOW_RISK_EVIDENCE_OK,低リスク。汎用キーワード/効果なし/既実装証跡として二次確認へ。
cost3_unit_random_pool,デスパロット,3,2,3,商人,なし,味方ヒーローのヒーロースキルが発動した後道具カード2枚を手札に加える,https://gameconductor.com/dqrivals/c/d/881,official_detail_url_present_in_cards_json,REVIEW_NAME_MENTIONED_ONLY,yes,no,hand,A_COMPLEX_NAME_ONLY,公式文面どおり個別実装の有無を確認。
cost3_unit_random_pool,デビルウィザード,3,4,3,魔剣士,なし,パワフルバッジ：ゾンビ系の味方ユニットの攻撃力+1,https://gameconductor.com/dqrivals/c/d/627,official_detail_url_present_in_cards_json,NEEDS_EFFECT_REVIEW,no,no,powerful_badge,A_NEEDS_EFFECT_REVIEW,常在/バッジ再計算、後出し反映、場を離れた時の解除を確認。
cost3_unit_random_pool,デンタザウルス,3,2,4,魔法使い,ドラゴン,におうだち、召喚時：手札にコスト3以上の特技カードがあるならHP+2,https://gameconductor.com/dqrivals/c/d/1495,official_detail_url_present_in_cards_json,REVIEW_NAME_MENTIONED_ONLY,yes,no,summon|cost_change|hand|basic_keyword,A_COMPLEX_NAME_ONLY,手札から召喚時のみ発動。ランダムで場に出た場合に発動しないことを確認。
cost3_unit_random_pool,トドマン,3,2,2,共通,なし,このユニットに自分が特技を使う度攻撃力+1,https://gameconductor.com/dqrivals/c/d/97,official_detail_url_present_in_cards_json,OK_TRACKED_IMPLEMENTED,yes,yes,spell_used,C_COMPLEX_BUT_HAS_EVIDENCE,実装証跡あり。ただし複合効果なので実機/ソロテストで再確認。
cost3_unit_random_pool,トマトマーレ,3,3,3,盗賊,スライム,れんけい：攻撃力+1、このユニットはダメージを受けているユニットから戦闘ダメージを受けない,https://gameconductor.com/dqrivals/c/d/1316,official_detail_url_present_in_cards_json,OK_TRACKED_IMPLEMENTED,yes,yes,renkei,C_COMPLEX_BUT_HAS_EVIDENCE,実装証跡あり。ただし複合効果なので実機/ソロテストで再確認。
cost3_unit_random_pool,ドッグスナイパー,3,2,4,共通,なし,ねらい撃ち、戦闘以外のダメージで敵ユニットが死亡する度攻撃力+1,https://gameconductor.com/dqrivals/c/d/754,official_detail_url_present_in_cards_json,OK_TRACKED_IMPLEMENTED,yes,yes,basic_keyword,B_RECENTLY_FIXED_RECHECK,直近修正済み。公式文面との一致を再テスト対象にする。
cost3_unit_random_pool,ドラキーマ,3,2,1,共通,なし,召喚時：ユニット1体を次のターン攻撃不能にする,https://gameconductor.com/dqrivals/c/d/111,official_detail_url_present_in_cards_json,OK_TRACKED_IMPLEMENTED,yes,yes,summon|target_modal,D_LOW_RISK_EVIDENCE_OK,低リスク。汎用キーワード/効果なし/既実装証跡として二次確認へ。
cost3_unit_random_pool,ドラゴメタル,3,2,3,商人,スライム,メタルボディ,https://gameconductor.com/dqrivals/c/d/1201,official_detail_url_present_in_cards_json,OK_GENERIC_BASIC_KEYWORD,no,no,basic_keyword,D_LOW_RISK_EVIDENCE_OK,低リスク。汎用キーワード/効果なし/既実装証跡として二次確認へ。
cost3_unit_random_pool,ドラゴン,3,5,4,共通,ドラゴン,死亡時：相手の手札に王女の愛を加える,https://gameconductor.com/dqrivals/c/d/146,official_detail_url_present_in_cards_json,OK_TRACKED_IMPLEMENTED,yes,yes,death|hand,D_LOW_RISK_EVIDENCE_OK,低リスク。汎用キーワード/効果なし/既実装証跡として二次確認へ。
cost3_unit_random_pool,ドラゴンキッズ,3,3,2,共通,ドラゴン,召喚時：正面にいる全ての敵ユニットに1ダメージ,https://gameconductor.com/dqrivals/c/d/101,official_detail_url_present_in_cards_json,OK_TRACKED_IMPLEMENTED,yes,yes,summon,D_LOW_RISK_EVIDENCE_OK,低リスク。汎用キーワード/効果なし/既実装証跡として二次確認へ。
cost3_unit_random_pool,ドラムゴート,3,3,3,共通,なし,テンションカードを1ターンに2回まで使える,https://gameconductor.com/dqrivals/c/d/378,official_detail_url_present_in_cards_json,OK_TRACKED_IMPLEMENTED,yes,yes,,D_LOW_RISK_EVIDENCE_OK,低リスク。汎用キーワード/効果なし/既実装証跡として二次確認へ。
cost3_unit_random_pool,ドロザラー,3,3,3,共通,なし,召喚時:指定のマスの地形を破壊する,https://gameconductor.com/dqrivals/c/d/541,official_detail_url_present_in_cards_json,OK_TRACKED_IMPLEMENTED,yes,yes,summon|terrain,D_LOW_RISK_EVIDENCE_OK,低リスク。汎用キーワード/効果なし/既実装証跡として二次確認へ。
cost3_unit_random_pool,ナイトウォーカー,3,2,3,共通,なし,自分のターン終了時相手の手札が3枚以下の場合攻撃力+1とステルスを得る,https://gameconductor.com/dqrivals/c/d/452,official_detail_url_present_in_cards_json,OK_TRACKED_IMPLEMENTED,yes,yes,turn_end|hand|basic_keyword,D_LOW_RISK_EVIDENCE_OK,低リスク。汎用キーワード/効果なし/既実装証跡として二次確認へ。
cost3_unit_random_pool,ナイトキング,3,2,4,戦士,ゾンビ,におうだち、れんけい：味方リーダーのHPを4回復,https://gameconductor.com/dqrivals/c/d/1248,official_detail_url_present_in_cards_json,REVIEW_NAME_MENTIONED_ONLY,yes,no,renkei|basic_keyword,A_COMPLEX_NAME_ONLY,テンション3条件のみ・テンション非消費・対象/場に出す/召喚時不発を確認。
cost3_unit_random_pool,ナイトリッチ,3,2,2,戦士,ゾンビ,召喚時：自分の手札に魔王系カードがあるなら他の全てのユニットに2ダメージ,https://gameconductor.com/dqrivals/c/d/1079,official_detail_url_present_in_cards_json,OK_TRACKED_IMPLEMENTED,yes,yes,summon|hand,D_LOW_RISK_EVIDENCE_OK,低リスク。汎用キーワード/効果なし/既実装証跡として二次確認へ。
cost3_unit_random_pool,ネネ,3,1,4,商人,冒険者,召喚時：この対戦中「お宝発見」で手に入る道具カードの数+2枚,https://gameconductor.com/dqrivals/c/d/1025,official_detail_url_present_in_cards_json,OK_TRACKED_IMPLEMENTED,yes,yes,summon,D_LOW_RISK_EVIDENCE_OK,低リスク。汎用キーワード/効果なし/既実装証跡として二次確認へ。
cost3_unit_random_pool,ネーレウス,3,2,3,占い師,なし,味方ユニットが場に出た後そのユニットの攻撃力+1、それが冒険者なら代わりに+1/+1,https://gameconductor.com/dqrivals/c/d/1019,official_detail_url_present_in_cards_json,OK_TRACKED_IMPLEMENTED,yes,yes,after_played_to_board,C_COMPLEX_BUT_HAS_EVIDENCE,実装証跡あり。ただし複合効果なので実機/ソロテストで再確認。
cost3_unit_random_pool,バルンバ,3,2,4,占い師,ドラゴン,パワフルバッジ：ドラゴン系の味方ユニットはにおうだちを得る,https://gameconductor.com/dqrivals/c/d/589,official_detail_url_present_in_cards_json,REVIEW_NAME_MENTIONED_ONLY,yes,no,powerful_badge|basic_keyword,A_COMPLEX_NAME_ONLY,常在/バッジ再計算、後出し反映、場を離れた時の解除を確認。
cost3_unit_random_pool,バードファイター,3,4,3,共通,なし,,https://gameconductor.com/dqrivals/c/d/10,official_detail_url_present_in_cards_json,OK_EFFECT_NONE,yes,yes,,D_LOW_RISK_EVIDENCE_OK,低リスク。汎用キーワード/効果なし/既実装証跡として二次確認へ。
cost3_unit_random_pool,パプリカン,3,3,2,戦士,なし,召喚時：味方ヒーローがいる場合装備中の武器を+1/+1,https://gameconductor.com/dqrivals/c/d/756,official_detail_url_present_in_cards_json,OK_TRACKED_IMPLEMENTED,yes,yes,summon,D_LOW_RISK_EVIDENCE_OK,低リスク。汎用キーワード/効果なし/既実装証跡として二次確認へ。
cost3_unit_random_pool,パペットマン,3,5,4,共通,なし,召喚時：最大MPが1減る,https://gameconductor.com/dqrivals/c/d/639,official_detail_url_present_in_cards_json,OK_TRACKED_IMPLEMENTED,yes,yes,summon,D_LOW_RISK_EVIDENCE_OK,低リスク。汎用キーワード/効果なし/既実装証跡として二次確認へ。
cost3_unit_random_pool,パールスライム,3,2,4,僧侶,スライム,召喚時：味方ユニット1体のHP+2、それが冒険者ならさらにカードを1枚引く,https://gameconductor.com/dqrivals/c/d/1086,official_detail_url_present_in_cards_json,OK_TRACKED_IMPLEMENTED,yes,yes,summon|target_modal|draw,D_LOW_RISK_EVIDENCE_OK,低リスク。汎用キーワード/効果なし/既実装証跡として二次確認へ。
cost3_unit_random_pool,ヒッポキング,3,2,4,共通,なし,貫通、敵リーダーのテンションが上がる度攻撃力+2,https://gameconductor.com/dqrivals/c/d/539,official_detail_url_present_in_cards_json,OK_TRACKED_IMPLEMENTED,yes,yes,basic_keyword,D_LOW_RISK_EVIDENCE_OK,低リスク。汎用キーワード/効果なし/既実装証跡として二次確認へ。
cost3_unit_random_pool,ビッグフェイス,3,3,3,占い師,なし,におうだち,https://gameconductor.com/dqrivals/c/d/736,official_detail_url_present_in_cards_json,OK_GENERIC_BASIC_KEYWORD,no,no,basic_keyword,D_LOW_RISK_EVIDENCE_OK,低リスク。汎用キーワード/効果なし/既実装証跡として二次確認へ。
cost3_unit_random_pool,ビッグボック,3,2,3,占い師,なし,占い:(1)味方リーダーのテンション+1、このユニットのHP+1、(2)味方リーダーのテンション+2,https://gameconductor.com/dqrivals/c/d/1533,official_detail_url_present_in_cards_json,NEEDS_EFFECT_REVIEW,no,no,fortune,A_NEEDS_EFFECT_REVIEW,通常/必中/超必中、占い(1)/(2)誘発リスナーを確認。
cost3_unit_random_pool,ビッグモアイ,3,4,1,魔法使い,なし,召喚時：自分の手札に魔王系カードがあるならHP+3とにおうだちを得る,https://gameconductor.com/dqrivals/c/d/1044,official_detail_url_present_in_cards_json,OK_TRACKED_IMPLEMENTED,yes,yes,summon|hand|basic_keyword,D_LOW_RISK_EVIDENCE_OK,低リスク。汎用キーワード/効果なし/既実装証跡として二次確認へ。
cost3_unit_random_pool,ファイアボール,3,2,4,戦士,なし,召喚時：GET(1)。BET：このターン中、味方リーダーが受けるダメージ-5。,https://gameconductor.com/dqrivals/c/d/1184,official_detail_url_present_in_cards_json,OK_TRACKED_IMPLEMENTED,yes,yes,summon|bet|get,C_COMPLEX_BUT_HAS_EVIDENCE,実装証跡あり。ただし複合効果なので実機/ソロテストで再確認。
cost3_unit_random_pool,フウラ,3,2,3,占い師,冒険者,召喚時：自分の手札を全てデッキのランダムな位置に戻す。戻した枚数に+1した数分カードを引く,https://gameconductor.com/dqrivals/c/d/1389,official_detail_url_present_in_cards_json,OK_TRACKED_IMPLEMENTED,yes,yes,summon|random|hand,D_LOW_RISK_EVIDENCE_OK,低リスク。汎用キーワード/効果なし/既実装証跡として二次確認へ。
cost3_unit_random_pool,フェアリードラゴン,3,2,3,共通,ドラゴン,死亡時：味方リーダーのテンション+1,https://gameconductor.com/dqrivals/c/d/74,official_detail_url_present_in_cards_json,OK_TRACKED_IMPLEMENTED,yes,yes,death,D_LOW_RISK_EVIDENCE_OK,低リスク。汎用キーワード/効果なし/既実装証跡として二次確認へ。
cost3_unit_random_pool,フォステイル,3,2,4,占い師,冒険者,おうえん、自分のターン開始時ランダムな占いを持つカード1枚を手札に加える。そのカードのコスト-1。スキルリンク：1ターン先の未来へ旅立つ,https://gameconductor.com/dqrivals/c/d/1535,official_detail_url_present_in_cards_json,REVIEW_NAME_MENTIONED_ONLY,yes,no,fortune|skill_link|turn_start|random|cost_change|hand|basic_keyword,A_COMPLEX_NAME_ONLY,通常/必中/超必中、占い(1)/(2)誘発リスナーを確認。
cost3_unit_random_pool,フォズ大神官,3,2,3,僧侶,冒険者,自分のターン終了時味方リーダーのテンションスキルを別の職業のものに変更しテンション+2,https://gameconductor.com/dqrivals/c/d/878,official_detail_url_present_in_cards_json,OK_TRACKED_IMPLEMENTED,yes,yes,turn_end,B_RECENTLY_FIXED_RECHECK,直近修正済み。公式文面との一致を再テスト対象にする。
cost3_unit_random_pool,フォレストマスター,3,2,3,共通,なし,召喚時：味方ヒーローがいない場合このターン中、次に使用する英雄カードのコスト-3。味方ヒーローがいる場合+1/+1,https://gameconductor.com/dqrivals/c/d/1238,official_detail_url_present_in_cards_json,OK_TRACKED_IMPLEMENTED,yes,yes,summon|cost_change,D_LOW_RISK_EVIDENCE_OK,低リスク。汎用キーワード/効果なし/既実装証跡として二次確認へ。
cost3_unit_random_pool,フロストギズモ,3,2,4,魔法使い,なし,召喚時：指定の敵マスに氷塊を1つ出す,https://gameconductor.com/dqrivals/c/d/209,official_detail_url_present_in_cards_json,OK_TRACKED_IMPLEMENTED,yes,yes,summon|put_into_play,D_LOW_RISK_EVIDENCE_OK,低リスク。汎用キーワード/効果なし/既実装証跡として二次確認へ。
cost3_unit_random_pool,ブラウニー,3,1,4,戦士,なし,味方リーダーの攻撃で敵ユニットを倒す度攻撃力+2,https://gameconductor.com/dqrivals/c/d/181,official_detail_url_present_in_cards_json,OK_TRACKED_IMPLEMENTED,yes,yes,leader_attack,B_RECENTLY_FIXED_RECHECK,直近修正済み。公式文面との一致を再テスト対象にする。
cost3_unit_random_pool,ブラッドレディ,3,3,3,共通,なし,召喚時：ユニット1体に2ダメージ,https://gameconductor.com/dqrivals/c/d/599,official_detail_url_present_in_cards_json,REVIEW_NAME_MENTIONED_ONLY,yes,no,summon|target_modal,B_NAME_ONLY_RECHECK,低リスク。汎用キーワード/効果なし/既実装証跡として二次確認へ。
cost3_unit_random_pool,ブルホーク,3,3,2,占い師,なし,占い:①自分のデッキから占いカードを1枚手札に加える ② 味方リーダーのテンション+2,https://gameconductor.com/dqrivals/c/d/807,official_detail_url_present_in_cards_json,OK_TRACKED_IMPLEMENTED,yes,yes,fortune|deck_search|hand,C_COMPLEX_BUT_HAS_EVIDENCE,実装証跡あり。ただし複合効果なので実機/ソロテストで再確認。
cost3_unit_random_pool,ヘルコンダクター,3,1,4,共通,なし,召喚時：全ての敵ユニットの位置を前後入れ替える。スキルブースト:攻撃力+1,https://gameconductor.com/dqrivals/c/d/1235,official_detail_url_present_in_cards_json,OK_TRACKED_IMPLEMENTED,yes,yes,summon|skill_boost,D_LOW_RISK_EVIDENCE_OK,低リスク。汎用キーワード/効果なし/既実装証跡として二次確認へ。
cost3_unit_random_pool,ベビーマジシャン,3,2,3,魔法使い,なし,死亡時:魔法陣にいる場合カードを2枚引く,https://gameconductor.com/dqrivals/c/d/516,official_detail_url_present_in_cards_json,OK_TRACKED_IMPLEMENTED,yes,yes,death|draw,D_LOW_RISK_EVIDENCE_OK,低リスク。汎用キーワード/効果なし/既実装証跡として二次確認へ。
cost3_unit_random_pool,ベンガルクーン,3,3,3,商人,なし,召喚時:宝箱に召喚された場合、宝箱から4/4のミミックがあらわれる。,https://gameconductor.com/dqrivals/c/d/525,official_detail_url_present_in_cards_json,OK_TRACKED_IMPLEMENTED,yes,yes,summon,D_LOW_RISK_EVIDENCE_OK,低リスク。汎用キーワード/効果なし/既実装証跡として二次確認へ。
cost3_unit_random_pool,ホークマン,3,4,2,共通,なし,ねらい撃ち,https://gameconductor.com/dqrivals/c/d/69,official_detail_url_present_in_cards_json,OK_GENERIC_BASIC_KEYWORD,no,no,basic_keyword,D_LOW_RISK_EVIDENCE_OK,低リスク。汎用キーワード/効果なし/既実装証跡として二次確認へ。
cost3_unit_random_pool,ボル&ブル,3,3,2,共通,なし,2回攻撃,https://gameconductor.com/dqrivals/c/d/401,official_detail_url_present_in_cards_json,OK_GENERIC_BASIC_KEYWORD,no,no,basic_keyword,D_LOW_RISK_EVIDENCE_OK,低リスク。汎用キーワード/効果なし/既実装証跡として二次確認へ。
cost3_unit_random_pool,ボーンナイト,3,3,3,共通,ゾンビ,貫通,https://gameconductor.com/dqrivals/c/d/72,official_detail_url_present_in_cards_json,OK_GENERIC_BASIC_KEYWORD,no,no,basic_keyword,D_LOW_RISK_EVIDENCE_OK,低リスク。汎用キーワード/効果なし/既実装証跡として二次確認へ。
cost3_unit_random_pool,ポムポムボム,3,2,4,占い師,なし,占いカードを使う度速攻1/1のバブリンを出す,https://gameconductor.com/dqrivals/c/d/759,official_detail_url_present_in_cards_json,OK_TRACKED_IMPLEMENTED,yes,yes,fortune|put_into_play|basic_keyword,C_COMPLEX_BUT_HAS_EVIDENCE,実装証跡あり。ただし複合効果なので実機/ソロテストで再確認。
cost3_unit_random_pool,マジカルハット,3,1,3,商人,なし,他の味方ユニットに自分が特技を使う度その特技と同じ効果がこのユニットに対しても発動する。,https://gameconductor.com/dqrivals/c/d/308,official_detail_url_present_in_cards_json,REVIEW_NAME_MENTIONED_ONLY,yes,no,spell_used,B_RECENTLY_FIXED_RECHECK,直近修正済み。公式文面との一致を再テスト対象にする。
cost3_unit_random_pool,マッドオックス,3,2,3,僧侶,なし,召喚時：正面にいるランダムな敵ユニット1体に１ダメージを与える。スキルブースト:+1ダメージ,https://gameconductor.com/dqrivals/c/d/845,official_detail_url_present_in_cards_json,OK_TRACKED_IMPLEMENTED,yes,yes,summon|skill_boost|target_modal|random,D_LOW_RISK_EVIDENCE_OK,低リスク。汎用キーワード/効果なし/既実装証跡として二次確認へ。
cost3_unit_random_pool,マドハンド,3,1,1,共通,ゾンビ,召喚時：このユニットの上下にマドハンドを出す,https://gameconductor.com/dqrivals/c/d/63,official_detail_url_present_in_cards_json,OK_TRACKED_IMPLEMENTED,yes,yes,summon|put_into_play,D_LOW_RISK_EVIDENCE_OK,低リスク。汎用キーワード/効果なし/既実装証跡として二次確認へ。
cost3_unit_random_pool,マペットマン,3,2,4,商人,なし,召喚時：味方ユニット1体にさくせんを出す,https://gameconductor.com/dqrivals/c/d/1381,official_detail_url_present_in_cards_json,OK_TRACKED_IMPLEMENTED,yes,yes,summon|target_modal|put_into_play,D_LOW_RISK_EVIDENCE_OK,低リスク。汎用キーワード/効果なし/既実装証跡として二次確認へ。
cost3_unit_random_pool,マポレーナ,3,2,3,共通,なし,召喚時： 味方ユニット1体を+1/+1,https://gameconductor.com/dqrivals/c/d/70,official_detail_url_present_in_cards_json,OK_TRACKED_IMPLEMENTED,yes,yes,summon|target_modal,D_LOW_RISK_EVIDENCE_OK,低リスク。汎用キーワード/効果なし/既実装証跡として二次確認へ。
cost3_unit_random_pool,マージスター,3,0,0,共通,なし,召喚時：全ての味方のHPを2回復,https://gameconductor.com/dqrivals/c/d/974,official_detail_url_present_in_cards_json,OK_TRACKED_IMPLEMENTED,yes,yes,summon,D_LOW_RISK_EVIDENCE_OK,低リスク。汎用キーワード/効果なし/既実装証跡として二次確認へ。
cost3_unit_random_pool,マージリンリン,3,2,4,僧侶,なし,れんけい：におうだち1/3のフーセンドラゴンを1体出す,https://gameconductor.com/dqrivals/c/d/1281,official_detail_url_present_in_cards_json,OK_TRACKED_IMPLEMENTED,yes,yes,renkei|put_into_play|basic_keyword,C_COMPLEX_BUT_HAS_EVIDENCE,実装証跡あり。ただし複合効果なので実機/ソロテストで再確認。
cost3_unit_random_pool,ミイラおとこ,3,3,3,魔剣士,ゾンビ,,https://gameconductor.com/dqrivals/c/d/725,official_detail_url_present_in_cards_json,OK_EFFECT_NONE,yes,yes,,D_LOW_RISK_EVIDENCE_OK,低リスク。汎用キーワード/効果なし/既実装証跡として二次確認へ。
cost3_unit_random_pool,ミケまどう,3,4,2,共通,なし,召喚時：後列にいるユニット1体に1ダメージ,https://gameconductor.com/dqrivals/c/d/71,official_detail_url_present_in_cards_json,OK_TRACKED_IMPLEMENTED,yes,yes,summon|position|target_modal,D_LOW_RISK_EVIDENCE_OK,低リスク。汎用キーワード/効果なし/既実装証跡として二次確認へ。
cost3_unit_random_pool,ミステリピラー,3,4,3,武闘家,なし,召喚時：自分のデッキからコスト1以下のカードを1枚引く,https://gameconductor.com/dqrivals/c/d/1506,official_detail_url_present_in_cards_json,OK_TRACKED_IMPLEMENTED,yes,yes,summon|deck_search|draw|cost_change,D_LOW_RISK_EVIDENCE_OK,低リスク。汎用キーワード/効果なし/既実装証跡として二次確認へ。
cost3_unit_random_pool,ミニデーモン,3,2,2,魔法使い,なし,召喚時：味方ヒーローがいる場合自分のデッキからコスト2の特技カードをランダムに1枚引く,https://gameconductor.com/dqrivals/c/d/871,official_detail_url_present_in_cards_json,OK_TRACKED_IMPLEMENTED,yes,yes,summon|random|deck_search|cost_change,D_LOW_RISK_EVIDENCE_OK,低リスク。汎用キーワード/効果なし/既実装証跡として二次確認へ。
cost3_unit_random_pool,ミミック,3,4,4,共通,なし,死亡時：相手はカードを引く,https://gameconductor.com/dqrivals/c/d/65,official_detail_url_present_in_cards_json,OK_TRACKED_IMPLEMENTED,yes,yes,death,D_LOW_RISK_EVIDENCE_OK,低リスク。汎用キーワード/効果なし/既実装証跡として二次確認へ。
cost3_unit_random_pool,メイデンドール,3,1,3,魔剣士,なし,召喚時：味方ヒーローがいる場合敵ユニット1体を-2/-2,https://gameconductor.com/dqrivals/c/d/851,official_detail_url_present_in_cards_json,OK_TRACKED_IMPLEMENTED,yes,yes,summon|target_modal,D_LOW_RISK_EVIDENCE_OK,低リスク。汎用キーワード/効果なし/既実装証跡として二次確認へ。
cost3_unit_random_pool,メガザルロック,3,1,4,共通,なし,死亡時：コスト2以下のランダムな味方ユニット1体を復活させる,https://gameconductor.com/dqrivals/c/d/103,official_detail_url_present_in_cards_json,OK_TRACKED_IMPLEMENTED,yes,yes,death|target_modal|random|cost_change,D_LOW_RISK_EVIDENCE_OK,低リスク。汎用キーワード/効果なし/既実装証跡として二次確認へ。
cost3_unit_random_pool,メタッツ,3,1,2,武闘家,スライム,メタルボディ、速攻、召喚時：味方建物があるならこのユニットにさくせんを出す,https://gameconductor.com/dqrivals/c/d/1363,official_detail_url_present_in_cards_json,OK_TRACKED_IMPLEMENTED,yes,yes,summon|put_into_play|building|basic_keyword,D_LOW_RISK_EVIDENCE_OK,低リスク。汎用キーワード/効果なし/既実装証跡として二次確認へ。
cost3_unit_random_pool,メタルハンター,3,3,3,共通,なし,召喚時：メタルボディを持つユニット1体を死亡させる,https://gameconductor.com/dqrivals/c/d/105,official_detail_url_present_in_cards_json,OK_TRACKED_IMPLEMENTED,yes,yes,summon|target_modal|basic_keyword,D_LOW_RISK_EVIDENCE_OK,低リスク。汎用キーワード/効果なし/既実装証跡として二次確認へ。
cost3_unit_random_pool,メルビン,3,3,4,戦士,冒険者,貫通、死亡時：ホットストーンに封じられ召喚者の山札の上から3番目にホットストーンが配置される,https://gameconductor.com/dqrivals/c/d/1343,official_detail_url_present_in_cards_json,OK_TRACKED_IMPLEMENTED,yes,yes,death|basic_keyword,D_LOW_RISK_EVIDENCE_OK,低リスク。汎用キーワード/効果なし/既実装証跡として二次確認へ。
cost3_unit_random_pool,メーダクイン,3,2,4,共通,なし,お互いの手札にある本来のコストが0の特技カードのコスト+1,https://gameconductor.com/dqrivals/c/d/1237,official_detail_url_present_in_cards_json,OK_TRACKED_IMPLEMENTED,yes,yes,cost_change|hand,B_RECENTLY_FIXED_RECHECK,直近修正済み。公式文面との一致を再テスト対象にする。
cost3_unit_random_pool,ヤンガス,3,3,4,僧侶,冒険者,自分のターン終了時残りMPを全て消費する。消費したMPが1以上の場合その数と同じコストのランダムユニットを1体出す。,https://gameconductor.com/dqrivals/c/d/1051,official_detail_url_present_in_cards_json,OK_TRACKED_IMPLEMENTED,yes,yes,turn_end|random|put_into_play|cost_change,D_LOW_RISK_EVIDENCE_OK,低リスク。汎用キーワード/効果なし/既実装証跡として二次確認へ。
cost3_unit_random_pool,ライノソルジャー,3,4,2,共通,なし,スキルブースト：HP+1,https://gameconductor.com/dqrivals/c/d/789,official_detail_url_present_in_cards_json,NEEDS_EFFECT_REVIEW,no,no,skill_boost,A_NEEDS_EFFECT_REVIEW,公式文面どおり個別実装の有無を確認。
cost3_unit_random_pool,ラプソーン,3,3,3,共通,魔王,死亡時：ランダムな敵ユニット1体に「死亡時：相手の場にラプソーン1体を出す」を付与する,https://gameconductor.com/dqrivals/c/d/937,official_detail_url_present_in_cards_json,REVIEW_NAME_MENTIONED_ONLY,yes,no,death|target_modal|random|put_into_play,B_NAME_ONLY_RECHECK,低リスク。汎用キーワード/効果なし/既実装証跡として二次確認へ。
cost3_unit_random_pool,リッカ,3,1,3,商人,冒険者,味方ユニットが場に出る度カードを1枚引く,https://gameconductor.com/dqrivals/c/d/313,official_detail_url_present_in_cards_json,OK_TRACKED_IMPLEMENTED,yes,yes,on_played_to_board|draw,C_COMPLEX_BUT_HAS_EVIDENCE,実装証跡あり。ただし複合効果なので実機/ソロテストで再確認。
cost3_unit_random_pool,ルドマン,3,3,3,商人,冒険者,召喚時：GET(1)。BET：道具カードを1枚手札に加える。味方のBETが4回発動する度に、手札/山札からコスト3以下のユニット1体を場に出す。,https://gameconductor.com/dqrivals/c/d/1137,official_detail_url_present_in_cards_json,REVIEW_NAME_MENTIONED_ONLY,yes,no,summon|bet|get|target_modal|put_into_play|cost_change|hand,A_COMPLEX_NAME_ONLY,GET/BET入口、1ターン1回制限、累積カウント、コイン消費時誘発を確認。
cost3_unit_random_pool,ロウ,3,3,3,占い師,冒険者,テンションリンク:味方リーダーのテンションの数と同じ効果が発動する。①カードを1枚引く②ランダムな敵1体に2ダメージ、3コストのユニット1体を出す,https://gameconductor.com/dqrivals/c/d/414,official_detail_url_present_in_cards_json,OK_TRACKED_IMPLEMENTED,yes,yes,tension_link|target_modal|random|put_into_play|draw|cost_change,B_RECENTLY_FIXED_RECHECK,直近修正済み。公式文面との一致を再テスト対象にする。
cost3_unit_random_pool,ロミア,3,2,3,占い師,冒険者,召喚時:自分のデッキの上から2枚を表、もう2枚を裏にしてどちらか一方を選ぶ。選んだカードを全て引き、残りを捨てる,https://gameconductor.com/dqrivals/c/d/1295,official_detail_url_present_in_cards_json,OK_TRACKED_IMPLEMENTED,yes,yes,summon|deck_top,B_RECENTLY_FIXED_RECHECK,直近修正済み。公式文面との一致を再テスト対象にする。
cost3_unit_random_pool,亡国の先王ロウ,3,2,2,商人,冒険者,れんけい：使用コスト1以上の特技カード2枚を手札に加える。自分がコスト1以上の特技を使用した後、同じコストのランダムなユニットを1体場に出す。,https://gameconductor.com/dqrivals/c/d/1285,official_detail_url_present_in_cards_json,OK_TRACKED_IMPLEMENTED,yes,yes,renkei|random|put_into_play|cost_change|hand,B_RECENTLY_FIXED_RECHECK,直近修正済み。公式文面との一致を再テスト対象にする。
cost3_unit_random_pool,女盗賊ゲルダ,3,4,3,盗賊,冒険者,ステルス、このユニットが攻撃した後カードを1枚引き手札を1枚選んで捨てる。レジェンドレアカードを捨てた場合 次の相手のターン中戦闘ダメージを受けない,https://gameconductor.com/dqrivals/c/d/1552,official_detail_url_present_in_cards_json,OK_TRACKED_IMPLEMENTED,yes,yes,hand|basic_keyword,D_LOW_RISK_EVIDENCE_OK,低リスク。汎用キーワード/効果なし/既実装証跡として二次確認へ。
cost3_unit_random_pool,妖魔軍王ブギー,3,3,2,共通,なし,召喚時：敵の冒険者1体をこのユニットが場にいる間+2/+2して味方にする,https://gameconductor.com/dqrivals/c/d/645,official_detail_url_present_in_cards_json,OK_TRACKED_IMPLEMENTED,yes,yes,summon,B_RECENTLY_FIXED_RECHECK,直近修正済み。公式文面との一致を再テスト対象にする。
cost3_unit_random_pool,強欲なミミック,3,2,4,盗賊,なし,召喚時：GET(1)、BET:攻撃力+1、死亡時:このユニットの攻撃力が4以上ならレジェンドレアカードを手札に1枚加える,https://gameconductor.com/dqrivals/c/d/1453,official_detail_url_present_in_cards_json,OK_TRACKED_IMPLEMENTED,yes,yes,summon|death|bet|get|hand,C_COMPLEX_BUT_HAS_EVIDENCE,実装証跡あり。ただし複合効果なので実機/ソロテストで再確認。
cost3_unit_random_pool,忠義の騎士アドン,3,2,3,魔剣士,なし,このカードはピサロナイトとしても扱う。召喚時:他の味方のピサロナイトの数分+1/+1を得る。,https://gameconductor.com/dqrivals/c/d/1168,official_detail_url_present_in_cards_json,OK_TRACKED_IMPLEMENTED,yes,yes,summon,D_LOW_RISK_EVIDENCE_OK,低リスク。汎用キーワード/効果なし/既実装証跡として二次確認へ。
cost3_unit_random_pool,怪獣プスゴン,3,3,4,商人,ドラゴン,召喚時：指定の敵の空きマスにイチゴ爆弾を1つ出す。死亡時：正面のランダムな敵の空きマスにイチゴ爆弾を1つ出す,https://gameconductor.com/dqrivals/c/d/1383,official_detail_url_present_in_cards_json,REVIEW_NAME_MENTIONED_ONLY,yes,no,summon|death|random|put_into_play,B_NAME_ONLY_RECHECK,低リスク。汎用キーワード/効果なし/既実装証跡として二次確認へ。
cost3_unit_random_pool,支援のかれくさネズミ,3,2,2,商人,なし,召喚時:味方リーダーが武器を装備していない場合+1/+1 味方リーダーにおどる宝石のそろばんを装備する 武器を装備している場合はぐれメタルを1体出す,https://gameconductor.com/dqrivals/c/d/1569,official_detail_url_present_in_cards_json,OK_TRACKED_IMPLEMENTED,yes,yes,summon|put_into_play,D_LOW_RISK_EVIDENCE_OK,低リスク。汎用キーワード/効果なし/既実装証跡として二次確認へ。
cost3_unit_random_pool,残響のようじゅつし,3,2,3,魔法使い,なし,召喚時：耐戦中に自分が使った特技カード1枚を手札に加える。自分の手札にある対戦中に自分が使用した特技カードと同じカードのコスト-1,https://gameconductor.com/dqrivals/c/d/1447,official_detail_url_present_in_cards_json,REVIEW_NAME_MENTIONED_ONLY,yes,no,summon|cost_change|hand,A_COMPLEX_NAME_ONLY,手札から召喚時のみ発動。ランダムで場に出た場合に発動しないことを確認。
cost3_unit_random_pool,畏怖すべき王,3,0,0,魔剣士,なし,おうえん、味方リーダーのHPを5回復、全ての敵ユニットを封印する,https://gameconductor.com/dqrivals/c/d/1059,official_detail_url_present_in_cards_json,OK_TRACKED_IMPLEMENTED,yes,yes,seal|basic_keyword,D_LOW_RISK_EVIDENCE_OK,低リスク。汎用キーワード/効果なし/既実装証跡として二次確認へ。
cost3_unit_random_pool,神官クリフト,3,2,4,武闘家,冒険者,召喚時：味方1体のHPを3回復した後「次の相手のターン終了時まで受けるダメージ-2」を付与する,https://gameconductor.com/dqrivals/c/d/1048,official_detail_url_present_in_cards_json,OK_TRACKED_IMPLEMENTED,yes,yes,summon|turn_end,D_LOW_RISK_EVIDENCE_OK,低リスク。汎用キーワード/効果なし/既実装証跡として二次確認へ。
cost3_unit_random_pool,群れなすよるのていおう,3,2,2,魔剣士,なし,召喚時:群れなるよるのていおうを1体出す,https://gameconductor.com/dqrivals/c/d/1543,official_detail_url_present_in_cards_json,OK_TRACKED_IMPLEMENTED,yes,yes,summon|put_into_play,D_LOW_RISK_EVIDENCE_OK,低リスク。汎用キーワード/効果なし/既実装証跡として二次確認へ。
cost3_unit_random_pool,豊作のじんめんじゅ,3,1,4,僧侶,なし,ステルス、自分のターン終了時1/1のガップリンを1体出す。このユニットは1ダメージを受ける,https://gameconductor.com/dqrivals/c/d/1273,official_detail_url_present_in_cards_json,OK_TRACKED_IMPLEMENTED,yes,yes,turn_end|put_into_play|basic_keyword,D_LOW_RISK_EVIDENCE_OK,低リスク。汎用キーワード/効果なし/既実装証跡として二次確認へ。
cost3_unit_random_pool,踊り子マーニャ,3,2,4,魔法使い,冒険者,テンションリンク：自分のデッキの一番上のカードがユニットカード以外ならそのカードを引きコスト-1、ユニットカードならデッキの下に戻す,https://gameconductor.com/dqrivals/c/d/1355,official_detail_url_present_in_cards_json,REVIEW_NAME_MENTIONED_ONLY,yes,no,tension_link|cost_change,A_COMPLEX_NAME_ONLY,公式文面どおり個別実装の有無を確認。
cost3_unit_random_pool,運命の天使ラヴィエル,3,2,3,僧侶,冒険者,前列召喚時：自分のデッキからコスト1以下のユニットを1体出す。後列召喚時：+2/+2相手の手札から相手の場にランダムなユニットを1体出す,https://gameconductor.com/dqrivals/c/d/1372,official_detail_url_present_in_cards_json,OK_TRACKED_IMPLEMENTED,yes,yes,summon|position|random|deck_search|put_into_play|cost_change|hand,D_LOW_RISK_EVIDENCE_OK,低リスク。汎用キーワード/効果なし/既実装証跡として二次確認へ。
cost3_unit_random_pool,鏡像のマネマネ,3,3,2,盗賊,なし,速攻、れんけい：次の1回のみ味方リーダーのテンションスキルは敵リーダーと同じテンションスキルになる,https://gameconductor.com/dqrivals/c/d/1315,official_detail_url_present_in_cards_json,OK_TRACKED_IMPLEMENTED,yes,yes,renkei|basic_keyword,C_COMPLEX_BUT_HAS_EVIDENCE,実装証跡あり。ただし複合効果なので実機/ソロテストで再確認。
cost3_unit_random_pool,魅惑のマルティナ,3,3,3,武闘家,冒険者,れんけい：後列にいる全ての敵ユニットを前列に移動させる。スキルリンク：合計7ダメージを敵前列のランダムなマスに振り分ける。,https://gameconductor.com/dqrivals/c/d/1270,official_detail_url_present_in_cards_json,OK_TRACKED_IMPLEMENTED,yes,yes,renkei|skill_link|position|random,B_RECENTLY_FIXED_RECHECK,直近修正済み。公式文面との一致を再テスト対象にする。
cost3_unit_random_pool,魔王の書,3,2,4,戦士,なし,におうだち、召喚時：このターン中次に召喚する本来のコストが5以上の魔王系カードのコスト-3,https://gameconductor.com/dqrivals/c/d/1485,official_detail_url_present_in_cards_json,REVIEW_NAME_MENTIONED_ONLY,yes,no,summon|cost_change|basic_keyword,B_NAME_ONLY_RECHECK,低リスク。汎用キーワード/効果なし/既実装証跡として二次確認へ。
cost3_unit_random_pool,黄金兵,3,2,3,共通,なし,におうだち、自分がコインを使う度このターン中手札にあるこのカードのコスト-2,https://gameconductor.com/dqrivals/c/d/1236,official_detail_url_present_in_cards_json,REVIEW_NAME_MENTIONED_ONLY,yes,no,cost_change|hand|basic_keyword,A_COMPLEX_NAME_ONLY,公式文面どおり個別実装の有無を確認。
dragon_unit_random_pool,いっかく竜,1,2,2,占い師,ドラゴン,召喚時：味方リーダーのテンションスキルを竜の導きに変える,https://gameconductor.com/dqrivals/c/d/669,official_detail_url_present_in_cards_json,REVIEW_NAME_MENTIONED_ONLY,yes,no,summon,B_RECENTLY_FIXED_RECHECK,直近修正済み。公式文面との一致を再テスト対象にする。
dragon_unit_random_pool,パピラス,1,2,1,共通,ドラゴン,れんけい：ランダムなコスト1〜3の自分の職業の特技カードを1枚手札に加える。,https://gameconductor.com/dqrivals/c/d/1455,official_detail_url_present_in_cards_json,REVIEW_NAME_MENTIONED_ONLY,yes,no,renkei|random|cost_change|hand,A_COMPLEX_NAME_ONLY,テンション3条件のみ・テンション非消費・対象/場に出す/召喚時不発を確認。
dragon_unit_random_pool,メラリザード,1,1,2,共通,ドラゴン,貫通,https://gameconductor.com/dqrivals/c/d/40,official_detail_url_present_in_cards_json,REVIEW_NAME_MENTIONED_ONLY,yes,no,basic_keyword,B_NAME_ONLY_RECHECK,低リスク。汎用キーワード/効果なし/既実装証跡として二次確認へ。
dragon_unit_random_pool,とさかヘビ,2,2,2,共通,ドラゴン,召喚時：自分のデッキの上からカード4枚を見る。ドラゴン系のカードを1枚選びそれを引く。残りをデッキの下に戻す。,,official_detail_url_missing,REVIEW_NAME_MENTIONED_ONLY,yes,no,summon|deck_top,A_OFFICIAL_URL_MISSING,公式DB詳細URLの再取得が先。名前検索で公式IDを確認してから実装照合。
dragon_unit_random_pool,アルゴリザード,2,1,2,戦士,ドラゴン,速攻、れんけい：敵ユニット1体に2ダメージ,https://gameconductor.com/dqrivals/c/d/1246,official_detail_url_present_in_cards_json,REVIEW_NAME_MENTIONED_ONLY,yes,no,renkei|target_modal|basic_keyword,A_COMPLEX_NAME_ONLY,テンション3条件のみ・テンション非消費・対象/場に出す/召喚時不発を確認。
dragon_unit_random_pool,フーセンドラゴン,2,1,3,僧侶,ドラゴン,におうだち,https://gameconductor.com/dqrivals/c/d/1424,official_detail_url_present_in_cards_json,REVIEW_NAME_MENTIONED_ONLY,yes,no,basic_keyword,B_NAME_ONLY_RECHECK,低リスク。汎用キーワード/効果なし/既実装証跡として二次確認へ。
dragon_unit_random_pool,メイジバピラス,2,2,2,占い師,ドラゴン,絶好調、絶好調状態の味方ユニットが攻撃する度自分のデッキから占いカードを1枚引く,https://gameconductor.com/dqrivals/c/d/966,official_detail_url_present_in_cards_json,REVIEW_NAME_MENTIONED_ONLY,yes,no,fortune|zekkocho|deck_search|draw,A_COMPLEX_NAME_ONLY,通常/必中/超必中、占い(1)/(2)誘発リスナーを確認。
dragon_unit_random_pool,リザードキッズ,2,5,3,共通,ドラゴン,攻撃時：このターン中攻撃力-3。,,official_detail_url_missing,REVIEW_NAME_MENTIONED_ONLY,yes,no,attack,A_OFFICIAL_URL_MISSING,公式DB詳細URLの再取得が先。名前検索で公式IDを確認してから実装照合。
dragon_unit_random_pool,リザードフライ,2,2,3,共通,ドラゴン,召喚時:味方ユニット1体を1マス下に移動させる。,https://gameconductor.com/dqrivals/c/d/535,official_detail_url_present_in_cards_json,REVIEW_NAME_MENTIONED_ONLY,yes,no,summon|target_modal,B_NAME_ONLY_RECHECK,低リスク。汎用キーワード/効果なし/既実装証跡として二次確認へ。
dragon_unit_random_pool,リザードマン,2,3,2,共通,ドラゴン,効果なし,https://gameconductor.com/dqrivals/c/d/8,official_detail_url_present_in_cards_json,OK_EFFECT_NONE,yes,no,,D_LOW_RISK_EVIDENCE_OK,低リスク。汎用キーワード/効果なし/既実装証跡として二次確認へ。
dragon_unit_random_pool,いばらドラゴン,3,3,3,占い師,ドラゴン,効果なし,https://gameconductor.com/dqrivals/c/d/853,official_detail_url_present_in_cards_json,OK_EFFECT_NONE,yes,yes,,D_LOW_RISK_EVIDENCE_OK,低リスク。汎用キーワード/効果なし/既実装証跡として二次確認へ。
dragon_unit_random_pool,はしりとかげ,3,2,4,共通,ドラゴン,いずれかのプレイヤーのヒーロースキルが発動した後味方リーダーを3回復,https://gameconductor.com/dqrivals/c/d/861,official_detail_url_present_in_cards_json,OK_TRACKED_IMPLEMENTED,yes,yes,,D_LOW_RISK_EVIDENCE_OK,低リスク。汎用キーワード/効果なし/既実装証跡として二次確認へ。
dragon_unit_random_pool,アルゴングレート,3,4,4,共通,ドラゴン,正面に敵ユニットがいる場合攻撃できない,https://gameconductor.com/dqrivals/c/d/1461,official_detail_url_present_in_cards_json,OK_TRACKED_IMPLEMENTED,yes,yes,,D_LOW_RISK_EVIDENCE_OK,低リスク。汎用キーワード/効果なし/既実装証跡として二次確認へ。
dragon_unit_random_pool,サウルスロード,3,4,3,共通,ドラゴン,選択：・特技ダメージ+1を得る ・武器ダメージ+1を得る,,official_detail_url_missing,REVIEW_NAME_MENTIONED_ONLY,yes,no,choose,A_OFFICIAL_URL_MISSING,公式DB詳細URLの再取得が先。名前検索で公式IDを確認してから実装照合。
dragon_unit_random_pool,ダッシュラン,3,3,3,共通,ドラゴン,召喚時：前列にいるユニット1体を後列に移動させる,https://gameconductor.com/dqrivals/c/d/67,official_detail_url_present_in_cards_json,REVIEW_NAME_MENTIONED_ONLY,yes,no,summon|position|target_modal,B_NAME_ONLY_RECHECK,低リスク。汎用キーワード/効果なし/既実装証跡として二次確認へ。
dragon_unit_random_pool,テラノザース,3,4,3,戦士,ドラゴン,召喚時:自分のデッキに特技カードがないならカードを1枚引く,https://gameconductor.com/dqrivals/c/d/1484,official_detail_url_present_in_cards_json,REVIEW_NAME_MENTIONED_ONLY,yes,no,summon|draw,A_COMPLEX_NAME_ONLY,手札から召喚時のみ発動。ランダムで場に出た場合に発動しないことを確認。
dragon_unit_random_pool,デンタザウルス,3,2,4,魔法使い,ドラゴン,におうだち、召喚時：手札にコスト3以上の特技カードがあるならHP+2,https://gameconductor.com/dqrivals/c/d/1495,official_detail_url_present_in_cards_json,REVIEW_NAME_MENTIONED_ONLY,yes,no,summon|cost_change|hand|basic_keyword,A_COMPLEX_NAME_ONLY,手札から召喚時のみ発動。ランダムで場に出た場合に発動しないことを確認。
dragon_unit_random_pool,ドラゴン,3,5,4,共通,ドラゴン,死亡時：相手の手札に王女の愛を加える,https://gameconductor.com/dqrivals/c/d/146,official_detail_url_present_in_cards_json,OK_TRACKED_IMPLEMENTED,yes,yes,death|hand,D_LOW_RISK_EVIDENCE_OK,低リスク。汎用キーワード/効果なし/既実装証跡として二次確認へ。
dragon_unit_random_pool,ドラゴンキッズ,3,3,2,共通,ドラゴン,召喚時：正面にいる全ての敵ユニットに1ダメージ,https://gameconductor.com/dqrivals/c/d/101,official_detail_url_present_in_cards_json,OK_TRACKED_IMPLEMENTED,yes,yes,summon,D_LOW_RISK_EVIDENCE_OK,低リスク。汎用キーワード/効果なし/既実装証跡として二次確認へ。
dragon_unit_random_pool,バルンバ,3,2,4,占い師,ドラゴン,パワフルバッジ：ドラゴン系の味方ユニットはにおうだちを得る,https://gameconductor.com/dqrivals/c/d/589,official_detail_url_present_in_cards_json,REVIEW_NAME_MENTIONED_ONLY,yes,no,powerful_badge|basic_keyword,A_COMPLEX_NAME_ONLY,常在/バッジ再計算、後出し反映、場を離れた時の解除を確認。
dragon_unit_random_pool,フェアリードラゴン,3,2,3,共通,ドラゴン,死亡時：味方リーダーのテンション+1,https://gameconductor.com/dqrivals/c/d/74,official_detail_url_present_in_cards_json,OK_TRACKED_IMPLEMENTED,yes,yes,death,D_LOW_RISK_EVIDENCE_OK,低リスク。汎用キーワード/効果なし/既実装証跡として二次確認へ。
dragon_unit_random_pool,怪獣プスゴン,3,3,4,商人,ドラゴン,召喚時：指定の敵の空きマスにイチゴ爆弾を1つ出す。死亡時：正面のランダムな敵の空きマスにイチゴ爆弾を1つ出す,https://gameconductor.com/dqrivals/c/d/1383,official_detail_url_present_in_cards_json,REVIEW_NAME_MENTIONED_ONLY,yes,no,summon|death|random|put_into_play,B_NAME_ONLY_RECHECK,低リスク。汎用キーワード/効果なし/既実装証跡として二次確認へ。
dragon_unit_random_pool,りゅうき兵,4,4,5,共通,ドラゴン,効果なし,https://gameconductor.com/dqrivals/c/d/12,official_detail_url_present_in_cards_json,OK_EFFECT_NONE,yes,no,,D_LOW_RISK_EVIDENCE_OK,低リスク。汎用キーワード/効果なし/既実装証跡として二次確認へ。
dragon_unit_random_pool,りゅうせんし,4,3,5,戦士,ドラゴン,召喚時：速攻と「このターン中敵リーダーを攻撃できない」を得る。このユニットの攻撃は味方リーダーの攻撃としても扱う,https://gameconductor.com/dqrivals/c/d/1486,official_detail_url_present_in_cards_json,REVIEW_NAME_MENTIONED_ONLY,yes,no,summon|leader_attack|basic_keyword,B_NAME_ONLY_RECHECK,低リスク。汎用キーワード/効果なし/既実装証跡として二次確認へ。
dragon_unit_random_pool,りゅうはかせ,4,3,2,共通,ドラゴン,自分が使用するコスト3以上の特技のダメージを+2する,https://gameconductor.com/dqrivals/c/d/1463,official_detail_url_present_in_cards_json,REVIEW_NAME_MENTIONED_ONLY,yes,no,cost_change,B_NAME_ONLY_RECHECK,低リスク。汎用キーワード/効果なし/既実装証跡として二次確認へ。
dragon_unit_random_pool,ギガントドラゴン,4,4,4,共通,ドラゴン,召喚時：敵の前列か後列を選び、縦一列の全ての敵ユニットに1ダメージ。味方の場か手札に攻撃力4以上の自身を除いたドラゴン系ユニットがいるなら、代わりに2ダメージ。,,official_detail_url_missing,REVIEW_NAME_MENTIONED_ONLY,yes,no,summon|position|hand,A_OFFICIAL_URL_MISSING,公式DB詳細URLの再取得が先。名前検索で公式IDを確認してから実装照合。
dragon_unit_random_pool,コドラ,4,4,4,共通,ドラゴン,召喚時：このターン中次に使うドラゴン系のユニットカードのコスト-2,https://gameconductor.com/dqrivals/c/d/604,official_detail_url_present_in_cards_json,REVIEW_NAME_MENTIONED_ONLY,yes,no,summon|cost_change,B_NAME_ONLY_RECHECK,低リスク。汎用キーワード/効果なし/既実装証跡として二次確認へ。
dragon_unit_random_pool,フォレストドラゴ,4,3,6,僧侶,ドラゴン,自分のターン終了時味方リーダーのHPを2回復,https://gameconductor.com/dqrivals/c/d/562,official_detail_url_present_in_cards_json,REVIEW_NAME_MENTIONED_ONLY,yes,no,turn_end,B_NAME_ONLY_RECHECK,低リスク。汎用キーワード/効果なし/既実装証跡として二次確認へ。
dragon_unit_random_pool,ヘルジュラシック,4,4,5,魔法使い,ドラゴン,敵ユニットが2体以上いるなら手札にあるこのカードのコスト-1,https://gameconductor.com/dqrivals/c/d/1497,official_detail_url_present_in_cards_json,REVIEW_NAME_MENTIONED_ONLY,yes,no,cost_change|hand,A_COMPLEX_NAME_ONLY,公式文面どおり個別実装の有無を確認。
dragon_unit_random_pool,ベビーサラマンダ,4,2,6,僧侶,ドラゴン,攻撃時：GET(1)、BET:攻撃力+1、このBETが4回発動した後超貫通8/8のサラマンダーに変身する,https://gameconductor.com/dqrivals/c/d/1138,official_detail_url_present_in_cards_json,REVIEW_NAME_MENTIONED_ONLY,yes,no,attack|bet|get|transform|basic_keyword,A_COMPLEX_NAME_ONLY,GET/BET入口、1ターン1回制限、累積カウント、コイン消費時誘発を確認。
dragon_unit_random_pool,リトルライバーン,4,3,5,僧侶,ドラゴン,味方が回復する度ランダムな敵1体に2ダメージ,https://gameconductor.com/dqrivals/c/d/274,official_detail_url_present_in_cards_json,REVIEW_NAME_MENTIONED_ONLY,yes,no,heal_trigger|random,A_COMPLEX_NAME_ONLY,公式文面どおり個別実装の有無を確認。
dragon_unit_random_pool,樹氷の竜,4,3,4,魔法使い,ドラゴン,自分のターン終了時、敵の場に氷塊があるなら敵リーダーに3ダメージ。,https://gameconductor.com/dqrivals/c/d/517,official_detail_url_present_in_cards_json,REVIEW_NAME_MENTIONED_ONLY,yes,no,turn_end,B_NAME_ONLY_RECHECK,低リスク。汎用キーワード/効果なし/既実装証跡として二次確認へ。
dragon_unit_random_pool,たつのこナイト,5,6,5,僧侶,ドラゴン,パワフルバッジ：自分の手札にあるドラゴン系のユニットカードのコスト-1。,https://gameconductor.com/dqrivals/c/d/630,official_detail_url_present_in_cards_json,REVIEW_NAME_MENTIONED_ONLY,yes,no,powerful_badge|cost_change|hand,A_COMPLEX_NAME_ONLY,常在/バッジ再計算、後出し反映、場を離れた時の解除を確認。
dragon_unit_random_pool,アックスドラゴン,5,5,3,共通,ドラゴン,召喚時：ユニット1体に1ダメージを与えた後「受けるダメージ2倍」を付与する。,https://gameconductor.com/dqrivals/c/d/29,official_detail_url_present_in_cards_json,REVIEW_NAME_MENTIONED_ONLY,yes,no,summon|target_modal,B_NAME_ONLY_RECHECK,低リスク。汎用キーワード/効果なし/既実装証跡として二次確認へ。
dragon_unit_random_pool,イエローファット,5,5,6,武闘家,ドラゴン,召喚時：味方リーダーのテンションを全て消費する。消費した数と同じだけ速攻1/1のファーラットを出す,https://gameconductor.com/dqrivals/c/d/1509,official_detail_url_present_in_cards_json,REVIEW_NAME_MENTIONED_ONLY,yes,no,summon|put_into_play|basic_keyword,B_NAME_ONLY_RECHECK,低リスク。汎用キーワード/効果なし/既実装証跡として二次確認へ。
dragon_unit_random_pool,イブール,5,5,5,占い師,ドラゴン,相手プレイヤーの手札の特技カードのコスト+1、召喚時&攻撃時:相手のデッキの一番上にイブールの本が一枚置かれる,https://gameconductor.com/dqrivals/c/d/1392,official_detail_url_present_in_cards_json,REVIEW_NAME_MENTIONED_ONLY,yes,no,summon|attack|cost_change|hand,A_COMPLEX_NAME_ONLY,手札から召喚時のみ発動。ランダムで場に出た場合に発動しないことを確認。
dragon_unit_random_pool,ガメゴンロード,5,4,6,共通,ドラゴン,におうだち。召喚時：自分の場か手札に攻撃力4以上の他のドラゴン系がいるなら特技：メラミを1枚手札に加える。,,official_detail_url_missing,REVIEW_NAME_MENTIONED_ONLY,yes,no,summon|hand|basic_keyword,A_OFFICIAL_URL_MISSING,公式DB詳細URLの再取得が先。名前検索で公式IDを確認してから実装照合。
dragon_unit_random_pool,キースドラゴン,5,4,5,占い師,ドラゴン,占い：①味方リーダーのHPを5回復、②正面にいる全ての敵ユニットに2ダメージ,https://gameconductor.com/dqrivals/c/d/670,official_detail_url_present_in_cards_json,REVIEW_NAME_MENTIONED_ONLY,yes,no,fortune,A_COMPLEX_NAME_ONLY,通常/必中/超必中、占い(1)/(2)誘発リスナーを確認。
dragon_unit_random_pool,グリーンドラゴン,5,5,5,僧侶,ドラゴン,効果なし,https://gameconductor.com/dqrivals/c/d/770,official_detail_url_present_in_cards_json,OK_EFFECT_NONE,yes,no,,D_LOW_RISK_EVIDENCE_OK,低リスク。汎用キーワード/効果なし/既実装証跡として二次確認へ。
dragon_unit_random_pool,ゴールデンドラゴン,5,5,3,戦士,ドラゴン,この対戦中に味方リーダーが攻撃した回数分HP+1,https://gameconductor.com/dqrivals/c/d/1488,official_detail_url_present_in_cards_json,REVIEW_NAME_MENTIONED_ONLY,yes,no,,B_NAME_ONLY_RECHECK,低リスク。汎用キーワード/効果なし/既実装証跡として二次確認へ。
dragon_unit_random_pool,シュプリンガー,5,5,4,共通,ドラゴン,れんけい：このユニットに2回さくせんを出す。,https://gameconductor.com/dqrivals/c/d/1337,official_detail_url_present_in_cards_json,REVIEW_NAME_MENTIONED_ONLY,yes,no,renkei|put_into_play,A_COMPLEX_NAME_ONLY,テンション3条件のみ・テンション非消費・対象/場に出す/召喚時不発を確認。
dragon_unit_random_pool,スカイドラゴン,5,4,6,共通,ドラゴン,絶好調、絶好調状態な味方ユニットが攻撃する度味方リーダーのテンション+1,https://gameconductor.com/dqrivals/c/d/946,official_detail_url_present_in_cards_json,REVIEW_NAME_MENTIONED_ONLY,yes,no,zekkocho,A_COMPLEX_NAME_ONLY,公式文面どおり個別実装の有無を確認。
dragon_unit_random_pool,スノードラゴン,5,4,3,魔法使い,ドラゴン,召喚時：コスト4・5・6の特技カードをそれぞれランダムに1枚ずつ選出し、その中から1枚を選んで手札に加える。自分のデッキのメラ系の特技カードが無いなら手札にあるこのカードのコスト-2。,https://gameconductor.com/dqrivals/c/d/1498,official_detail_url_present_in_cards_json,OK_TRACKED_IMPLEMENTED,yes,yes,summon|random|cost_change|hand,B_RECENTLY_FIXED_RECHECK,直近修正済み。公式文面との一致を再テスト対象にする。
dragon_unit_random_pool,ドラゴビショップ,5,3,4,占い師,ドラゴン,召喚時:カードを2枚引く、このターン中に使った占いカードの枚数分デッキと手札にあるこのカードのコスト-1,https://gameconductor.com/dqrivals/c/d/1537,official_detail_url_present_in_cards_json,REVIEW_NAME_MENTIONED_ONLY,yes,no,summon|fortune|draw|cost_change|hand,A_COMPLEX_NAME_ONLY,通常/必中/超必中、占い(1)/(2)誘発リスナーを確認。
dragon_unit_random_pool,ドラゴンソルジャー,5,3,5,戦士,ドラゴン,対戦中に味方リーダーが攻撃した回数分攻撃力+1,https://gameconductor.com/dqrivals/c/d/187,official_detail_url_present_in_cards_json,REVIEW_NAME_MENTIONED_ONLY,yes,no,,B_NAME_ONLY_RECHECK,低リスク。汎用キーワード/効果なし/既実装証跡として二次確認へ。
dragon_unit_random_pool,ドラゴンヘビー,5,4,6,共通,ドラゴン,におうだち、このユニットは移動せず手札に戻らない,https://gameconductor.com/dqrivals/c/d/893,official_detail_url_present_in_cards_json,REVIEW_NAME_MENTIONED_ONLY,yes,no,hand|basic_keyword,A_COMPLEX_NAME_ONLY,公式文面どおり個別実装の有無を確認。
dragon_unit_random_pool,ドランゴ,5,5,5,戦士,ドラゴン,味方リーダーが攻撃した後ランダムな横一列にいる全ての敵ユニットと敵リーダーに2ダメージ。このユニットは冒険者としても扱う,https://gameconductor.com/dqrivals/c/d/1349,official_detail_url_present_in_cards_json,REVIEW_NAME_MENTIONED_ONLY,yes,no,random,B_NAME_ONLY_RECHECK,低リスク。汎用キーワード/効果なし/既実装証跡として二次確認へ。
dragon_unit_random_pool,バトルレックス,5,4,6,共通,ドラゴン,攻撃時：このターン中味方リーダーの武器の攻撃力+2,https://gameconductor.com/dqrivals/c/d/124,official_detail_url_present_in_cards_json,REVIEW_NAME_MENTIONED_ONLY,yes,no,attack,B_NAME_ONLY_RECHECK,低リスク。汎用キーワード/効果なし/既実装証跡として二次確認へ。
dragon_unit_random_pool,ベビーニュート,5,3,6,僧侶,ドラゴン,味方ユニットのHPが回復する度ランダムな敵1体に1ダメージを与えた後カードを1枚引く,https://gameconductor.com/dqrivals/c/d/997,official_detail_url_present_in_cards_json,REVIEW_NAME_MENTIONED_ONLY,yes,no,heal_trigger|random|draw,A_COMPLEX_NAME_ONLY,公式文面どおり個別実装の有無を確認。
dragon_unit_random_pool,怪竜やまたのおろち,5,3,6,魔剣士,ドラゴン,召喚時:残りMPを全て消費する。消費したMPの数分攻撃力+1、その後 このユニットの攻撃力と同じ数分のダメージをランダムな敵ユニットに割り振る,https://gameconductor.com/dqrivals/c/d/1548,official_detail_url_present_in_cards_json,REVIEW_NAME_MENTIONED_ONLY,yes,no,summon|random,B_NAME_ONLY_RECHECK,低リスク。汎用キーワード/効果なし/既実装証跡として二次確認へ。
dragon_unit_random_pool,立ち塞がるドラゴン,5,4,7,盗賊,ドラゴン,におうだち、超貫通、召喚時：カードを2枚引いた後自分の手札から2枚選んで捨てる。死亡時：相手の手札にコスト2の王女の愛を1枚加える,https://gameconductor.com/dqrivals/c/d/1438,official_detail_url_present_in_cards_json,OK_TRACKED_IMPLEMENTED,yes,yes,summon|death|cost_change|hand|basic_keyword,B_RECENTLY_FIXED_RECHECK,直近修正済み。公式文面との一致を再テスト対象にする。
dragon_unit_random_pool,まかいファイター,6,4,5,戦士,ドラゴン,召喚時：GET(1)、BET：このターン中味方リーダーの攻撃力+1、このBETが4回発動する度まかいファイターを1体だす,https://gameconductor.com/dqrivals/c/d/1143,official_detail_url_present_in_cards_json,REVIEW_NAME_MENTIONED_ONLY,yes,no,summon|bet|get|leader_attack,A_COMPLEX_NAME_ONLY,GET/BET入口、1ターン1回制限、累積カウント、コイン消費時誘発を確認。
dragon_unit_random_pool,やまたのおろち,6,4,4,共通,ドラゴン,召喚時：味方ユニット1体を死亡させる そのユニットのコスト分攻撃力とHPが上がる,https://gameconductor.com/dqrivals/c/d/155,official_detail_url_present_in_cards_json,REVIEW_NAME_MENTIONED_ONLY,yes,no,summon|target_modal|cost_change,B_NAME_ONLY_RECHECK,低リスク。汎用キーワード/効果なし/既実装証跡として二次確認へ。
dragon_unit_random_pool,ガメゴン,6,3,7,共通,ドラゴン,におうだち,https://gameconductor.com/dqrivals/c/d/86,official_detail_url_present_in_cards_json,REVIEW_NAME_MENTIONED_ONLY,yes,no,basic_keyword,B_NAME_ONLY_RECHECK,低リスク。汎用キーワード/効果なし/既実装証跡として二次確認へ。
dragon_unit_random_pool,デンデン竜,6,4,6,共通,ドラゴン,におうだち、おうえん,https://gameconductor.com/dqrivals/c/d/429,official_detail_url_present_in_cards_json,REVIEW_NAME_MENTIONED_ONLY,yes,no,basic_keyword,B_NAME_ONLY_RECHECK,低リスク。汎用キーワード/効果なし/既実装証跡として二次確認へ。
dragon_unit_random_pool,ドラゴンガイア,6,6,6,共通,ドラゴン,召喚時：次の相手のターン終了時まで全ての味方は相手の特技ダメージを受けない,https://gameconductor.com/dqrivals/c/d/153,official_detail_url_present_in_cards_json,OK_TRACKED_IMPLEMENTED,yes,yes,summon|turn_end,B_RECENTLY_FIXED_RECHECK,直近修正済み。公式文面との一致を再テスト対象にする。
dragon_unit_random_pool,ドラゴンブッシュ,6,6,7,共通,ドラゴン,特技ダメージ+1。召喚時：自分の場か手札に攻撃力4以上の他のドラゴン系がいるなら特技ダメージ+1を得る。,,official_detail_url_missing,REVIEW_NAME_MENTIONED_ONLY,yes,no,summon|hand,A_OFFICIAL_URL_MISSING,公式DB詳細URLの再取得が先。名前検索で公式IDを確認してから実装照合。
dragon_unit_random_pool,ドラゴンロード,6,6,6,共通,ドラゴン,場に出ている間、このユニットを除くドラゴン系の味方ユニット全てを+1/+1。場に出ている間、自分の手札にあるドラゴン系ユニットカードの使用コスト-1。,https://gameconductor.com/dqrivals/c/d/753,official_detail_url_present_in_cards_json,OK_TRACKED_IMPLEMENTED,yes,yes,aura|cost_change|hand,B_RECENTLY_FIXED_RECHECK,直近修正済み。公式文面との一致を再テスト対象にする。
dragon_unit_random_pool,竜将ドラゴンガイア,6,6,6,魔法使い,ドラゴン,召喚時：手札にコスト3以上の特技カードがあるなら縦一列にいる全ての敵ユニットに2ダメージ、それらのユニットを次のターン終了時まで攻撃不能にする,https://gameconductor.com/dqrivals/c/d/1499,official_detail_url_present_in_cards_json,REVIEW_NAME_MENTIONED_ONLY,yes,no,summon|turn_end|cost_change|hand,A_COMPLEX_NAME_ONLY,手札から召喚時のみ発動。ランダムで場に出た場合に発動しないことを確認。
dragon_unit_random_pool,おにこんぼう,7,7,7,共通,ドラゴン,効果なし,https://gameconductor.com/dqrivals/c/d/18,official_detail_url_present_in_cards_json,OK_EFFECT_NONE,yes,no,,D_LOW_RISK_EVIDENCE_OK,低リスク。汎用キーワード/効果なし/既実装証跡として二次確認へ。
dragon_unit_random_pool,オリハルゴン,7,6,7,戦士,ドラゴン,自分のターン中味方リーダーは攻撃力+3を得る。前列にいる場合味方リーダーが受けるダメージ-2,https://gameconductor.com/dqrivals/c/d/1489,official_detail_url_present_in_cards_json,OK_TRACKED_IMPLEMENTED,yes,yes,position,B_RECENTLY_FIXED_RECHECK,直近修正済み。公式文面との一致を再テスト対象にする。
dragon_unit_random_pool,ガメゴンレジェンド,7,5,7,僧侶,ドラゴン,におうだち、召喚時：ランダムな敵1体に1ダメージ。これを3回繰り返す。スキルブースト：繰り返す回数+1,https://gameconductor.com/dqrivals/c/d/1518,official_detail_url_present_in_cards_json,REVIEW_NAME_MENTIONED_ONLY,yes,no,summon|skill_boost|random|basic_keyword,A_COMPLEX_NAME_ONLY,手札から召喚時のみ発動。ランダムで場に出た場合に発動しないことを確認。
dragon_unit_random_pool,グレイナル,7,6,6,僧侶,ドラゴン,召喚時：竜戦士の装具を手札に加える。ドラゴン系の味方ユニットが攻撃して敵ユニットを倒す度味方リーダーのテンション+1,https://gameconductor.com/dqrivals/c/d/634,official_detail_url_present_in_cards_json,REVIEW_NAME_MENTIONED_ONLY,yes,no,summon|hand,A_COMPLEX_NAME_ONLY,手札から召喚時のみ発動。ランダムで場に出た場合に発動しないことを確認。
dragon_unit_random_pool,ダースドラゴン,7,7,7,占い師,ドラゴン,効果なし,https://gameconductor.com/dqrivals/c/d/772,official_detail_url_present_in_cards_json,OK_EFFECT_NONE,yes,no,,D_LOW_RISK_EVIDENCE_OK,低リスク。汎用キーワード/効果なし/既実装証跡として二次確認へ。
dragon_unit_random_pool,テラノライナー,7,5,2,共通,ドラゴン,速攻,https://gameconductor.com/dqrivals/c/d/17,official_detail_url_present_in_cards_json,REVIEW_NAME_MENTIONED_ONLY,yes,no,basic_keyword,B_NAME_ONLY_RECHECK,低リスク。汎用キーワード/効果なし/既実装証跡として二次確認へ。
dragon_unit_random_pool,ドラゴンゾンビ,7,6,6,共通,ドラゴン,死亡時：正面にいる全ての敵ユニットに3ダメージ,https://gameconductor.com/dqrivals/c/d/140,official_detail_url_present_in_cards_json,REVIEW_NAME_MENTIONED_ONLY,yes,no,death,B_NAME_ONLY_RECHECK,低リスク。汎用キーワード/効果なし/既実装証跡として二次確認へ。
dragon_unit_random_pool,ドラゴンバゲージ,7,5,7,僧侶,ドラゴン,におうだち、自分のターン終了時味方リーダーのテンション+1,https://gameconductor.com/dqrivals/c/d/620,official_detail_url_present_in_cards_json,REVIEW_NAME_MENTIONED_ONLY,yes,no,turn_end|basic_keyword,B_NAME_ONLY_RECHECK,低リスク。汎用キーワード/効果なし/既実装証跡として二次確認へ。
dragon_unit_random_pool,ブラックドラゴン,7,6,6,共通,ドラゴン,召喚時:ランダムな敵ユニット1体に1ダメージ。このカードを除く自分の場と手札にいるドラゴン系の数の3倍分与えるダメージが増える。,https://gameconductor.com/dqrivals/c/d/580,official_detail_url_present_in_cards_json,REVIEW_NAME_MENTIONED_ONLY,yes,no,summon|target_modal|random|hand,A_COMPLEX_NAME_ONLY,手札から召喚時のみ発動。ランダムで場に出た場合に発動しないことを確認。
dragon_unit_random_pool,ワイバーンドッグ,7,7,7,盗賊,ドラゴン,召喚時：ダメージを受けている全ての敵ユニットに3ダメージ、れんけい：さらにダメージを受けていない全てのユニットに1ダメージ,https://gameconductor.com/dqrivals/c/d/1324,official_detail_url_present_in_cards_json,OK_TRACKED_IMPLEMENTED,yes,yes,summon|renkei,B_RECENTLY_FIXED_RECHECK,直近修正済み。公式文面との一致を再テスト対象にする。
dragon_unit_random_pool,しんりゅう,8,8,8,占い師,ドラゴン,召喚時:願い事を１つかなえてくれる。 味方リーダーが超必中モードの場合全ての願い事をかなえてくれる。,https://gameconductor.com/dqrivals/c/d/590,official_detail_url_present_in_cards_json,REVIEW_NAME_MENTIONED_ONLY,yes,no,summon,B_NAME_ONLY_RECHECK,低リスク。汎用キーワード/効果なし/既実装証跡として二次確認へ。
dragon_unit_random_pool,アンドレアル,8,5,5,僧侶,ドラゴン,スキルリンク：5/5のグリーンドラゴンを1体出す。 スキルブースト：コスト-1,https://gameconductor.com/dqrivals/c/d/749,official_detail_url_present_in_cards_json,REVIEW_NAME_MENTIONED_ONLY,yes,no,skill_link|skill_boost|put_into_play|cost_change,A_COMPLEX_NAME_ONLY,公式文面どおり個別実装の有無を確認。
dragon_unit_random_pool,ギガデーモン,8,7,6,武闘家,ドラゴン,こうげきできない、BET：速攻と「このターン中攻撃可能になる」を得る。自分のターン終了時GET(1),https://gameconductor.com/dqrivals/c/d/1123,official_detail_url_present_in_cards_json,REVIEW_NAME_MENTIONED_ONLY,yes,no,bet|get|turn_end|basic_keyword,A_COMPLEX_NAME_ONLY,GET/BET入口、1ターン1回制限、累積カウント、コイン消費時誘発を確認。
dragon_unit_random_pool,グレイトドラゴン,8,6,6,共通,ドラゴン,召喚時：このユニットを除く自分の場と手札にいるドラゴン系の数だけ+1/+1,https://gameconductor.com/dqrivals/c/d/142,official_detail_url_present_in_cards_json,REVIEW_NAME_MENTIONED_ONLY,yes,no,summon|hand,A_COMPLEX_NAME_ONLY,手札から召喚時のみ発動。ランダムで場に出た場合に発動しないことを確認。
dragon_unit_random_pool,レジェンドウルフ,9,9,9,共通,ドラゴン,効果なし,https://gameconductor.com/dqrivals/c/d/643,official_detail_url_present_in_cards_json,OK_EFFECT_NONE,yes,no,,D_LOW_RISK_EVIDENCE_OK,低リスク。汎用キーワード/効果なし/既実装証跡として二次確認へ。
dragon_unit_random_pool,竜王,9,7,7,共通,ドラゴン,超貫通,https://gameconductor.com/dqrivals/c/d/727,official_detail_url_present_in_cards_json,REVIEW_NAME_MENTIONED_ONLY,yes,no,basic_keyword,B_NAME_ONLY_RECHECK,低リスク。汎用キーワード/効果なし/既実装証跡として二次確認へ。
dragon_unit_random_pool,キングリザード,10,7,7,共通,ドラゴン,このカードを除く自分の場と手札にいるドラゴン系の数だけコストが下がる。,https://gameconductor.com/dqrivals/c/d/144,official_detail_url_present_in_cards_json,REVIEW_NAME_MENTIONED_ONLY,yes,no,cost_change|hand,A_COMPLEX_NAME_ONLY,公式文面どおり個別実装の有無を確認。
dragon_unit_random_pool,邪竜軍王ガリンガ,12,8,6,魔剣士,ドラゴン,このユニットの攻撃で敵ユニットが死亡する度HPを超えた分だけ敵リーダーにダメージ。対戦中に死亡した味方ユニットの数分コスト-1,https://gameconductor.com/dqrivals/c/d/1308,official_detail_url_present_in_cards_json,NEEDS_EFFECT_REVIEW,no,no,cost_change,A_NEEDS_EFFECT_REVIEW,公式文面どおり個別実装の有無を確認。
