id,name,cost,cardType,classes,tribes,deckBuildable,text,triggers,appNameOccurrences,genericCoverage,complexScore,risk,officialUrl
token_slime_1_1,スライム,1,ユニット,共通,スライム,False,,,182,no_text,0,LOW_NO_EFFECT_OR_BASIC,https://gameconductor.com/dqrivals/c/d/1
token_slime_bess_2_1,スライムベス,1,ユニット,共通,スライム,False,,,4,no_text,0,LOW_NO_EFFECT_OR_BASIC,https://gameconductor.com/dqrivals/c/d/2
card_a7a6eabe,メラゴースト,1,ユニット,共通,なし,True,召喚時：1ダメージを与える,召喚時|ダメージ,2,,1,MEDIUM_IMPLEMENTED_NAME_PRESENT,https://gameconductor.com/dqrivals/c/d/3
card_20ad0865,スライムつむり,1,ユニット,共通,スライム,True,におうだち,,0,basic_keyword_generic,0,LOW_NO_EFFECT_OR_BASIC,https://gameconductor.com/dqrivals/c/d/4
card_1244e07b,ファーラット,1,ユニット,共通,なし,True,速攻,,4,basic_keyword_generic,0,LOW_NO_EFFECT_OR_BASIC,https://gameconductor.com/dqrivals/c/d/5
card_358aa630,いっかくうさぎ,2,ユニット,共通,なし,True,速攻,,1,basic_keyword_generic,0,LOW_NO_EFFECT_OR_BASIC,https://gameconductor.com/dqrivals/c/d/6
card_55f66785,シールドこぞう,2,ユニット,共通,なし,True,におうだち,,0,basic_keyword_generic,0,LOW_NO_EFFECT_OR_BASIC,https://gameconductor.com/dqrivals/c/d/7
card_85b5c424,リザードマン,2,ユニット,共通,ドラゴン,True,効果なし,,1,,0,MEDIUM_IMPLEMENTED_NAME_PRESENT,https://gameconductor.com/dqrivals/c/d/8
card_e96efcff,くさった死体,3,ユニット,共通,ゾンビ,True,召喚時：敵リーダーの武器を破壊する,召喚時,1,,1,MEDIUM_IMPLEMENTED_NAME_PRESENT,https://gameconductor.com/dqrivals/c/d/9
card_bcebacb6,バードファイター,3,ユニット,共通,なし,True,,,1,no_text,0,LOW_NO_EFFECT_OR_BASIC,https://gameconductor.com/dqrivals/c/d/10
card_88bf04ae,リビングスタチュー,4,ユニット,共通,なし,True,におうだち,,0,basic_keyword_generic,0,LOW_NO_EFFECT_OR_BASIC,https://gameconductor.com/dqrivals/c/d/11
card_d02ff3e5,りゅうき兵,4,ユニット,共通,ドラゴン,True,効果なし,,2,,0,MEDIUM_IMPLEMENTED_NAME_PRESENT,https://gameconductor.com/dqrivals/c/d/12
card_c99c6450,ストーンマン,5,ユニット,共通,なし,True,におうだち,,0,basic_keyword_generic,0,LOW_NO_EFFECT_OR_BASIC,https://gameconductor.com/dqrivals/c/d/13
card_14ea7bec,バアルゼブブ,5,ユニット,共通,なし,True,召喚時：敵リーダーに3ダメージ,召喚時|ダメージ,1,,1,MEDIUM_IMPLEMENTED_NAME_PRESENT,https://gameconductor.com/dqrivals/c/d/14
card_0996b970,キラーアーマー,6,ユニット,共通,なし,True,,,0,no_text,0,LOW_NO_EFFECT_OR_BASIC,https://gameconductor.com/dqrivals/c/d/15
card_849c9084,ブラッドハンド,6,ユニット,共通,ゾンビ,True,召喚時：このユニットの上下にブラッドハンドを出す,召喚時,2,,1,MEDIUM_IMPLEMENTED_NAME_PRESENT,https://gameconductor.com/dqrivals/c/d/16
card_3ced797c,テラノライナー,7,ユニット,共通,ドラゴン,True,速攻,,1,basic_keyword_generic,0,LOW_NO_EFFECT_OR_BASIC,https://gameconductor.com/dqrivals/c/d/17
card_9f518d14,おにこんぼう,7,ユニット,共通,ドラゴン,True,効果なし,,5,,0,MEDIUM_IMPLEMENTED_NAME_PRESENT,https://gameconductor.com/dqrivals/c/d/18
card_d40564aa,メタルスライム,2,ユニット,共通,スライム,True,メタルボディ,,7,,0,MEDIUM_IMPLEMENTED_NAME_PRESENT,https://gameconductor.com/dqrivals/c/d/19
card_08f55531,わらいぶくろ,2,ユニット,共通,なし,True,召喚時：カードを1枚引く,召喚時|カードを1枚引く,2,,1,MEDIUM_IMPLEMENTED_NAME_PRESENT,https://gameconductor.com/dqrivals/c/d/20
card_cfe42222,スライムナイト,3,ユニット,共通,スライム,True,死亡時：1/1のスライムをこのマスに出す,死亡時,1,,1,MEDIUM_IMPLEMENTED_NAME_PRESENT,https://gameconductor.com/dqrivals/c/d/21
card_48ea99fd,なげきムーン,3,ユニット,共通,なし,True,召喚時：味方リーダーのHPが15以下の場合+2/+2と貫通を得る。,召喚時,1,keyword,1,MEDIUM_IMPLEMENTED_NAME_PRESENT,https://gameconductor.com/dqrivals/c/d/22
card_d5baebad,ツンドラキー,3,ユニット,共通,なし,True,味方リーダーのHPが20以上の間攻撃力+2とねらい撃ちを得る,,3,basic_keyword_generic,0,LOW_NO_EFFECT_OR_BASIC,https://gameconductor.com/dqrivals/c/d/23
card_11ddc5e0,ぐんたいガニ,4,ユニット,共通,なし,True,自分のターン開始時このユニットの前後にぐんたいガニを出す,自分のターン開始時,3,,0,MEDIUM_IMPLEMENTED_NAME_PRESENT,https://gameconductor.com/dqrivals/c/d/24
card_6d44771b,バイキングソウル,4,ユニット,共通,ゾンビ,True,正面にいるユニットと戦闘をする場合このターン中攻撃力+3,,1,,1,MEDIUM_IMPLEMENTED_NAME_PRESENT,https://gameconductor.com/dqrivals/c/d/25
card_1df09d65,キラーパンサー,4,ユニット,共通,なし,True,召喚時：敵ユニットが3体以上いる場合速攻を得る,召喚時,2,keyword,1,MEDIUM_IMPLEMENTED_NAME_PRESENT,https://gameconductor.com/dqrivals/c/d/26
card_d0a61d1f,プリーストナイト,4,ユニット,共通,なし,True,召喚時：ダメージを受けているランダムな味方1体のHPを3回復,召喚時|ダメージ|回復|ランダム,1,,2,MEDIUM_IMPLEMENTED_NAME_PRESENT,https://gameconductor.com/dqrivals/c/d/27
card_83cf917e,シールドオーガ,4,ユニット,共通,なし,True,召喚時：味方リーダーのHPが15以下の場合+2/+2とにおうだちを得る,召喚時,1,keyword,1,MEDIUM_IMPLEMENTED_NAME_PRESENT,https://gameconductor.com/dqrivals/c/d/28
card_7902521c,アックスドラゴン,5,ユニット,共通,ドラゴン,True,召喚時：ユニット1体に1ダメージを与えた後「受けるダメージ2倍」を付与する。,召喚時|ダメージ,3,,1,MEDIUM_IMPLEMENTED_NAME_PRESENT,https://gameconductor.com/dqrivals/c/d/29
card_56b8d468,レッドアーチャー,5,ユニット,共通,なし,True,召喚時：味方リーダーのHPが20以上の場合このユニットは攻撃力+2とねらい撃ちを得る,召喚時,1,keyword,1,MEDIUM_IMPLEMENTED_NAME_PRESENT,https://gameconductor.com/dqrivals/c/d/30
card_471ba4e7,ドラキー,1,ユニット,共通,なし,True,ねらい撃ち,,21,basic_keyword_generic,0,LOW_NO_EFFECT_OR_BASIC,https://gameconductor.com/dqrivals/c/d/31
card_d8e3589a,バブルスライム,1,ユニット,共通,スライム,True,ダメージを与えたユニットを毒にする,毒|ダメージ,2,,0,MEDIUM_IMPLEMENTED_NAME_PRESENT,https://gameconductor.com/dqrivals/c/d/32
card_c762fb53,いたずらもぐら,1,ユニット,共通,なし,True,テンションリンク： 攻撃力+1,テンションリンク,0,,1,HIGH_NO_NAME_NO_GENERIC,https://gameconductor.com/dqrivals/c/d/33
card_f78f7523,ゴースト,1,ユニット,共通,ゾンビ,True,自身が攻撃するまで敵の攻撃や効果の対象にならない,,13,,0,MEDIUM_IMPLEMENTED_NAME_PRESENT,https://gameconductor.com/dqrivals/c/d/34
card_1322ef2c,おばけキャンドル,1,ユニット,共通,なし,True,死亡時：ランダムな敵1体に1ダメージ,死亡時|ダメージ|ランダム,0,,2,HIGH_COMPLEX_NO_EXPLICIT_NAME,https://gameconductor.com/dqrivals/c/d/35
card_4af3d843,モーモン,1,ユニット,共通,なし,True,,,6,no_text,0,LOW_NO_EFFECT_OR_BASIC,https://gameconductor.com/dqrivals/c/d/36
card_dd2f4cdc,おばけヒトデ,1,ユニット,共通,なし,True,死亡時：ランダムな味方ユニット1体の攻撃力+2,死亡時|ランダム,0,,2,HIGH_COMPLEX_NO_EXPLICIT_NAME,https://gameconductor.com/dqrivals/c/d/37
card_4d7fa9dd,おおくちばし,1,ユニット,共通,なし,True,召喚時：後列にいるユニット1体に1ダメージ,召喚時|ダメージ,2,,1,MEDIUM_IMPLEMENTED_NAME_PRESENT,https://gameconductor.com/dqrivals/c/d/38
card_521e84df,ゆめにゅうどう,1,ユニット,共通,なし,True,召喚時：後列にいるユニット1体を前列に移動させる,召喚時,2,,1,MEDIUM_IMPLEMENTED_NAME_PRESENT,https://gameconductor.com/dqrivals/c/d/39
card_833eefb3,メラリザード,1,ユニット,共通,ドラゴン,True,貫通,,14,basic_keyword_generic,0,LOW_NO_EFFECT_OR_BASIC,https://gameconductor.com/dqrivals/c/d/40
card_95f69f39,オニオーン,1,ユニット,共通,なし,True,テンションリンク：味方リーダーのHPを1回復,テンションリンク|回復,0,,1,HIGH_NO_NAME_NO_GENERIC,https://gameconductor.com/dqrivals/c/d/41
card_b7e4faf1,ホイップゴースト,1,ユニット,共通,なし,True,攻撃時：このターン中攻撃力+3,攻撃時,1,,2,MEDIUM_IMPLEMENTED_NAME_PRESENT,https://gameconductor.com/dqrivals/c/d/42
card_a3c69ccc,シャドー,2,ユニット,共通,なし,True,このユニットは効果の対象にならない。,,3,,0,MEDIUM_IMPLEMENTED_NAME_PRESENT,https://gameconductor.com/dqrivals/c/d/43
card_bab58015,ホイミスライム,2,ユニット,共通,スライム,True,自分のターン終了時ダメージを受けている他の味方1体のHPを2回復,自分のターン終了時|ダメージ|回復,9,,0,MEDIUM_IMPLEMENTED_NAME_PRESENT,https://gameconductor.com/dqrivals/c/d/44
card_c1e90290,しにがみ,2,ユニット,共通,ゾンビ,True,2回攻撃,,6,basic_keyword_generic,0,LOW_NO_EFFECT_OR_BASIC,https://gameconductor.com/dqrivals/c/d/45
card_2924b5f1,じんめんじゅ,2,ユニット,共通,なし,True,自分のターン終了時このユニットのHPを1回復,自分のターン終了時|回復,3,,0,MEDIUM_IMPLEMENTED_NAME_PRESENT,https://gameconductor.com/dqrivals/c/d/46
card_3fedcfee,サーベルきつね,2,ユニット,共通,なし,True,上下にいるユニットの攻撃力+1,,3,,0,MEDIUM_IMPLEMENTED_NAME_PRESENT,https://gameconductor.com/dqrivals/c/d/47
card_671af643,オーク,2,ユニット,共通,なし,True,貫通,,4,basic_keyword_generic,0,LOW_NO_EFFECT_OR_BASIC,https://gameconductor.com/dqrivals/c/d/48
card_8085ed25,おばけキノコ,2,ユニット,共通,なし,True,死亡時：ランダムな敵1体を次のターン攻撃不能にする,死亡時|ランダム,2,,2,MEDIUM_IMPLEMENTED_NAME_PRESENT,https://gameconductor.com/dqrivals/c/d/49
card_579c3018,フレイム,2,ユニット,共通,なし,True,前列にいる場合攻撃力+3,前列にいる場合,2,,0,MEDIUM_IMPLEMENTED_NAME_PRESENT,https://gameconductor.com/dqrivals/c/d/50
card_7d555473,たけやりへい,2,ユニット,共通,なし,True,召喚時：このターン中ユニット1体の攻撃力+2,召喚時,1,,2,MEDIUM_IMPLEMENTED_NAME_PRESENT,https://gameconductor.com/dqrivals/c/d/51
card_d00c0ca1,プークプック,2,ユニット,共通,なし,True,前後にいる味方ユニットの攻撃力+1,,3,,0,MEDIUM_IMPLEMENTED_NAME_PRESENT,https://gameconductor.com/dqrivals/c/d/52
card_321ac34f,リップス,2,ユニット,共通,なし,True,敵リーダーにダメージを与えると敵リーダーのテンション-1,ダメージ,2,,0,MEDIUM_IMPLEMENTED_NAME_PRESENT,https://gameconductor.com/dqrivals/c/d/53
card_3229f48c,おおきづち,2,ユニット,共通,なし,True,テンションリンク：このターン中攻撃力+2,テンションリンク,1,,2,MEDIUM_IMPLEMENTED_NAME_PRESENT,https://gameconductor.com/dqrivals/c/d/54
card_f4f27478,ドロヌーバ,2,ユニット,共通,なし,True,ステルス,,0,basic_keyword_generic,0,LOW_NO_EFFECT_OR_BASIC,https://gameconductor.com/dqrivals/c/d/55
card_bb48dcae,おむつっこり,2,ユニット,共通,なし,True,召喚時：HPを2回復,召喚時|回復,2,,1,MEDIUM_IMPLEMENTED_NAME_PRESENT,https://gameconductor.com/dqrivals/c/d/56
card_73c78940,どくイモムシ,2,ユニット,共通,なし,True,死亡時：ランダムな敵ユニット1体を毒にする,死亡時|毒|ランダム,2,,2,MEDIUM_IMPLEMENTED_NAME_PRESENT,https://gameconductor.com/dqrivals/c/d/57
card_8585fce5,ももんじゃ,2,ユニット,共通,なし,True,召喚時：敵ユニット１体につきHP+1,召喚時,7,,1,MEDIUM_IMPLEMENTED_NAME_PRESENT,https://gameconductor.com/dqrivals/c/d/58
card_993f78a7,ナスビナーラ,2,ユニット,共通,なし,True,召喚時：ユニット１体を縦1列の中央に移動させる,召喚時,2,,1,MEDIUM_IMPLEMENTED_NAME_PRESENT,https://gameconductor.com/dqrivals/c/d/59
card_7d611f88,ヘルコンドル,2,ユニット,共通,なし,True,ねらい撃ち,,0,basic_keyword_generic,0,LOW_NO_EFFECT_OR_BASIC,https://gameconductor.com/dqrivals/c/d/60
card_21ed9677,イエローシックル,2,ユニット,共通,なし,True,正面にいるユニットと戦闘をする場合このターン中攻撃力+2,,1,,1,MEDIUM_IMPLEMENTED_NAME_PRESENT,https://gameconductor.com/dqrivals/c/d/61
card_768acf21,よるのていおう,2,ユニット,共通,なし,True,テンションリンク：後列にいるランダムな敵ユニット1体を前列のランダムな空きマスに移動させる,テンションリンク|ランダム,9,,2,MEDIUM_IMPLEMENTED_NAME_PRESENT,https://gameconductor.com/dqrivals/c/d/62
card_a7a355ee,マドハンド,3,ユニット,共通,ゾンビ,True,召喚時：このユニットの上下にマドハンドを出す,召喚時,4,,1,MEDIUM_IMPLEMENTED_NAME_PRESENT,https://gameconductor.com/dqrivals/c/d/63
card_cf9a2c0e,さまようたましい,3,ユニット,共通,なし,True,攻撃時：このターン中攻撃力+3,攻撃時,2,,2,MEDIUM_IMPLEMENTED_NAME_PRESENT,https://gameconductor.com/dqrivals/c/d/64
card_42d3e59b,ミミック,3,ユニット,共通,なし,True,死亡時：相手はカードを引く,死亡時|カードを引く,10,,1,MEDIUM_IMPLEMENTED_NAME_PRESENT,https://gameconductor.com/dqrivals/c/d/65
card_5b3cd328,ゴーレム,3,ユニット,共通,なし,True,におうだち,,7,basic_keyword_generic,0,LOW_NO_EFFECT_OR_BASIC,https://gameconductor.com/dqrivals/c/d/66
card_1d7c1c73,ダッシュラン,3,ユニット,共通,ドラゴン,True,召喚時：前列にいるユニット1体を後列に移動させる,召喚時,3,,1,MEDIUM_IMPLEMENTED_NAME_PRESENT,https://gameconductor.com/dqrivals/c/d/67
card_7fae1780,あやしいかげ,3,ユニット,共通,なし,True,ステルス,,0,basic_keyword_generic,0,LOW_NO_EFFECT_OR_BASIC,https://gameconductor.com/dqrivals/c/d/68
card_ffdb7171,ホークマン,3,ユニット,共通,なし,True,ねらい撃ち,,0,basic_keyword_generic,0,LOW_NO_EFFECT_OR_BASIC,https://gameconductor.com/dqrivals/c/d/69
card_62320064,マポレーナ,3,ユニット,共通,なし,True,召喚時： 味方ユニット1体を+1/+1,召喚時,5,,1,MEDIUM_IMPLEMENTED_NAME_PRESENT,https://gameconductor.com/dqrivals/c/d/70
card_1deadf61,ミケまどう,3,ユニット,共通,なし,True,召喚時：後列にいるユニット1体に1ダメージ,召喚時|ダメージ,1,,1,MEDIUM_IMPLEMENTED_NAME_PRESENT,https://gameconductor.com/dqrivals/c/d/71
card_637fcf8d,ボーンナイト,3,ユニット,共通,ゾンビ,True,貫通,,0,basic_keyword_generic,0,LOW_NO_EFFECT_OR_BASIC,https://gameconductor.com/dqrivals/c/d/72
card_789e3a72,からくりだいみょう,3,ユニット,共通,なし,True,召喚時：味方ユニット1体をこのユニットの前後に移動させる,召喚時,1,,1,MEDIUM_IMPLEMENTED_NAME_PRESENT,https://gameconductor.com/dqrivals/c/d/73
card_7786b90f,フェアリードラゴン,3,ユニット,共通,ドラゴン,True,死亡時：味方リーダーのテンション+1,死亡時,3,,1,MEDIUM_IMPLEMENTED_NAME_PRESENT,https://gameconductor.com/dqrivals/c/d/74
card_caf3ccae,ふくまねき,3,ユニット,共通,なし,True,死亡時：カードを1枚引く,死亡時|カードを1枚引く,1,,1,MEDIUM_IMPLEMENTED_NAME_PRESENT,https://gameconductor.com/dqrivals/c/d/75
card_deb61fbf,グリゴンダンス,3,ユニット,共通,なし,True,テンションリンク：全てのユニットに1ダメージ,テンションリンク|ダメージ,2,,2,MEDIUM_IMPLEMENTED_NAME_PRESENT,https://gameconductor.com/dqrivals/c/d/76
card_dd4e120b,サイレス,4,ユニット,共通,なし,True,召喚時：ユニット1体を封印する,召喚時|封印,2,,2,MEDIUM_IMPLEMENTED_NAME_PRESENT,https://gameconductor.com/dqrivals/c/d/77
card_f35349de,グール,4,ユニット,共通,ゾンビ,True,ダメージを与えたユニットを毒にする,毒|ダメージ,4,,0,MEDIUM_IMPLEMENTED_NAME_PRESENT,https://gameconductor.com/dqrivals/c/d/78
card_bbd9ea7b,きとうし,4,ユニット,共通,なし,True,特技ダメージ+1,ダメージ,1,,1,MEDIUM_IMPLEMENTED_NAME_PRESENT,https://gameconductor.com/dqrivals/c/d/79
card_1e6a7f8a,あらくれチャッピー,4,ユニット,共通,なし,True,召喚時：ユニット1体に2ダメージ,召喚時|ダメージ,2,,1,MEDIUM_IMPLEMENTED_NAME_PRESENT,https://gameconductor.com/dqrivals/c/d/80
card_f2cfa870,亡者のひとだま,4,ユニット,共通,なし,True,このユニットは効果の対象にならない,,2,,0,MEDIUM_IMPLEMENTED_NAME_PRESENT,https://gameconductor.com/dqrivals/c/d/81
card_839263c1,ひくいどり,5,ユニット,共通,なし,True,貫通,,0,basic_keyword_generic,0,LOW_NO_EFFECT_OR_BASIC,https://gameconductor.com/dqrivals/c/d/82
card_864a0e6c,しにがみのきし,5,ユニット,共通,なし,True,召喚時：前列にいるユニット1体を後列に移動させる,召喚時,2,,1,MEDIUM_IMPLEMENTED_NAME_PRESENT,https://gameconductor.com/dqrivals/c/d/83
card_4392279e,トロル,5,ユニット,共通,なし,True,受けるダメージ2倍,ダメージ,4,,0,MEDIUM_IMPLEMENTED_NAME_PRESENT,https://gameconductor.com/dqrivals/c/d/84
card_d90b9d85,かげのきし,5,ユニット,共通,ゾンビ,True,ステルス,,0,basic_keyword_generic,0,LOW_NO_EFFECT_OR_BASIC,https://gameconductor.com/dqrivals/c/d/85
card_34442b7d,ガメゴン,6,ユニット,共通,ドラゴン,True,におうだち,,9,basic_keyword_generic,0,LOW_NO_EFFECT_OR_BASIC,https://gameconductor.com/dqrivals/c/d/86
card_6e980110,ホロゴースト,6,ユニット,共通,なし,True,ステルス,,0,basic_keyword_generic,0,LOW_NO_EFFECT_OR_BASIC,https://gameconductor.com/dqrivals/c/d/87
card_8df130e3,ブラックルーン,7,ユニット,共通,なし,True,特技ダメージ+2,ダメージ,1,,1,MEDIUM_IMPLEMENTED_NAME_PRESENT,https://gameconductor.com/dqrivals/c/d/88
card_1fab9780,ねこまどう,1,ユニット,共通,なし,True,自分のターン終了時ランダムな敵1体に1ダメージ,自分のターン終了時|ダメージ|ランダム,1,,1,MEDIUM_IMPLEMENTED_NAME_PRESENT,https://gameconductor.com/dqrivals/c/d/89
card_bbedc445,リリパット,1,ユニット,共通,なし,True,後列から攻撃する場合敵ユニットから反撃を受けない。,,1,,0,MEDIUM_IMPLEMENTED_NAME_PRESENT,https://gameconductor.com/dqrivals/c/d/90
card_71a4559c,プチアーノン,1,ユニット,共通,なし,True,攻撃時：攻撃力+1,攻撃時,2,,1,MEDIUM_IMPLEMENTED_NAME_PRESENT,https://gameconductor.com/dqrivals/c/d/91
card_205cdb83,あばれこまいぬ,1,ユニット,共通,なし,True,召喚時：カードを1枚捨てる,召喚時,1,,1,MEDIUM_IMPLEMENTED_NAME_PRESENT,https://gameconductor.com/dqrivals/c/d/92
card_f9b880a8,キメラ,2,ユニット,共通,なし,True,召喚時：ユニット1体の位置を前後に入れ替える,召喚時,8,,1,MEDIUM_IMPLEMENTED_NAME_PRESENT,https://gameconductor.com/dqrivals/c/d/93
card_2b331264,メーダ,2,ユニット,共通,なし,True,前列にいる場合両プレイヤーの特技カードのコスト+1,前列にいる場合|コスト,7,,2,MEDIUM_IMPLEMENTED_NAME_PRESENT,https://gameconductor.com/dqrivals/c/d/94
card_5ec15c8d,コープスフライ,2,ユニット,共通,ゾンビ,True,前列にいる場合両プレイヤーのユニットカードのコスト+1,前列にいる場合|コスト,2,,1,MEDIUM_IMPLEMENTED_NAME_PRESENT,https://gameconductor.com/dqrivals/c/d/95
card_c45c254d,くしざしツインズ,2,ユニット,共通,なし,True,味方リーダーの武器の攻撃力+1,,2,,0,MEDIUM_IMPLEMENTED_NAME_PRESENT,https://gameconductor.com/dqrivals/c/d/96
card_9e85ced2,トドマン,3,ユニット,共通,なし,True,このユニットに自分が特技を使う度攻撃力+1,特技を使う,4,,1,MEDIUM_IMPLEMENTED_NAME_PRESENT,https://gameconductor.com/dqrivals/c/d/97
card_75d17a3b,ガチャコッコ,3,ユニット,共通,なし,True,におうだち、召喚時：敵ユニット1体につき攻撃力＋1,召喚時,1,keyword,1,MEDIUM_IMPLEMENTED_NAME_PRESENT,https://gameconductor.com/dqrivals/c/d/98
card_94168f26,はぐれメタル,3,ユニット,共通,スライム,True,速攻、メタルボディ,,2,keyword,0,MEDIUM_IMPLEMENTED_NAME_PRESENT,https://gameconductor.com/dqrivals/c/d/99
card_0a0e15fb,スライムタワー,3,ユニット,共通,スライム,True,召喚時：カードを1枚捨てた後カードを1枚引く,召喚時|カードを1枚引く,1,,1,MEDIUM_IMPLEMENTED_NAME_PRESENT,https://gameconductor.com/dqrivals/c/d/100
card_03d5f244,ドラゴンキッズ,3,ユニット,共通,ドラゴン,True,召喚時：正面にいる全ての敵ユニットに1ダメージ,召喚時|ダメージ,4,,2,MEDIUM_IMPLEMENTED_NAME_PRESENT,https://gameconductor.com/dqrivals/c/d/101
card_f337a875,アローインプ,3,ユニット,共通,なし,True,後列から攻撃する場合敵ユニットから反撃を受けない,,1,,0,MEDIUM_IMPLEMENTED_NAME_PRESENT,https://gameconductor.com/dqrivals/c/d/102
card_48f96c44,メガザルロック,3,ユニット,共通,なし,True,死亡時：コスト2以下のランダムな味方ユニット1体を復活させる,死亡時|復活|コスト|ランダム,1,,4,MEDIUM_IMPLEMENTED_NAME_PRESENT,https://gameconductor.com/dqrivals/c/d/103
card_052480b4,つららスライム,3,ユニット,共通,スライム,True,召喚時：1マス前にいるユニットの攻撃力-2,召喚時,1,,1,MEDIUM_IMPLEMENTED_NAME_PRESENT,https://gameconductor.com/dqrivals/c/d/104
card_f3e5436e,メタルハンター,3,ユニット,共通,なし,True,召喚時：メタルボディを持つユニット1体を死亡させる,召喚時,1,,1,MEDIUM_IMPLEMENTED_NAME_PRESENT,https://gameconductor.com/dqrivals/c/d/105
card_191bb601,どろにんぎょう,3,ユニット,共通,なし,True,召喚時：次の相手のターン相手のMPが1減る,召喚時,1,,1,MEDIUM_IMPLEMENTED_NAME_PRESENT,https://gameconductor.com/dqrivals/c/d/106
card_0f3ff099,ジャガーメイジ,3,ユニット,共通,なし,True,召喚時：敵ユニットが3体以上いる場合全ての敵ユニットに1ダメージ,召喚時|ダメージ,1,,2,MEDIUM_IMPLEMENTED_NAME_PRESENT,https://gameconductor.com/dqrivals/c/d/107
card_90f17009,キャットバット,3,ユニット,共通,なし,True,召喚時：このユニットの前後にキャットバットを出す,召喚時,2,,1,MEDIUM_IMPLEMENTED_NAME_PRESENT,https://gameconductor.com/dqrivals/c/d/108
card_13db3095,コサックシープ,3,ユニット,共通,なし,True,召喚時：味方ユニット1体を手札に戻す,召喚時,1,,1,MEDIUM_IMPLEMENTED_NAME_PRESENT,https://gameconductor.com/dqrivals/c/d/109
card_390c2e74,じんめんガエル,3,ユニット,共通,なし,True,後列にいる場合攻撃力+5,後列にいる場合,1,,0,MEDIUM_IMPLEMENTED_NAME_PRESENT,https://gameconductor.com/dqrivals/c/d/110
card_1acdd672,ドラキーマ,3,ユニット,共通,なし,True,召喚時：ユニット1体を次のターン攻撃不能にする,召喚時,1,,1,MEDIUM_IMPLEMENTED_NAME_PRESENT,https://gameconductor.com/dqrivals/c/d/111
card_1d7c86bb,クイーンスライム,3,ユニット,共通,スライム,True,このユニットを除くスライム系の味方ユニット全てを+1/+1,,6,,1,MEDIUM_IMPLEMENTED_NAME_PRESENT,https://gameconductor.com/dqrivals/c/d/112
card_efc24be5,ブルベリーノ,4,ユニット,共通,なし,True,召喚時：カードを1枚引く,召喚時|カードを1枚引く,1,,1,MEDIUM_IMPLEMENTED_NAME_PRESENT,https://gameconductor.com/dqrivals/c/d/113
card_f8b1a025,メッサーラ,4,ユニット,共通,なし,True,召喚時：縦1列にいる全ての敵ユニットに1ダメージ,召喚時|ダメージ,1,,2,MEDIUM_IMPLEMENTED_NAME_PRESENT,https://gameconductor.com/dqrivals/c/d/114
card_43b1333a,オークキング,4,ユニット,共通,なし,True,貫通、召喚時：HPを2回復,召喚時|回復,1,keyword,1,MEDIUM_IMPLEMENTED_NAME_PRESENT,https://gameconductor.com/dqrivals/c/d/115
card_f8c88241,シルバーデビル,4,ユニット,共通,なし,True,ねらい撃ち、2回攻撃,,2,basic_keyword_generic,0,LOW_NO_EFFECT_OR_BASIC,https://gameconductor.com/dqrivals/c/d/116
card_9a92bd30,メタルライダー,4,ユニット,共通,スライム,True,死亡時：メタルボディ1/2メタルスライムをこのマスに出す,死亡時,1,,1,MEDIUM_IMPLEMENTED_NAME_PRESENT,https://gameconductor.com/dqrivals/c/d/117
card_dd118670,コングヘッド,4,ユニット,共通,なし,True,前後にいる味方ユニットの攻撃力+2,,1,,0,MEDIUM_IMPLEMENTED_NAME_PRESENT,https://gameconductor.com/dqrivals/c/d/118
card_12edc6c3,バリクナジャ,4,ユニット,共通,なし,True,このユニットの攻撃で敵ユニットを倒す度味方リーダーのテンション+1,,1,,0,MEDIUM_IMPLEMENTED_NAME_PRESENT,https://gameconductor.com/dqrivals/c/d/119
card_c0e5dcc1,うごくせきぞう,5,ユニット,共通,なし,True,正面に敵ユニットが1体もいない場合攻撃できない,,2,,0,MEDIUM_IMPLEMENTED_NAME_PRESENT,https://gameconductor.com/dqrivals/c/d/120
card_6b11ada1,エリミネーター,5,ユニット,共通,なし,True,前列にいる場合他の味方ユニットが死亡する度カードを1枚引く。,前列にいる場合|カードを1枚引く,1,,0,MEDIUM_IMPLEMENTED_NAME_PRESENT,https://gameconductor.com/dqrivals/c/d/121
card_f929b37f,マミー,5,ユニット,共通,ゾンビ,True,召喚時：敵1体を次のターン攻撃不能にする,召喚時,2,,1,MEDIUM_IMPLEMENTED_NAME_PRESENT,https://gameconductor.com/dqrivals/c/d/122
card_3410ad27,ゴールドオーク,5,ユニット,共通,なし,True,召喚時：味方リーダーのテンションの2倍分味方リーダーのHPを回復,召喚時|回復,1,,1,MEDIUM_IMPLEMENTED_NAME_PRESENT,https://gameconductor.com/dqrivals/c/d/123
card_93e4c47b,バトルレックス,5,ユニット,共通,ドラゴン,True,攻撃時：このターン中味方リーダーの武器の攻撃力+2,攻撃時,2,,2,MEDIUM_IMPLEMENTED_NAME_PRESENT,https://gameconductor.com/dqrivals/c/d/124
card_d7429ebd,けがれの渦,5,ユニット,共通,なし,True,におうだち、死亡時：全てのユニットを毒にする,死亡時|毒,1,keyword,2,MEDIUM_IMPLEMENTED_NAME_PRESENT,https://gameconductor.com/dqrivals/c/d/125
card_8e319e73,さまようよろい,5,ユニット,共通,なし,True,召喚時：前列に召喚した場合ホイミスライムを後ろに出す,召喚時,3,,1,MEDIUM_IMPLEMENTED_NAME_PRESENT,https://gameconductor.com/dqrivals/c/d/126
card_761099e5,バロンナイト,6,ユニット,共通,なし,True,同じ縦1列にいる他のユニットを+1/+1,,1,,0,MEDIUM_IMPLEMENTED_NAME_PRESENT,https://gameconductor.com/dqrivals/c/d/127
card_4354b98d,ブラックチャック,6,ユニット,共通,なし,True,味方リーダーのテンション分必要なコストが下がる,コスト,2,,1,MEDIUM_IMPLEMENTED_NAME_PRESENT,https://gameconductor.com/dqrivals/c/d/128
card_071c8ce4,ヘルゴースト,6,ユニット,共通,ゾンビ,True,後列から攻撃する場合敵ユニットから反撃を受けない,,1,,0,MEDIUM_IMPLEMENTED_NAME_PRESENT,https://gameconductor.com/dqrivals/c/d/129
card_e85d03e0,エビルホーク,6,ユニット,共通,なし,True,ねらい撃ち、召喚時：カードを1枚引く,召喚時|カードを1枚引く,1,keyword,1,MEDIUM_IMPLEMENTED_NAME_PRESENT,https://gameconductor.com/dqrivals/c/d/130
card_8878b609,バーサーカー,6,ユニット,共通,なし,True,前列の中央にいる場合攻撃力+7,,2,,0,MEDIUM_IMPLEMENTED_NAME_PRESENT,https://gameconductor.com/dqrivals/c/d/131
card_fab92693,ばくだん岩,3,ユニット,共通,なし,True,死亡時：前列にいる全てのユニットに2ダメージ,死亡時|ダメージ,2,,2,MEDIUM_IMPLEMENTED_NAME_PRESENT,https://gameconductor.com/dqrivals/c/d/132
card_5be2f7e5,ワイトキング,4,ユニット,共通,ゾンビ,True,後列にいる場合前列にいるゾンビ系の味方ユニット全てを+1/+1,後列にいる場合,2,,1,MEDIUM_IMPLEMENTED_NAME_PRESENT,https://gameconductor.com/dqrivals/c/d/133
card_46e8c68f,キングスライム,4,ユニット,共通,スライム,True,テンションリンク：1/1のスライムを出す,テンションリンク,2,,1,MEDIUM_IMPLEMENTED_NAME_PRESENT,https://gameconductor.com/dqrivals/c/d/134
card_7be4965e,メタルキング,5,ユニット,共通,スライム,True,速攻、メタルボディ、テンションリンク：自分の手札に戻る,テンションリンク,10,keyword,1,MEDIUM_IMPLEMENTED_NAME_PRESENT,https://gameconductor.com/dqrivals/c/d/135
card_cd99fcfb,ギガンテス,5,ユニット,共通,なし,True,攻撃時：このターン中攻撃力+3,攻撃時,1,,2,MEDIUM_IMPLEMENTED_NAME_PRESENT,https://gameconductor.com/dqrivals/c/d/136
card_adb8f2c2,ランプのまじん,6,ユニット,共通,なし,True,召喚時：全ての敵ユニットの位置を前後入れ替える,召喚時,2,,2,MEDIUM_IMPLEMENTED_NAME_PRESENT,https://gameconductor.com/dqrivals/c/d/137
card_f15d10ad,じごくのつかい,6,ユニット,共通,なし,True,自分のターン終了時ランダムな敵1体に3ダメージ,自分のターン終了時|ダメージ|ランダム,1,,1,MEDIUM_IMPLEMENTED_NAME_PRESENT,https://gameconductor.com/dqrivals/c/d/138
card_0957dc83,アンクルホーン,7,ユニット,共通,なし,True,テンションリンク：攻撃力が2倍になる,テンションリンク,1,,1,MEDIUM_IMPLEMENTED_NAME_PRESENT,https://gameconductor.com/dqrivals/c/d/139
card_6dc91dab,ドラゴンゾンビ,7,ユニット,共通,ドラゴン,True,死亡時：正面にいる全ての敵ユニットに3ダメージ,死亡時|ダメージ,4,,2,MEDIUM_IMPLEMENTED_NAME_PRESENT,https://gameconductor.com/dqrivals/c/d/140
card_888c9f47,トロルキング,7,ユニット,共通,なし,True,すべてのユニットは受けるダメージが2倍になる。,ダメージ,2,,0,MEDIUM_IMPLEMENTED_NAME_PRESENT,https://gameconductor.com/dqrivals/c/d/141
card_fede32d5,グレイトドラゴン,8,ユニット,共通,ドラゴン,True,召喚時：このユニットを除く自分の場と手札にいるドラゴン系の数だけ+1/+1,召喚時,4,,1,MEDIUM_IMPLEMENTED_NAME_PRESENT,https://gameconductor.com/dqrivals/c/d/142
card_d9eaae6c,バラモスゾンビ,9,ユニット,共通,ゾンビ,True,対戦中に死亡したゾンビ系の味方ユニットの数だけ攻撃力が上がる。,,4,,0,MEDIUM_IMPLEMENTED_NAME_PRESENT,https://gameconductor.com/dqrivals/c/d/143
card_7e4b289c,キングリザード,10,ユニット,共通,ドラゴン,True,このカードを除く自分の場と手札にいるドラゴン系の数だけコストが下がる。,コスト,3,,1,MEDIUM_IMPLEMENTED_NAME_PRESENT,https://gameconductor.com/dqrivals/c/d/144
card_e462792f,わたぼう,2,ユニット,共通,なし,True,ターンを終了したプレイヤーはカードを1枚引く,カードを1枚引く,3,,0,MEDIUM_IMPLEMENTED_NAME_PRESENT,https://gameconductor.com/dqrivals/c/d/145
card_ba8c67df,ドラゴン,3,ユニット,共通,ドラゴン,True,死亡時：相手の手札に王女の愛を加える,死亡時,165,,1,MEDIUM_IMPLEMENTED_NAME_PRESENT,https://gameconductor.com/dqrivals/c/d/146
card_21f64a28,ヒューザ,4,ユニット,共通,冒険者,True,自分のターン終了時他の味方ユニットが1体もいない場合ランダムな敵1体に自分の攻撃力と同じダメージを与える。,自分のターン終了時|ダメージ|ランダム,3,,1,MEDIUM_IMPLEMENTED_NAME_PRESENT,https://gameconductor.com/dqrivals/c/d/147
card_6633e37a,ゴールデンスライム,4,ユニット,共通,スライム,True,メタルボディ、このターンの開始時このユニットを除く全てのユニットを死亡させる。 この効果は一度しか発動しない。,,1,,2,MEDIUM_IMPLEMENTED_NAME_PRESENT,https://gameconductor.com/dqrivals/c/d/148
card_0e6ffe6c,カミュ,4,ユニット,共通,冒険者,True,召喚時：敵リーダーが装備中の武器を奪い自分の手札に加える。,召喚時|手札に加える,3,,1,MEDIUM_IMPLEMENTED_NAME_PRESENT,https://gameconductor.com/dqrivals/c/d/149
card_80caa95f,アンルシア,5,ユニット,共通,冒険者,True,召喚時：攻撃力5以上の敵ユニット1体を攻撃力0にする,召喚時,10,,1,MEDIUM_IMPLEMENTED_NAME_PRESENT,https://gameconductor.com/dqrivals/c/d/150
card_ee31da4a,ラヴィエル,5,ユニット,共通,冒険者,True,死亡時：対戦中に死亡したラヴィエル以外の味方の冒険者を1枚手札に加える,死亡時|手札に加える,5,,1,MEDIUM_IMPLEMENTED_NAME_PRESENT,https://gameconductor.com/dqrivals/c/d/151
card_4fffad50,ガボ,6,ユニット,共通,冒険者,True,召喚時：速攻3/1のオオカミを出す,召喚時,2,keyword,1,MEDIUM_IMPLEMENTED_NAME_PRESENT,https://gameconductor.com/dqrivals/c/d/152
card_36833618,ドラゴンガイア,6,ユニット,共通,ドラゴン,True,召喚時：次の相手のターン終了時まで全ての味方は相手の特技ダメージを受けない,召喚時|相手のターン終了時|ダメージ,10,,4,MEDIUM_IMPLEMENTED_NAME_PRESENT,https://gameconductor.com/dqrivals/c/d/153
card_9a345999,エスターク,6,ユニット,共通,魔王,True,このユニットのHPが減っていない場合攻撃できない そのかわりに自分のターン終了時このユニットを除く全てのリーダーとユニットに1ダメージ,自分のターン終了時|ダメージ,3,,1,MEDIUM_IMPLEMENTED_NAME_PRESENT,https://gameconductor.com/dqrivals/c/d/154
card_aa5be628,やまたのおろち,6,ユニット,共通,ドラゴン,True,召喚時：味方ユニット1体を死亡させる そのユニットのコスト分攻撃力とHPが上がる,召喚時|コスト,6,,2,MEDIUM_IMPLEMENTED_NAME_PRESENT,https://gameconductor.com/dqrivals/c/d/155
card_1876b15e,ハーゴン,6,ユニット,共通,魔王,True,召喚時：冒険者ユニット1体を1/1の犬に変える,召喚時,3,,1,MEDIUM_IMPLEMENTED_NAME_PRESENT,https://gameconductor.com/dqrivals/c/d/156
card_595112e0,マルティナ,6,ユニット,共通,冒険者,True,召喚時：合計7ダメージを縦1列のランダムなマスに割り振る,召喚時|ダメージ|ランダム,11,,2,MEDIUM_IMPLEMENTED_NAME_PRESENT,https://gameconductor.com/dqrivals/c/d/157
card_e3f0dbe1,バルザック,7,ユニット,共通,なし,True,貫通：このユニットの攻撃で敵ユニットを倒す度+2/+2,,0,basic_keyword_generic,0,LOW_NO_EFFECT_OR_BASIC,https://gameconductor.com/dqrivals/c/d/158
card_74b5ecf8,りゅうおう,7,ユニット,共通,魔王,True,死亡時：正体をあらわす,死亡時,8,,1,MEDIUM_IMPLEMENTED_NAME_PRESENT,https://gameconductor.com/dqrivals/c/d/159
card_494e86cf,バラモス,8,ユニット,共通,魔王,True,特技ダメージ+3、死亡時：次に召喚するユニットのコスト-4,死亡時|ダメージ|コスト,10,,3,MEDIUM_IMPLEMENTED_NAME_PRESENT,https://gameconductor.com/dqrivals/c/d/160
card_da6452c0,グラコス,9,ユニット,共通,魔王,True,召喚時:仲間を3体出す,召喚時,1,,1,MEDIUM_IMPLEMENTED_NAME_PRESENT,https://gameconductor.com/dqrivals/c/d/161
card_22190279,シドー,9,ユニット,共通,魔王,True,召喚時：このユニットを除く全てのユニットに4ダメージ,召喚時|ダメージ,24,,2,MEDIUM_IMPLEMENTED_NAME_PRESENT,https://gameconductor.com/dqrivals/c/d/162
card_c30bd47a,ゾーマ,9,ユニット,共通,魔王,True,召喚時：闇の衣を得る 相手デッキの一番上に光の玉が置かれる,召喚時,10,,2,MEDIUM_IMPLEMENTED_NAME_PRESENT,https://gameconductor.com/dqrivals/c/d/163
card_a79887e5,フローラ,5,ユニット,共通,冒険者,True,スキルリンク：ロドマンからの贈り物を自分の手札に加える,スキルリンク|手札に加える,2,,1,MEDIUM_IMPLEMENTED_NAME_PRESENT,https://gameconductor.com/dqrivals/c/d/375
card_0ef7493c,デボラ,5,ユニット,共通,冒険者,True,スキルリンク：自分の手札は全てレアリティが１つ上の別のカードに変わる,スキルリンク,11,,2,MEDIUM_IMPLEMENTED_NAME_PRESENT,https://gameconductor.com/dqrivals/c/d/376
card_60c1c0de,ビアンカ,5,ユニット,共通,冒険者,True,スキルリンク：敵リーダーに3ダメージ,スキルリンク|ダメージ,3,,1,MEDIUM_IMPLEMENTED_NAME_PRESENT,https://gameconductor.com/dqrivals/c/d/377
card_a1a044fe,ドラムゴート,3,ユニット,共通,なし,True,テンションカードを1ターンに2回まで使える,,1,,0,MEDIUM_IMPLEMENTED_NAME_PRESENT,https://gameconductor.com/dqrivals/c/d/378
card_a4f70e0a,サボテンボール,2,ユニット,共通,なし,True,テンションリンク：お互いのリーダーに1ダメージ,テンションリンク|ダメージ,2,,1,MEDIUM_IMPLEMENTED_NAME_PRESENT,https://gameconductor.com/dqrivals/c/d/379
card_543a5394,はえおとこ,2,ユニット,共通,なし,True,死亡時：相手リーダーのテンション+1,死亡時,1,,1,MEDIUM_IMPLEMENTED_NAME_PRESENT,https://gameconductor.com/dqrivals/c/d/380
card_01055fc8,キラーピッケル,4,ユニット,共通,なし,True,召喚時：このターン中味方リーダーのテンションと同じだけユニット1体の攻撃力を上げる。,召喚時,1,,2,MEDIUM_IMPLEMENTED_NAME_PRESENT,https://gameconductor.com/dqrivals/c/d/381
card_c123b2d5,ゆうれいせんちょう,6,ユニット,共通,ゾンビ,True,死亡時：味方リーダーのテンションを全て消費する。 消費した数と同じだけ2/2のシードッグを出す。,死亡時,1,,2,MEDIUM_IMPLEMENTED_NAME_PRESENT,https://gameconductor.com/dqrivals/c/d/382
card_76df765d,くみひもこぞう,1,ユニット,共通,なし,True,スキルブースト：攻撃力+1,,1,,0,MEDIUM_IMPLEMENTED_NAME_PRESENT,https://gameconductor.com/dqrivals/c/d/388
card_c55ba7bd,バル&ベル,4,ユニット,共通,なし,True,自分のターン開始時ボル&ブルが自分の場にいる場合合体してバブルボブルになる。,自分のターン開始時,1,,0,MEDIUM_IMPLEMENTED_NAME_PRESENT,https://gameconductor.com/dqrivals/c/d/400
card_140f5c76,ボル&ブル,3,ユニット,共通,なし,True,2回攻撃,,1,basic_keyword_generic,0,LOW_NO_EFFECT_OR_BASIC,https://gameconductor.com/dqrivals/c/d/401
card_8b06f040,メガトンケイル,12,ユニット,共通,なし,True,スキルブースト：コスト-2,コスト,0,,1,HIGH_NO_NAME_NO_GENERIC,https://gameconductor.com/dqrivals/c/d/403
card_d0ce7a52,シルビア,4,ユニット,共通,冒険者,True,召喚時:お互いのリーダーのテンション+3,召喚時,3,,1,MEDIUM_IMPLEMENTED_NAME_PRESENT,https://gameconductor.com/dqrivals/c/d/413
card_6a6f2191,メーダロード,4,ユニット,共通,なし,True,相手が特技を使う度その効果が発動する前に味方リーダーのHPを3回復,特技を使う|回復,1,,1,MEDIUM_IMPLEMENTED_NAME_PRESENT,https://gameconductor.com/dqrivals/c/d/418
card_30055c41,モコフル,2,ユニット,共通,なし,True,召喚時:味方ユニット1体を封印する,召喚時|封印,4,,2,MEDIUM_IMPLEMENTED_NAME_PRESENT,https://gameconductor.com/dqrivals/c/d/419
card_58028997,キングミミック,6,ユニット,共通,なし,True,死亡時：相手はランダムなレジェンドレアカードを手札に1枚加える,死亡時|ランダム,1,,2,MEDIUM_IMPLEMENTED_NAME_PRESENT,https://gameconductor.com/dqrivals/c/d/420
card_d8ea0146,うみぼうず,4,ユニット,共通,なし,True,ステルス、スキルブースト:攻撃力+1,,2,keyword,0,MEDIUM_IMPLEMENTED_NAME_PRESENT,https://gameconductor.com/dqrivals/c/d/423
card_16bf66fb,むつでエビ,2,ユニット,共通,なし,True,召喚時:相手の手札が3枚以下の場合HP+1とにおうだちを得る,召喚時,5,keyword,1,MEDIUM_IMPLEMENTED_NAME_PRESENT,https://gameconductor.com/dqrivals/c/d/424
card_3b082637,モコッキー,1,ユニット,共通,なし,True,自分のターン終了時このユニットのHPを1回復,自分のターン終了時|回復,2,,0,MEDIUM_IMPLEMENTED_NAME_PRESENT,https://gameconductor.com/dqrivals/c/d/425
card_fc69214d,ガーゴイル,4,ユニット,共通,なし,True,ねらい撃ち、おうえん,,4,basic_keyword_generic,0,LOW_NO_EFFECT_OR_BASIC,https://gameconductor.com/dqrivals/c/d/428
card_cda1124f,デンデン竜,6,ユニット,共通,ドラゴン,True,におうだち、おうえん,,1,basic_keyword_generic,0,LOW_NO_EFFECT_OR_BASIC,https://gameconductor.com/dqrivals/c/d/429
card_f6858889,ベビーパンサー,2,ユニット,共通,なし,True,おうえん,,1,basic_keyword_generic,0,LOW_NO_EFFECT_OR_BASIC,https://gameconductor.com/dqrivals/c/d/432
card_97d236ef,ネルゲル,8,ユニット,共通,魔王,True,２回攻撃、自分のターン終了時このユニットが後列中央にいるならネルゲルの配下を1体出す,自分のターン終了時|このユニットが,0,basic_keyword_generic,0,LOW_NO_EFFECT_OR_BASIC,https://gameconductor.com/dqrivals/c/d/433
card_d479c4dc,ふくぶくろ,3,ユニット,共通,なし,True,召喚時：両プレイヤーはカードを２枚引く,召喚時,1,,1,MEDIUM_IMPLEMENTED_NAME_PRESENT,https://gameconductor.com/dqrivals/c/d/440
card_10f8ea07,スウィートバッグ,3,ユニット,共通,なし,True,テンションリンク：前にいる味方ユニットに貫通、ねらい撃ち、2回攻撃のいずれか1つを付与する。,テンションリンク,4,keyword,1,MEDIUM_IMPLEMENTED_NAME_PRESENT,https://gameconductor.com/dqrivals/c/d/449
card_9b025ab4,ナイトウォーカー,3,ユニット,共通,なし,True,自分のターン終了時相手の手札が3枚以下の場合攻撃力+1とステルスを得る,自分のターン終了時,1,basic_keyword_generic,0,LOW_NO_EFFECT_OR_BASIC,https://gameconductor.com/dqrivals/c/d/452
card_099f2e9c,くもの大王,5,ユニット,共通,なし,True,召喚時：次のターン相手プレイヤーはテンションスキルを使用できない,召喚時,1,,1,MEDIUM_IMPLEMENTED_NAME_PRESENT,https://gameconductor.com/dqrivals/c/d/453
card_4e29b0ba,アルミラージ,4,ユニット,共通,なし,True,速攻,,0,basic_keyword_generic,0,LOW_NO_EFFECT_OR_BASIC,https://gameconductor.com/dqrivals/c/d/454
card_4114f12b,ニードルマン,1,ユニット,共通,なし,True,攻撃時：相手はカードを1枚引く,攻撃時|カードを1枚引く,2,,1,MEDIUM_IMPLEMENTED_NAME_PRESENT,https://gameconductor.com/dqrivals/c/d/473
card_a515a629,ビーンファイター,1,ユニット,共通,なし,True,死亡時:相手リーダーのテンション-1,死亡時,4,,1,MEDIUM_IMPLEMENTED_NAME_PRESENT,https://gameconductor.com/dqrivals/c/d/474
card_7cf29b7b,おおさそり,1,ユニット,共通,なし,True,召喚時:地形マスに召喚された場合+1/+2,召喚時,2,,1,MEDIUM_IMPLEMENTED_NAME_PRESENT,https://gameconductor.com/dqrivals/c/d/486
card_c21c039d,アントベア,1,ユニット,共通,なし,True,召喚時:味方リーダーのテンションを1消費する。 消費した後+1/+1を得る。,召喚時,2,,1,MEDIUM_IMPLEMENTED_NAME_PRESENT,https://gameconductor.com/dqrivals/c/d/487
card_aac4c8d0,デザートランナー,3,ユニット,共通,なし,True,召喚時:地形マスに召喚された場合速攻を得る。,召喚時,2,keyword,1,MEDIUM_IMPLEMENTED_NAME_PRESENT,https://gameconductor.com/dqrivals/c/d/488
card_02f68fb2,かえんムカデ,4,ユニット,共通,なし,True,召喚時:地形マスに召喚された場合他の全てのユニットに2ダメージ,召喚時|ダメージ,1,,2,MEDIUM_IMPLEMENTED_NAME_PRESENT,https://gameconductor.com/dqrivals/c/d/489
card_e718ff50,若葉の精霊,4,ユニット,共通,なし,True,召喚時:地形マスに召喚された場合カードを1枚引く,召喚時|カードを1枚引く,1,,1,MEDIUM_IMPLEMENTED_NAME_PRESENT,https://gameconductor.com/dqrivals/c/d/490
card_5e20f19b,サンディ,1,ユニット,共通,冒険者,True,ステルス、死亡時&手札から捨てた時に次の自分のターン開始時サンディが手札にない場合手札にサンディを加える。,死亡時|手札から捨てた時|自分のターン開始時,19,keyword,2,MEDIUM_IMPLEMENTED_NAME_PRESENT,https://gameconductor.com/dqrivals/c/d/494
card_10a989d5,ジャミラス,7,ユニット,共通,魔王,True,召喚時:指定のマスの地形をしあわせの国に変える。 この効果で地形の上書きはできない。,召喚時,1,,1,MEDIUM_IMPLEMENTED_NAME_PRESENT,https://gameconductor.com/dqrivals/c/d/502
card_c2b05edb,ヌボーン,1,ユニット,共通,なし,True,このユニットは攻撃できない,,1,,0,MEDIUM_IMPLEMENTED_NAME_PRESENT,https://gameconductor.com/dqrivals/c/d/507
card_1c2707b7,ヒポせんし,2,ユニット,共通,なし,True,敵リーダーのテンションが上がる度攻撃力+1,,6,,0,MEDIUM_IMPLEMENTED_NAME_PRESENT,https://gameconductor.com/dqrivals/c/d/508
card_743df4a8,とらおとこ,2,ユニット,共通,なし,True,召喚時:地形マスに召喚された場合+1/+1,召喚時,4,,1,MEDIUM_IMPLEMENTED_NAME_PRESENT,https://gameconductor.com/dqrivals/c/d/509
card_f873e56f,ミステリドール,2,ユニット,共通,なし,True,召喚時:前後のマスにこのユニットがいる地形をコピーする。 この効果で地形の上書きはできない。,召喚時|このユニットが,2,,1,MEDIUM_IMPLEMENTED_NAME_PRESENT,https://gameconductor.com/dqrivals/c/d/510
card_dc05e007,アカイライ,3,ユニット,共通,なし,True,自分のターン終了時このユニットがダメージを受けているならカードを1枚引く。,自分のターン終了時|このユニットが|カードを1枚引く|ダメージ,1,,0,MEDIUM_IMPLEMENTED_NAME_PRESENT,https://gameconductor.com/dqrivals/c/d/511
card_1ed773cb,デスマエストロ,4,ユニット,共通,なし,True,召喚時:このターン中攻撃力1以下の敵ユニット1体を味方にして速攻を付与する。,召喚時,5,keyword,2,MEDIUM_IMPLEMENTED_NAME_PRESENT,https://gameconductor.com/dqrivals/c/d/512
card_d5b99382,デスプリースト,5,ユニット,共通,ゾンビ,True,召喚時:地形マスに召喚された場合コスト3以下のランダムな味方ユニット1体を復活させる。,召喚時|復活|コスト|ランダム,1,,4,MEDIUM_IMPLEMENTED_NAME_PRESENT,https://gameconductor.com/dqrivals/c/d/513
card_768eea71,まかいじゅ,6,ユニット,共通,なし,True,自分のターン終了時このユニットのHPを2回復する。,自分のターン終了時|回復,2,,0,MEDIUM_IMPLEMENTED_NAME_PRESENT,https://gameconductor.com/dqrivals/c/d/514
card_c280a90c,ダゴン,7,ユニット,共通,なし,True,2回攻撃,,0,basic_keyword_generic,0,LOW_NO_EFFECT_OR_BASIC,https://gameconductor.com/dqrivals/c/d/515
card_90549185,ラーミア,2,ユニット,共通,なし,True,召喚時:6つのオーブをデッキに混ぜ復活の準備に入る。 自分の場にオーブが全て揃った時ラーミアは復活しこの対戦に勝利する。,召喚時|復活,9,,4,MEDIUM_IMPLEMENTED_NAME_PRESENT,https://gameconductor.com/dqrivals/c/d/534
card_5bc58e98,リザードフライ,2,ユニット,共通,ドラゴン,True,召喚時:味方ユニット1体を1マス下に移動させる。,召喚時,3,,1,MEDIUM_IMPLEMENTED_NAME_PRESENT,https://gameconductor.com/dqrivals/c/d/535
card_13c2373a,ピクシー,2,ユニット,共通,なし,True,ねらい撃ち,,0,basic_keyword_generic,0,LOW_NO_EFFECT_OR_BASIC,https://gameconductor.com/dqrivals/c/d/536
card_f1cd2f74,サイおとこ,2,ユニット,共通,なし,True,におうだち,,0,basic_keyword_generic,0,LOW_NO_EFFECT_OR_BASIC,https://gameconductor.com/dqrivals/c/d/537
card_2b5c40ef,とつげきこぞう,2,ユニット,共通,なし,True,正面に敵ユニットが1体もいない場合攻撃できない。,,4,,0,MEDIUM_IMPLEMENTED_NAME_PRESENT,https://gameconductor.com/dqrivals/c/d/538
card_7898dbde,ヒッポキング,3,ユニット,共通,なし,True,貫通、敵リーダーのテンションが上がる度攻撃力+2,,2,basic_keyword_generic,0,LOW_NO_EFFECT_OR_BASIC,https://gameconductor.com/dqrivals/c/d/539
card_c9c5c6b2,サブナック,3,ユニット,共通,なし,True,召喚時：指定の敵マスに2/1のスライムベスを出す,召喚時,1,,1,MEDIUM_IMPLEMENTED_NAME_PRESENT,https://gameconductor.com/dqrivals/c/d/540
card_6289767c,ドロザラー,3,ユニット,共通,なし,True,召喚時:指定のマスの地形を破壊する,召喚時,2,,1,MEDIUM_IMPLEMENTED_NAME_PRESENT,https://gameconductor.com/dqrivals/c/d/541
card_9cf1df5d,ずしおうまる,4,ユニット,共通,なし,True,敵リーダーのテンションが上がる度敵リーダーに3ダメージ,ダメージ,1,,0,MEDIUM_IMPLEMENTED_NAME_PRESENT,https://gameconductor.com/dqrivals/c/d/542
card_cdf700cb,デスタムーア,5,ユニット,共通,魔王,True,敵リーダーを無気力状態にする,,1,,0,MEDIUM_IMPLEMENTED_NAME_PRESENT,https://gameconductor.com/dqrivals/c/d/543
card_ce996bc9,ファンキーバード,6,ユニット,共通,なし,True,おうえん、味方リーダーのテンションカードはコストが0になる。,コスト,2,,1,MEDIUM_IMPLEMENTED_NAME_PRESENT,https://gameconductor.com/dqrivals/c/d/544
card_f1e46eb7,やつざきアニマル,7,ユニット,共通,なし,True,対戦中に自分に使った特技カードの枚数分コスト-1,コスト,1,,2,MEDIUM_IMPLEMENTED_NAME_PRESENT,https://gameconductor.com/dqrivals/c/d/545
card_b99a879b,じごくのヌエ,8,ユニット,共通,なし,True,ねらい撃ち、召喚時:敵ユニット1体に自分の場にある地形の数の3倍分ダメージを与える。,召喚時|ダメージ,0,keyword,1,MEDIUM_GENERIC_ENGINE_ONLY,https://gameconductor.com/dqrivals/c/d/546
card_11d4585d,ダークドレアム,20,ユニット,共通,魔王,True,対戦中に死亡した味方ユニットの数分コスト-1 召喚時:他の全てのユニットと地形を破壊する。 自分の手札にあるユニットカードを全て捨てる。,召喚時|コスト,3,,3,MEDIUM_IMPLEMENTED_NAME_PRESENT,https://gameconductor.com/dqrivals/c/d/547
card_4a6a4ae2,スライムファング,1,ユニット,共通,スライム,True,召喚時:スライム系の味方ユニット1体の攻撃力+1,召喚時,4,,1,MEDIUM_IMPLEMENTED_NAME_PRESENT,https://gameconductor.com/dqrivals/c/d/575
card_4840a653,ドロル,2,ユニット,共通,ゾンビ,True,,,0,no_text,0,LOW_NO_EFFECT_OR_BASIC,https://gameconductor.com/dqrivals/c/d/576
card_15baa309,はなカワセミ,2,ユニット,共通,なし,True,パワフルバッジ：スライム系のユニットカードを使う度味方リーダーのHPを1回復,パワフルバッジ|回復,1,badge_engine,1,MEDIUM_IMPLEMENTED_NAME_PRESENT,https://gameconductor.com/dqrivals/c/d/577
card_69bb1ad9,マーマンダイン,2,ユニット,共通,なし,True,パワフルバッジ：ドラゴン系のユニットカードを使う度敵リーダーに1ダメージ,パワフルバッジ|ダメージ,1,badge_engine,1,MEDIUM_IMPLEMENTED_NAME_PRESENT,https://gameconductor.com/dqrivals/c/d/578
card_4caf5013,どくろ大臣,3,ユニット,共通,ゾンビ,True,死亡時:コスト2以下のランダムなゾンビ系の味方ユニット1体をこのマスに復活させる,死亡時|復活|コスト|ランダム,1,,4,MEDIUM_IMPLEMENTED_NAME_PRESENT,https://gameconductor.com/dqrivals/c/d/579
card_a9db5132,ブラックドラゴン,7,ユニット,共通,ドラゴン,True,召喚時:ランダムな敵ユニット1体に1ダメージ。このカードを除く自分の場と手札にいるドラゴン系の数の3倍分与えるダメージが増える。,召喚時|ダメージ|ランダム,3,,2,MEDIUM_IMPLEMENTED_NAME_PRESENT,https://gameconductor.com/dqrivals/c/d/580
card_098e73d1,ヘルシーサー,5,ユニット,共通,なし,True,召喚時:地形マスにいる全ての味方ユニットを+1/+1,召喚時,1,,2,MEDIUM_IMPLEMENTED_NAME_PRESENT,https://gameconductor.com/dqrivals/c/d/596
card_392faba7,シャーマン,1,ユニット,共通,なし,True,パワフルバッジ：ゾンビ系のユニットカードを使う度敵リーダーの武器の攻撃力-1,パワフルバッジ,0,badge_engine,1,MEDIUM_GENERIC_ENGINE_ONLY,https://gameconductor.com/dqrivals/c/d/597
card_38b84c22,まものつかい,2,ユニット,共通,なし,True,死亡時:自分のデッキからパワフルバッジを持つユニットを1枚引く,死亡時|パワフルバッジ,1,badge_engine,3,MEDIUM_IMPLEMENTED_NAME_PRESENT,https://gameconductor.com/dqrivals/c/d/598
card_a409c3cb,ブラッドレディ,3,ユニット,共通,なし,True,召喚時：ユニット1体に2ダメージ,召喚時|ダメージ,3,,1,MEDIUM_IMPLEMENTED_NAME_PRESENT,https://gameconductor.com/dqrivals/c/d/599
card_5541ecb4,ぶっちズキーニャ,4,ユニット,共通,なし,True,貫通、召喚時：自分の場にある地形の数分攻撃力+1,召喚時,1,keyword,1,MEDIUM_IMPLEMENTED_NAME_PRESENT,https://gameconductor.com/dqrivals/c/d/600
card_cbdf8611,マザーウッド,6,ユニット,共通,なし,True,テンションリンク：前後にいる味方ユニットに速攻を付与する。,テンションリンク,1,keyword,1,MEDIUM_IMPLEMENTED_NAME_PRESENT,https://gameconductor.com/dqrivals/c/d/601
card_d4d9415d,どくどくゾンビ,2,ユニット,共通,ゾンビ,True,召喚時：ゾンビ系の味方ユニット1体を+1/+1,召喚時,2,,1,MEDIUM_IMPLEMENTED_NAME_PRESENT,https://gameconductor.com/dqrivals/c/d/602
card_67b8a29e,もりもりスライム,3,ユニット,共通,スライム,True,召喚時：1/1のスライムを1体出す。,召喚時,1,,1,MEDIUM_IMPLEMENTED_NAME_PRESENT,https://gameconductor.com/dqrivals/c/d/603
card_90ca23a3,コドラ,4,ユニット,共通,ドラゴン,True,召喚時：このターン中次に使うドラゴン系のユニットカードのコスト-2,召喚時|コスト,3,,3,MEDIUM_IMPLEMENTED_NAME_PRESENT,https://gameconductor.com/dqrivals/c/d/604
card_33240730,カーディナルナイト,4,ユニット,共通,なし,True,召喚時：敵リーダーが持つパワフルバッジの効果をランダムで１つ消す,召喚時|パワフルバッジ|ランダム,2,badge_engine,3,MEDIUM_IMPLEMENTED_NAME_PRESENT,https://gameconductor.com/dqrivals/c/d/605
card_7606cee8,ホミロン軍曹,2,ユニット,共通,スライム,True,召喚時：合計2ダメージを正面のランダムな敵マスに割り振る。このユニットを除くスライム系のみかたユニットの数分ダメージ+1,召喚時|ダメージ|ランダム,1,,2,MEDIUM_IMPLEMENTED_NAME_PRESENT,https://gameconductor.com/dqrivals/c/d/606
card_9165abcd,オルゴ・デミーラ,4,ユニット,共通,魔王,True,死亡時：オルゴ・デミーラは第2形態に変身して自分の手札に加わる,死亡時|変身,10,,2,MEDIUM_IMPLEMENTED_NAME_PRESENT,https://gameconductor.com/dqrivals/c/d/633
card_b5f6e747,ミノーン,1,ユニット,共通,なし,True,攻撃時：前後にいる味方ユニットのHP+1,攻撃時,1,,1,MEDIUM_IMPLEMENTED_NAME_PRESENT,https://gameconductor.com/dqrivals/c/d/635
card_e58db4b2,マヒャドフライ,2,ユニット,共通,なし,True,敵リーダーにダメージを与えた時相手の手札にうまのふんを加える。,ダメージ,2,,0,MEDIUM_IMPLEMENTED_NAME_PRESENT,https://gameconductor.com/dqrivals/c/d/637
card_c87fefb3,エビルマスター,3,ユニット,共通,なし,True,召喚時：自分のデッキからスライム系、ドラゴン系、ゾンビ系のいずれか1枚を引く,召喚時,1,,2,MEDIUM_IMPLEMENTED_NAME_PRESENT,https://gameconductor.com/dqrivals/c/d/638
card_445c76b4,パペットマン,3,ユニット,共通,なし,True,召喚時：最大MPが1減る,召喚時,1,,1,MEDIUM_IMPLEMENTED_NAME_PRESENT,https://gameconductor.com/dqrivals/c/d/639
card_7008ea88,ベビーゴイル,4,ユニット,共通,なし,True,召喚時：お互いのデッキにランダムな2コストの特技カードを3枚加える,召喚時|コスト|ランダム,1,,5,MEDIUM_COMPLEX_IMPLEMENTED_RECHECK,https://gameconductor.com/dqrivals/c/d/640
card_e3f708b3,スライムダーク,5,ユニット,共通,スライム,True,,,0,no_text,0,LOW_NO_EFFECT_OR_BASIC,https://gameconductor.com/dqrivals/c/d/641
card_90ea612c,ジャックポッター,7,ユニット,共通,なし,True,召喚時：両プレイヤーはカードを1枚引く。スキルブースト：+1枚,召喚時|カードを1枚引く,2,,1,MEDIUM_IMPLEMENTED_NAME_PRESENT,https://gameconductor.com/dqrivals/c/d/642
card_3c6824ea,レジェンドウルフ,9,ユニット,共通,ドラゴン,True,効果なし,,1,,0,MEDIUM_IMPLEMENTED_NAME_PRESENT,https://gameconductor.com/dqrivals/c/d/643
card_744477b6,ハッスルじじい,4,ユニット,共通,なし,True,パワフルバッジ：冒険者の味方ユニットを+1/+1,パワフルバッジ,1,badge_engine,1,MEDIUM_IMPLEMENTED_NAME_PRESENT,https://gameconductor.com/dqrivals/c/d/644
card_1b19a9ac,妖魔軍王ブギー,3,ユニット,共通,なし,True,召喚時：敵の冒険者1体をこのユニットが場にいる間+2/+2して味方にする,召喚時|場にいる間|このユニットが,9,,1,MEDIUM_IMPLEMENTED_NAME_PRESENT,https://gameconductor.com/dqrivals/c/d/645
card_551e596f,エステラ,4,ユニット,共通,冒険者,True,対戦中に死亡したドラゴン系の味方ユニットの数だけ攻撃力が上がる。 自分のターン開始時攻撃力が5以上なら竜化の術を使用する。,自分のターン開始時,6,,0,MEDIUM_IMPLEMENTED_NAME_PRESENT,https://gameconductor.com/dqrivals/c/d/646
card_576028ad,屍騎軍王ゾルデ,6,ユニット,共通,ゾンビ,True,自分のターン終了時、このユニットの前後に2/2の屍騎_x0008_軍王ゾルデ・影を出す。,自分のターン終了時,5,,0,MEDIUM_IMPLEMENTED_NAME_PRESENT,https://gameconductor.com/dqrivals/c/d/647
token_hyokai,氷塊,0,建物,共通,,False,氷塊,,36,,0,MEDIUM_IMPLEMENTED_NAME_PRESENT,https://gameconductor.com/dqrivals/c/d/676
card_022dd77d,犬,1,ユニット,共通,なし,False,,,2,no_text,0,LOW_NO_EFFECT_OR_BASIC,https://gameconductor.com/dqrivals/c/d/677
card_a8f40292,うまのふん,1,特技,共通,,False,なにもおこらない,,4,,0,MEDIUM_IMPLEMENTED_NAME_PRESENT,https://gameconductor.com/dqrivals/c/d/678
card_e992bbd7,エッチな本,1,特技,共通,,False,ランダムな敵3体を次のターン終了時まで攻撃不能にする,ランダム,2,,1,MEDIUM_IMPLEMENTED_NAME_PRESENT,https://gameconductor.com/dqrivals/c/d/679
card_4f6e6bb5,屍騎軍王ゾルデ・影,3,ユニット,共通,ゾンビ,False,このユニットを除くゾンビ系の味方ユニットの攻撃力+1,,3,,0,MEDIUM_IMPLEMENTED_NAME_PRESENT,https://gameconductor.com/dqrivals/c/d/680
card_58e57516,オルゴ・デミーラ：第2形態,5,ユニット,共通,魔王,False,2回攻撃　死亡時：オルゴ・デミーラは第3形態に変身して自分の手札に加わる,死亡時|変身,1,,2,MEDIUM_IMPLEMENTED_NAME_PRESENT,https://gameconductor.com/dqrivals/c/d/681
card_a707a36b,オルゴ・デミーラ：第3形態,6,ユニット,共通,魔王,False,召喚時：このユニットを除く全てのユニットに2ダメージ。 死亡時：オルゴ・デミーラは第4形態に変身した自分の手札に加わる,召喚時|死亡時|変身|ダメージ,3,,4,MEDIUM_IMPLEMENTED_NAME_PRESENT,https://gameconductor.com/dqrivals/c/d/682
token_orgodemira_4,オルゴ・デミーラ第4形態,7,ユニット,共通,魔王,False,におうだち、攻撃対象の上下にいるユニットにもダメージを与える,ダメージ,4,basic_keyword_generic,0,LOW_NO_EFFECT_OR_BASIC,https://gameconductor.com/dqrivals/c/d/683
card_b9db6020,エステラ・竜化の術,9,ユニット,共通,ドラゴン,False,超貫通、速攻、におうだち：対戦中に死亡したドラゴン系の味方ユニットの数だけ攻撃力が上がる。,,4,basic_keyword_generic,0,LOW_NO_EFFECT_OR_BASIC,https://gameconductor.com/dqrivals/c/d/684
card_54261440,シルバーオーブ,3,ユニット,共通,なし,False,オーブ以外の味方1マスの地形をオーブに変える。カードを1枚引く。このカードはコピーすることができない。,カードを1枚引く,2,,0,MEDIUM_IMPLEMENTED_NAME_PRESENT,https://gameconductor.com/dqrivals/c/d/700
card_2fcee116,レッドオーブ,3,ユニット,共通,なし,False,オーブ以外の味方1マスの地形をオーブに変える。カードを1枚引く。このカードはコピーすることができない。,カードを1枚引く,2,,0,MEDIUM_IMPLEMENTED_NAME_PRESENT,https://gameconductor.com/dqrivals/c/d/701
card_312ad25f,イエローオーブ,3,ユニット,共通,なし,False,オーブ以外の味方1マスの地形をオーブに変える。カードを1枚引く。このカードはコピーすることができない。,カードを1枚引く,2,,0,MEDIUM_IMPLEMENTED_NAME_PRESENT,https://gameconductor.com/dqrivals/c/d/702
card_e523e883,パープルオーブ,3,ユニット,共通,なし,False,オーブ以外の味方1マスの地形をオーブに変える。カードを1枚引く。このカードはコピーすることができない。,カードを1枚引く,2,,0,MEDIUM_IMPLEMENTED_NAME_PRESENT,https://gameconductor.com/dqrivals/c/d/703
card_d403b1ec,ブルーオーブ,3,ユニット,共通,なし,False,オーブ以外の味方1マスの地形をオーブに変える。カードを1枚引く。このカードはコピーすることができない。,カードを1枚引く,2,,0,MEDIUM_IMPLEMENTED_NAME_PRESENT,https://gameconductor.com/dqrivals/c/d/704
card_133775ea,グリーンオーブ,3,ユニット,共通,なし,False,オーブ以外の味方1マスの地形をオーブに変える。カードを1枚引く。このカードはコピーすることができない。,カードを1枚引く,2,,0,MEDIUM_IMPLEMENTED_NAME_PRESENT,https://gameconductor.com/dqrivals/c/d/705
card_2f514990,ルドマンからの贈り物,1,ユニット,共通,なし,False,ユニット1体にHP+2と「特技ダメージを受けない」を付与する。カードを1枚引く。,カードを1枚引く|ダメージ,1,,1,MEDIUM_IMPLEMENTED_NAME_PRESENT,https://gameconductor.com/dqrivals/c/d/708
card_63ede83e,ネルゲルの配下,3,ユニット,共通,なし,False,におうだち,,0,basic_keyword_generic,0,LOW_NO_EFFECT_OR_BASIC,https://gameconductor.com/dqrivals/c/d/709
card_bfee27e7,シードッグ,5,ユニット,共通,なし,False,,,1,no_text,0,LOW_NO_EFFECT_OR_BASIC,https://gameconductor.com/dqrivals/c/d/710
card_b0b64660,バベルボブル,7,ユニット,共通,なし,False,速攻、2回攻撃,,0,basic_keyword_generic,0,LOW_NO_EFFECT_OR_BASIC,https://gameconductor.com/dqrivals/c/d/712
card_4c84797f,テンタコルス,1,ユニット,共通,なし,True,自分のターン終了時全ての味方のHPを1回復,自分のターン終了時|回復,2,,1,MEDIUM_IMPLEMENTED_NAME_PRESENT,https://gameconductor.com/dqrivals/c/d/720
card_040cf04f,王女の愛,1,特技,共通,,False,味方リーダーのテンション+3,,14,,0,MEDIUM_IMPLEMENTED_NAME_PRESENT,https://gameconductor.com/dqrivals/c/d/721
card_8776f6c2,潮風のディーバ,2,ユニット,共通,なし,True,他の全ての味方ユニットの攻撃力+1,,1,,1,MEDIUM_IMPLEMENTED_NAME_PRESENT,https://gameconductor.com/dqrivals/c/d/722
card_5a4a847b,アビスソルジャー,3,ユニット,共通,なし,True,,,1,no_text,0,LOW_NO_EFFECT_OR_BASIC,https://gameconductor.com/dqrivals/c/d/723
card_d4c05a16,オオカミ,3,ユニット,共通,なし,True,速攻,,1,basic_keyword_generic,0,LOW_NO_EFFECT_OR_BASIC,https://gameconductor.com/dqrivals/c/d/724
card_a18379ec,光の玉,4,トークン,共通,,False,闇の衣を持つ全ての敵を封印する,封印,3,,2,MEDIUM_IMPLEMENTED_NAME_PRESENT,https://gameconductor.com/dqrivals/c/d/726
card_c0493533,竜王,9,ユニット,共通,ドラゴン,True,超貫通,,2,basic_keyword_generic,0,LOW_NO_EFFECT_OR_BASIC,https://gameconductor.com/dqrivals/c/d/727
card_836a79fd,シーゴーレム,3,ユニット,共通,なし,True,召喚時：味方ヒーローがいる場合HP+2とにおうだちを得る,召喚時,3,keyword,1,MEDIUM_IMPLEMENTED_NAME_PRESENT,https://gameconductor.com/dqrivals/c/d/740
card_1e4de00f,ロトの血を引く者,1,ヒーロー,共通,,True,ロトの血を引く者のヒーロースキルを使えるようになる。 このカードは最初の手札に必ず来る。,,1,,0,MEDIUM_IMPLEMENTED_NAME_PRESENT,https://gameconductor.com/dqrivals/c/d/743
card_e7be76a8,ダークスライム,1,ユニット,共通,スライム,True,このユニットの攻撃で敵ユニットを倒す度カードを1枚引く,カードを1枚引く,2,,0,MEDIUM_IMPLEMENTED_NAME_PRESENT,https://gameconductor.com/dqrivals/c/d/744
card_97cabf2e,リカント,1,ユニット,共通,なし,True,戦闘以外のダメージで敵ユニットが死亡する度攻撃力+1,ダメージ,9,,0,MEDIUM_IMPLEMENTED_NAME_PRESENT,https://gameconductor.com/dqrivals/c/d/745
card_dd8ac3ff,ドラゴンロード,6,ユニット,共通,ドラゴン,True,場に出ている間、このユニットを除くドラゴン系の味方ユニット全てを+1/+1。場に出ている間、自分の手札にあるドラゴン系ユニットカードの使用コスト-1。,コスト,6,,2,MEDIUM_IMPLEMENTED_NAME_PRESENT,https://gameconductor.com/dqrivals/c/d/753
card_dd122306,ドッグスナイパー,3,ユニット,共通,なし,True,ねらい撃ち、戦闘以外のダメージで敵ユニットが死亡する度攻撃力+1,ダメージ,2,basic_keyword_generic,0,LOW_NO_EFFECT_OR_BASIC,https://gameconductor.com/dqrivals/c/d/754
card_0b67b299,タップペンギー,3,ユニット,共通,なし,True,,,1,no_text,0,LOW_NO_EFFECT_OR_BASIC,https://gameconductor.com/dqrivals/c/d/755
card_72095d77,オコボルト,2,ユニット,共通,なし,True,におうだち、召喚時：敵リーダーがパワフルバッジを持つ場合+2/+2,召喚時|パワフルバッジ,4,badge_engine+keyword,2,MEDIUM_IMPLEMENTED_NAME_PRESENT,https://gameconductor.com/dqrivals/c/d/761
card_76952315,ホーンビートル,5,ユニット,共通,なし,True,ねらい撃ち,,0,basic_keyword_generic,0,LOW_NO_EFFECT_OR_BASIC,https://gameconductor.com/dqrivals/c/d/762
card_9de9cca3,竜王一閃,1,トークン,共通,,False,必殺技、敵ユニット1体に7ダメージを与える,ダメージ,1,,0,MEDIUM_IMPLEMENTED_NAME_PRESENT,https://gameconductor.com/dqrivals/c/d/774
card_4ff31960,たたかう,1,トークン,共通,,False,敵ユニット1体に1ダメージを与える,ダメージ,1,,0,MEDIUM_IMPLEMENTED_NAME_PRESENT,https://gameconductor.com/dqrivals/c/d/775
card_5ba21d92,王女救出,2,トークン,共通,,False,敵ユニット1体に2ダメージを与える。 レベル3にレベルアップした時王女の愛を手札に加える,手札に加える|ダメージ,1,,0,MEDIUM_IMPLEMENTED_NAME_PRESENT,https://gameconductor.com/dqrivals/c/d/776
card_3a9fa2ac,覇海軍王ジャコラ,6,ユニット,共通,なし,True,におうだち、召喚時：このターン中すべてのユニットが受ける戦闘ダメージが2倍になる,召喚時|ダメージ,4,keyword,2,MEDIUM_IMPLEMENTED_NAME_PRESENT,https://gameconductor.com/dqrivals/c/d/784
card_4d7940de,ピッキー,1,ユニット,共通,なし,True,いずれかのプレイヤーのヒーロースキルが発動する度両プレイヤーはカードを1枚引く,カードを1枚引く,4,,0,MEDIUM_IMPLEMENTED_NAME_PRESENT,https://gameconductor.com/dqrivals/c/d/785
card_82e59f32,勇者エイト,1,ヒーロー,共通,,True,勇者エイトのヒーロースキルが使えるようになる。このカードは最初の手札に必ず来る。,,5,,0,MEDIUM_IMPLEMENTED_NAME_PRESENT,https://gameconductor.com/dqrivals/c/d/786
card_3c795f19,モコモコじゅう,2,ユニット,共通,なし,True,速攻,,0,basic_keyword_generic,0,LOW_NO_EFFECT_OR_BASIC,https://gameconductor.com/dqrivals/c/d/787
card_846f218a,おおめだま,2,ユニット,共通,なし,True,召喚時:全てのユニットのステルスを解除する。解除した数分+1/+2を得る。,召喚時,2,keyword,2,MEDIUM_IMPLEMENTED_NAME_PRESENT,https://gameconductor.com/dqrivals/c/d/788
card_abaa260f,ライノソルジャー,3,ユニット,共通,なし,True,スキルブースト：HP+1,,1,,0,MEDIUM_IMPLEMENTED_NAME_PRESENT,https://gameconductor.com/dqrivals/c/d/789
card_a1122eca,デザートゴースト,4,ユニット,共通,なし,True,におうだち、前列にいる場合自分がデッキからカードを手札に加える度+1/+1を得る。,前列にいる場合|手札に加える,3,keyword,1,MEDIUM_IMPLEMENTED_NAME_PRESENT,https://gameconductor.com/dqrivals/c/d/790
card_e3e69707,まほうじじい,4,ユニット,共通,なし,True,味方ヒーローのヒーロースキルはコストが1下がる,コスト,1,,1,MEDIUM_IMPLEMENTED_NAME_PRESENT,https://gameconductor.com/dqrivals/c/d/791
card_dba6b3b2,デスターキー,5,ユニット,共通,なし,True,,,0,no_text,0,LOW_NO_EFFECT_OR_BASIC,https://gameconductor.com/dqrivals/c/d/792
card_5c527699,オーガキング,8,ユニット,共通,なし,True,におうだち,,0,basic_keyword_generic,0,LOW_NO_EFFECT_OR_BASIC,https://gameconductor.com/dqrivals/c/d/793
card_f9f18c64,小さな相棒,0,ヒーロー,共通,,False,味方リーダーがテンションスキルを使う度カードを1枚引く この効果は条件を満たすと自動的に発動する,カードを1枚引く,3,,0,MEDIUM_IMPLEMENTED_NAME_PRESENT,https://gameconductor.com/dqrivals/c/d/815
card_2e2c9193,挑戦!バトルロード,0,ヒーロー,共通,,False,スキルブーストを持つカードを使用した後テンション+1 この効果は条件を満たすと自動的に発動する,,1,,0,MEDIUM_IMPLEMENTED_NAME_PRESENT,https://gameconductor.com/dqrivals/c/d/816
card_0d5bde5a,姫君との結婚,11,トークン,共通,,False,この対戦の間自分のターン開始時テンション+3、さらにカードを1枚引く、スキルブースト:コスト-1,自分のターン開始時|カードを1枚引く|コスト,5,,1,MEDIUM_IMPLEMENTED_NAME_PRESENT,https://gameconductor.com/dqrivals/c/d/817
card_171a4bec,ミルドラース,5,ユニット,共通,魔王,True,自分のターン開始時自分のデッキからコスト5以下のランダムなユニット1体を場に出す,自分のターン開始時|場に出す|コスト|ランダム,1,,4,MEDIUM_IMPLEMENTED_NAME_PRESENT,https://gameconductor.com/dqrivals/c/d/823
card_756c592e,デスニャーゴ,4,ユニット,共通,なし,True,死亡時:1/1のプリズニャンを1体出す。スキルブースト:+1体,死亡時,1,,1,MEDIUM_IMPLEMENTED_NAME_PRESENT,https://gameconductor.com/dqrivals/c/d/824
card_44da6dbe,メガボーグ,6,ユニット,共通,なし,True,召喚時：全ての味方ユニットを行動済みにする。攻撃可能な味方ユニットの数分このユニットのコスト-1,召喚時|コスト,1,,3,MEDIUM_IMPLEMENTED_NAME_PRESENT,https://gameconductor.com/dqrivals/c/d/825
card_660bed56,せみもぐら,0,ユニット,共通,なし,True,におうだち,,0,basic_keyword_generic,0,LOW_NO_EFFECT_OR_BASIC,https://gameconductor.com/dqrivals/c/d/826
card_b0cb8fe8,勇者ソロ,1,ヒーロー,共通,,True,勇者ソロのヒーロースキルが使えるようになる。このカードは最初の手札に必ず来る,,1,,0,MEDIUM_IMPLEMENTED_NAME_PRESENT,https://gameconductor.com/dqrivals/c/d/831
card_f252b1ba,スカルガルー,2,ユニット,共通,なし,True,前列にいる場合自分がデッキからカードを手札に加える度攻撃力+1,前列にいる場合|手札に加える,2,,1,MEDIUM_IMPLEMENTED_NAME_PRESENT,https://gameconductor.com/dqrivals/c/d/832
card_23ad09be,マタンゴ,2,ユニット,共通,なし,True,召喚時：敵リーダーが装備中のコスト4以下の武器を破壊する。,召喚時|コスト,3,,2,MEDIUM_IMPLEMENTED_NAME_PRESENT,https://gameconductor.com/dqrivals/c/d/833
card_1158ea6f,ホワイトビート,2,ユニット,共通,なし,True,ヒーロースキルを1ターンに2回まで発動できるようになる,,12,,0,MEDIUM_IMPLEMENTED_NAME_PRESENT,https://gameconductor.com/dqrivals/c/d/834
card_3c97debd,シャドウベビー,3,ユニット,共通,なし,True,ステルス、貫通,,0,basic_keyword_generic,0,LOW_NO_EFFECT_OR_BASIC,https://gameconductor.com/dqrivals/c/d/835
card_c618cad7,ほねコウモリ,3,ユニット,共通,ゾンビ,True,召喚時：このユニットに3ダメージを与える,召喚時|ダメージ,1,,1,MEDIUM_IMPLEMENTED_NAME_PRESENT,https://gameconductor.com/dqrivals/c/d/836
card_94b44545,あんこくまどう,5,ユニット,共通,なし,True,におうだち、召喚時：敵リーダーが持つパワフルバッジの効果をランダムで２つ消す。その場合+1/+1を得る。,召喚時|パワフルバッジ|ランダム,2,badge_engine+keyword,3,MEDIUM_IMPLEMENTED_NAME_PRESENT,https://gameconductor.com/dqrivals/c/d/837
card_c087818a,なかまとの出会い,1,トークン,共通,,False,自分のデッキから冒険者カードを1枚加える,,1,,1,MEDIUM_IMPLEMENTED_NAME_PRESENT,https://gameconductor.com/dqrivals/c/d/854
card_80d81e5c,天空への挑戦,2,トークン,共通,,False,自分のデッキから特技カードまたは武器カードを1枚引く,カードを1枚引く,1,,2,MEDIUM_IMPLEMENTED_NAME_PRESENT,https://gameconductor.com/dqrivals/c/d/855
card_fb82c9ff,導かれし者たち,9,トークン,共通,,False,自分の手札にある全ての冒険者カードのコストを0にする,コスト,1,,2,MEDIUM_IMPLEMENTED_NAME_PRESENT,https://gameconductor.com/dqrivals/c/d/856
card_d5eb68dc,ドラゴスライム,2,ユニット,共通,スライム,True,召喚時：味方ユニット１体を絶好調状態に戻す,召喚時,2,,1,MEDIUM_IMPLEMENTED_NAME_PRESENT,https://gameconductor.com/dqrivals/c/d/857
card_3697e999,ブチュチュンパ,2,ユニット,共通,なし,True,召喚時：全ての敵ユニットは絶好調状態ではなくなる。,召喚時,2,,2,MEDIUM_IMPLEMENTED_NAME_PRESENT,https://gameconductor.com/dqrivals/c/d/858
card_df9d5093,プレミアムスライム,4,ユニット,共通,スライム,True,自分のターン終了時味方リーダーのテンション+1,自分のターン終了時,1,,0,MEDIUM_IMPLEMENTED_NAME_PRESENT,https://gameconductor.com/dqrivals/c/d/859
card_d05b74e8,エビルアップル,2,ユニット,共通,なし,True,味方のヒーロースキルが発動したターン中手札にあるこのユニットのコスト-2,コスト,2,,1,MEDIUM_IMPLEMENTED_NAME_PRESENT,https://gameconductor.com/dqrivals/c/d/860
card_d1581a32,はしりとかげ,3,ユニット,共通,ドラゴン,True,いずれかのプレイヤーのヒーロースキルが発動した後味方リーダーを3回復,回復,3,,0,MEDIUM_IMPLEMENTED_NAME_PRESENT,https://gameconductor.com/dqrivals/c/d/861
card_d596eec2,スモールグール,3,ユニット,共通,なし,True,絶好調、自分のターン終了時このユニットが絶好調状態なら前後にスモールグールを出す。 その後絶好調状態ではなくなる。,自分のターン終了時|このユニットが,3,basic_keyword_generic,0,LOW_NO_EFFECT_OR_BASIC,https://gameconductor.com/dqrivals/c/d/862
card_71ffdefc,フラワーゾンビ,1,ユニット,共通,ゾンビ,True,召喚時：自分のデッキから2コスト以下の武器カードを1枚引く,召喚時|カードを1枚引く|コスト,2,,3,MEDIUM_IMPLEMENTED_NAME_PRESENT,https://gameconductor.com/dqrivals/c/d/863
card_aef91017,ムーンフェイス,4,ユニット,共通,なし,True,召喚時：敵ヒーローのレベルを1下げる,召喚時,1,,1,MEDIUM_IMPLEMENTED_NAME_PRESENT,https://gameconductor.com/dqrivals/c/d/864
card_194a2d14,ドラゴンヘビー,5,ユニット,共通,ドラゴン,True,におうだち、このユニットは移動せず手札に戻らない,,3,basic_keyword_generic,0,LOW_NO_EFFECT_OR_BASIC,https://gameconductor.com/dqrivals/c/d/893
card_c97c7b46,ワルぼう,1,ユニット,共通,なし,True,お互いのターン終了時両プレイヤーはデッキの一番上のカードを1枚捨てる,,2,,1,MEDIUM_IMPLEMENTED_NAME_PRESENT,https://gameconductor.com/dqrivals/c/d/898
card_10321754,レックス,0,ヒーロー,共通,,True,レックスのヒーロースキルが使えるようになる。このカードは最初の手札に必ず来る。,,3,,0,MEDIUM_IMPLEMENTED_NAME_PRESENT,https://gameconductor.com/dqrivals/c/d/904
card_851ec231,タバサ,1,ヒーロー,共通,,True,タバサのヒーロースキルが使えるようになる。このカードは最初の手札に必ず来る。,,5,,0,MEDIUM_IMPLEMENTED_NAME_PRESENT,https://gameconductor.com/dqrivals/c/d/905
card_90bace01,やさしき祈り,0,トークン,共通,,False,自分がコスト2以上の特技カードを使う度MPを1回復 この効果は条件を満たすと自動的に発動する。,回復|コスト,1,,2,MEDIUM_IMPLEMENTED_NAME_PRESENT,https://gameconductor.com/dqrivals/c/d/906
card_32047aee,魔力共鳴,0,トークン,共通,,False,自分がコスト2以上の特技カードを使う度カードを1枚引く。この効果は条件を満たすと自動的に発動する。,カードを1枚引く|コスト,1,,2,MEDIUM_IMPLEMENTED_NAME_PRESENT,https://gameconductor.com/dqrivals/c/d/907
card_4e6fd6c2,天空の英知,3,トークン,共通,,False,この対戦中に自分が使用したコスト2以上の特技カードからランダムに1枚をコスト-1して手札に加える。使用済みプールからは取り除かれない。,手札に加える|コスト|ランダム,4,,4,MEDIUM_IMPLEMENTED_NAME_PRESENT,https://gameconductor.com/dqrivals/c/d/908
card_a46f42bf,ついげき,0,トークン,共通,,False,味方リーダーが攻撃する度敵リーダーに2ダメージ。この効果は条件を満たすと自動的に発動する。,ダメージ,1,,0,MEDIUM_IMPLEMENTED_NAME_PRESENT,https://gameconductor.com/dqrivals/c/d/909
card_6149abb9,勇敢な魂,0,トークン,共通,,False,味方リーダーが攻撃する度テンション+1。この効果は条件を満たすと自動的に発動する。,,1,,0,MEDIUM_IMPLEMENTED_NAME_PRESENT,https://gameconductor.com/dqrivals/c/d/910
card_66ffa151,勇者の雷,3,トークン,共通,,False,ランダムな敵1体に2ダメージ。このターン中味方リーダーが攻撃していた場合代わりに4ダメージ,ダメージ|ランダム,1,,2,MEDIUM_IMPLEMENTED_NAME_PRESENT,https://gameconductor.com/dqrivals/c/d/911
card_cb17a7ac,プチヒーロー,2,ユニット,共通,なし,True,シンクロ:①HP+1、②攻撃力+1、③HP+1,,1,,0,MEDIUM_IMPLEMENTED_NAME_PRESENT,https://gameconductor.com/dqrivals/c/d/912
card_9d277745,がいこつへい,1,ユニット,共通,ゾンビ,True,貫通,,2,basic_keyword_generic,0,LOW_NO_EFFECT_OR_BASIC,https://gameconductor.com/dqrivals/c/d/913
card_4b22703f,デッドペッカー,2,ユニット,共通,なし,True,絶好調、速攻、このユニットが絶好調状態なら攻撃力+1を得る,このユニットが,2,basic_keyword_generic,0,LOW_NO_EFFECT_OR_BASIC,https://gameconductor.com/dqrivals/c/d/914
card_f5c2f9e5,ポイズンリザード,2,ユニット,共通,なし,True,絶好調、このユニットが絶好調状態ならダメージを与えたユニットを毒にする,このユニットが|毒|ダメージ,2,,0,MEDIUM_IMPLEMENTED_NAME_PRESENT,https://gameconductor.com/dqrivals/c/d/915
card_51e49e10,プチファイター,1,ユニット,共通,なし,True,シンクロ：①攻撃力+1、②HP+1、③速攻,,1,keyword,0,MEDIUM_IMPLEMENTED_NAME_PRESENT,https://gameconductor.com/dqrivals/c/d/916
card_5871f2be,スケアフレイル,3,ユニット,共通,ゾンビ,True,におうだち,,3,basic_keyword_generic,0,LOW_NO_EFFECT_OR_BASIC,https://gameconductor.com/dqrivals/c/d/917
card_078c4d8f,デスセイレス,4,ユニット,共通,なし,True,召喚時：全ての味方ユニットを絶好調状態に戻す,召喚時,1,,2,MEDIUM_IMPLEMENTED_NAME_PRESENT,https://gameconductor.com/dqrivals/c/d/918
card_8578242d,ファントムシャドウ,7,ユニット,共通,ゾンビ,True,におうだち、死亡時：におうだち2/4スケアフレイルをこのマスに出す,死亡時,1,keyword,1,MEDIUM_IMPLEMENTED_NAME_PRESENT,https://gameconductor.com/dqrivals/c/d/919
card_503c148f,メドーサボール,2,ユニット,共通,なし,True,味方ヒーローのヒーロースキルが発動した後自分のデッキからシンクロを持つカードを1枚引く,カードを1枚引く,6,,1,MEDIUM_IMPLEMENTED_NAME_PRESENT,https://gameconductor.com/dqrivals/c/d/920
card_a6daa25f,ラプソーン,3,ユニット,共通,魔王,True,死亡時：ランダムな敵ユニット1体に「死亡時：相手の場にラプソーン1体を出す」を付与する,死亡時|ランダム,14,,2,MEDIUM_IMPLEMENTED_NAME_PRESENT,https://gameconductor.com/dqrivals/c/d/937
card_94fdbc76,とげぼうず,1,ユニット,共通,なし,True,絶好調、このユニットが絶好調状態なら攻撃力+2を得る,このユニットが,2,basic_keyword_generic,0,LOW_NO_EFFECT_OR_BASIC,https://gameconductor.com/dqrivals/c/d/939
card_0ecc8073,ごうけつぐま,3,ユニット,共通,なし,True,絶好調、このユニットが絶好調状態なら攻撃力+2と「敵リーダーを攻撃できない」を得る,このユニットが,1,basic_keyword_generic,0,LOW_NO_EFFECT_OR_BASIC,https://gameconductor.com/dqrivals/c/d/940
card_f349b0e0,ヘルパイレーツ,4,ユニット,共通,なし,True,召喚時：自分のデッキと手札にある絶好調を持つカードのコスト-1,召喚時|コスト,1,,3,MEDIUM_IMPLEMENTED_NAME_PRESENT,https://gameconductor.com/dqrivals/c/d/941
card_f767ae31,エメラルドーン,7,ユニット,共通,なし,True,シンクロ：①ねらい撃ち、②におうだち、③+2/+2,,1,keyword,0,MEDIUM_IMPLEMENTED_NAME_PRESENT,https://gameconductor.com/dqrivals/c/d/942
card_24f84902,ゆうれい,5,ユニット,共通,ゾンビ,True,シンクロ:①貫通、②2回攻撃、③ステルス,,3,keyword,0,MEDIUM_IMPLEMENTED_NAME_PRESENT,https://gameconductor.com/dqrivals/c/d/943
card_d7ef98e4,まおうのかげ,7,ユニット,共通,なし,True,ステルス、絶好調、このユニットが絶好調状態なら攻撃力+3を得る,このユニットが,0,basic_keyword_generic,0,LOW_NO_EFFECT_OR_BASIC,https://gameconductor.com/dqrivals/c/d/944
card_445931e1,ネクロマンサー,4,ユニット,共通,ゾンビ,True,全てのリーダーとユニットはHPを回復せずダメージを軽減しない,ダメージ|回復,4,,1,MEDIUM_IMPLEMENTED_NAME_PRESENT,https://gameconductor.com/dqrivals/c/d/945
card_c4b0f476,スカイドラゴン,5,ユニット,共通,ドラゴン,True,絶好調、絶好調状態な味方ユニットが攻撃する度味方リーダーのテンション+1,,2,basic_keyword_generic,0,LOW_NO_EFFECT_OR_BASIC,https://gameconductor.com/dqrivals/c/d/946
card_12382095,ザンクローネ,5,ユニット,共通,冒険者,True,この対戦中に死亡した敵ユニットの数分攻撃力+1,,1,,1,MEDIUM_IMPLEMENTED_NAME_PRESENT,https://gameconductor.com/dqrivals/c/d/947
card_47d9aa29,イノブタマン,2,ユニット,共通,なし,True,召喚時：このターン中味方ユニット1体に攻撃力+3と「敵リーダーを攻撃できない」を付与する,召喚時,2,,2,MEDIUM_IMPLEMENTED_NAME_PRESENT,https://gameconductor.com/dqrivals/c/d/973
card_f6155389,マージスター,3,ユニット,共通,なし,True,召喚時：全ての味方のHPを2回復,召喚時|回復,1,,2,MEDIUM_IMPLEMENTED_NAME_PRESENT,https://gameconductor.com/dqrivals/c/d/974
card_5be4320b,ビッグハット,1,ユニット,共通,なし,True,,,0,no_text,0,LOW_NO_EFFECT_OR_BASIC,https://gameconductor.com/dqrivals/c/d/975
card_011a7b81,マドルーパー,2,ユニット,共通,なし,True,このユニットは戦闘ダメージのみ受ける,ダメージ,4,,0,MEDIUM_IMPLEMENTED_NAME_PRESENT,https://gameconductor.com/dqrivals/c/d/976
card_628bbb48,ちんもくのひつじ,3,ユニット,共通,なし,True,召喚時：正面にいるランダムな敵ユニット1体を封印する。,召喚時|封印|ランダム,1,,3,MEDIUM_IMPLEMENTED_NAME_PRESENT,https://gameconductor.com/dqrivals/c/d/977
card_b0bcc369,プテラノドン,2,ユニット,共通,なし,True,死亡時：自分のデッキからコストが4以下の冒険者カードをランダムに1枚手札に加える,死亡時|手札に加える|コスト|ランダム,1,,4,MEDIUM_IMPLEMENTED_NAME_PRESENT,https://gameconductor.com/dqrivals/c/d/978
card_36b9696d,勇者姫アンルシア,1,ヒーロー,共通,,True,勇者姫アンルシアのヒーロースキルが使えるようになる。このカードは最初の手札に必ず来る,,6,,0,MEDIUM_IMPLEMENTED_NAME_PRESENT,https://gameconductor.com/dqrivals/c/d/979
card_846d91e8,眠れる勇者,0,トークン,共通,,False,自分のターン中味方の冒険者が場に出た後カードを1枚引く。 この効果は条件を満たすと自動的に発動する。,カードを1枚引く,1,,0,MEDIUM_IMPLEMENTED_NAME_PRESENT,https://gameconductor.com/dqrivals/c/d/980
card_d4598f73,破邪の秘技・勇者の眼,1,トークン,共通,,False,自分のデッキの上からカードを3枚見る。1枚を手札に加え、残りをデッキの下に戻す。 ヒーロースキルがランダムな別の破邪の秘技になる。,ランダム,8,,2,MEDIUM_IMPLEMENTED_NAME_PRESENT,https://gameconductor.com/dqrivals/c/d/981
card_5357b154,破邪の秘技・勇者の心,1,トークン,共通,,False,味方リーダーのテンション+3。 ヒーロースキルがランダムな別の破邪の秘技になる。,ランダム,4,,1,MEDIUM_IMPLEMENTED_NAME_PRESENT,https://gameconductor.com/dqrivals/c/d/982
card_4cc999a9,破邪の秘技・勇者の光,1,トークン,共通,,False,敵1体を次のターン終了時まで攻撃不能にする。 ヒーロースキルがランダムな別の破邪の秘技になる。,ランダム,5,,1,MEDIUM_IMPLEMENTED_NAME_PRESENT,https://gameconductor.com/dqrivals/c/d/983
card_189f0ab3,破邪の秘技の会得,3,トークン,共通,,False,ユニット1体に6ダメージ。ヒーロースキルがランダムな破邪の秘技になる。,ダメージ|ランダム,7,,1,MEDIUM_IMPLEMENTED_NAME_PRESENT,https://gameconductor.com/dqrivals/c/d/984
card_618dd613,破邪の秘技・勇者の盾,3,トークン,共通,,False,全ての味方に「次のターン終了時まで受けるダメージ-2」を付与する。 ヒーロースキルがランダムな別の破邪の秘技になる。,ダメージ|ランダム,4,,2,MEDIUM_IMPLEMENTED_NAME_PRESENT,https://gameconductor.com/dqrivals/c/d/985
card_5ad987c6,邪神官ハーゴン,6,ユニット,共通,魔王,True,死亡時：自分の手札にある魔王系のユニットをランダムに1体このマスに出す,死亡時|ランダム,1,,2,MEDIUM_IMPLEMENTED_NAME_PRESENT,https://gameconductor.com/dqrivals/c/d/1007
card_7758b044,覚醒の光,2,トークン,共通,,False,自分のデッキと手札と場の冒険者を+1/+1する,,1,,1,MEDIUM_IMPLEMENTED_NAME_PRESENT,https://gameconductor.com/dqrivals/c/d/1008
card_dd944231,あくまのきし,5,ユニット,共通,なし,True,におうだち、召喚時：自分の手札に魔王系カードがあるなら敵1体を次のターン終了時まで行動不能にする,召喚時,2,keyword,1,MEDIUM_IMPLEMENTED_NAME_PRESENT,https://gameconductor.com/dqrivals/c/d/1012
card_f130960a,フォンデュ,1,ユニット,共通,なし,True,召喚時：味方冒険者1体を+1/+1,召喚時,4,,1,MEDIUM_IMPLEMENTED_NAME_PRESENT,https://gameconductor.com/dqrivals/c/d/1015
card_8f583e5f,破壊神シドー,8,ユニット,共通,魔王,True,自分のターン終了時全ての敵ユニットに2ダメージ。相手のターン終了時このユニットのHPを全回復する,自分のターン終了時|相手のターン終了時|ダメージ|回復,4,,1,MEDIUM_IMPLEMENTED_NAME_PRESENT,https://gameconductor.com/dqrivals/c/d/1016
card_67bea35a,銅のカードパック,2,トークン,共通,,False,以下の割合で抽選された4枚のカードを手札に加える 4枚全て：ノーマル50%、レア40%、スーパーレア9%、レジェンドレア1%,手札に加える,2,,1,MEDIUM_IMPLEMENTED_NAME_PRESENT,https://gameconductor.com/dqrivals/c/d/1026
card_89cd00d7,くらやみハーピー,2,ユニット,共通,なし,True,召喚時：ユニット1体のHPを攻撃力と同じ値にする,召喚時,3,,1,MEDIUM_IMPLEMENTED_NAME_PRESENT,https://gameconductor.com/dqrivals/c/d/1027
card_2a2c02e9,銀のカードパック,2,トークン,共通,,False,以下の割合で抽選された3枚のカードを手札に加える。3枚全て：ノーマル20%、レア20%、スーパーレア50%、レジェンドレア10%,手札に加える,2,,1,MEDIUM_IMPLEMENTED_NAME_PRESENT,https://gameconductor.com/dqrivals/c/d/1028
card_2eee974a,ビックアイ,4,ユニット,共通,なし,True,召喚時：自分の場に冒険者がいるなら横一列にいる全ての敵ユニットに2ダメージ,召喚時|ダメージ,1,,2,MEDIUM_IMPLEMENTED_NAME_PRESENT,https://gameconductor.com/dqrivals/c/d/1029
card_8fc27d7d,まおうのたまご,2,ユニット,共通,スライム,True,死亡時：自分のデッキから本来のコストが5以上の魔王系のユニットカードをランダムに1枚手札に加える,死亡時|手札に加える|コスト|ランダム,1,,4,MEDIUM_IMPLEMENTED_NAME_PRESENT,https://gameconductor.com/dqrivals/c/d/1030
card_22d234e5,金のカードパック,2,トークン,共通,,False,以下の割合で抽選された2枚のカードを手札に加える。1枚目：レジェドレア100%、2枚目、レア20%、スーパーレア30%、レジェンドレア50%,手札に加える,2,,0,MEDIUM_IMPLEMENTED_NAME_PRESENT,https://gameconductor.com/dqrivals/c/d/1031
card_7cee0686,サンチョ,3,ユニット,共通,冒険者,True,におうだち,,0,basic_keyword_generic,0,LOW_NO_EFFECT_OR_BASIC,https://gameconductor.com/dqrivals/c/d/1032
card_c92b4cda,はい,0,特技,共通,,False,選択したプレイヤーは敗北する,選択,3,choice_engine,1,MEDIUM_IMPLEMENTED_NAME_PRESENT,https://gameconductor.com/dqrivals/c/d/1033
card_f9015853,いいえ,0,特技,共通,,False,ランダムな敵1体に4ダメージ、このユニットは「相手のターン開始時ランダムな敵1体に4ダメージ」を得る,相手のターン開始時|ダメージ|ランダム,8,,1,MEDIUM_IMPLEMENTED_NAME_PRESENT,https://gameconductor.com/dqrivals/c/d/1034
card_42e36f4a,滅びこそ我が喜び,0,トークン,共通,,False,ユニット1体に4ダメージ。カードを1枚引く。この効果は自分の手札に魔王系カードがある場合にのみ使用できる。,カードを1枚引く|ダメージ,1,,0,MEDIUM_IMPLEMENTED_NAME_PRESENT,https://gameconductor.com/dqrivals/c/d/1035
card_bbfca125,我が腕の中で息絶えるがいい,0,トークン,共通,,False,必殺技、全てを滅ぼす者ゾーマを手札に1枚加える。この効果は自分の場と手札に全てを滅ぼす者ゾーマが存在しない場合に使用できる,,1,,1,MEDIUM_IMPLEMENTED_NAME_PRESENT,https://gameconductor.com/dqrivals/c/d/1036
card_a9c23817,大魔王ゾーマ,3,ヒーロー,共通,,True,大魔王ゾーマのアンチヒーロースキルが使えるようになる。このカードは最初の手札に必ず来る,,1,,0,MEDIUM_IMPLEMENTED_NAME_PRESENT,https://gameconductor.com/dqrivals/c/d/1037
card_756b0f38,悪の化身りゅうおう,6,ユニット,共通,魔王,True,召喚時：次の相手のターン開始時世界の半分を得るかどうかの選択を相手に迫る,召喚時|選択|相手のターン開始時,6,choice_engine,2,MEDIUM_IMPLEMENTED_NAME_PRESENT,https://gameconductor.com/dqrivals/c/d/1038
card_ad14a2eb,死にゆく者こそ美しい,6,トークン,共通,,False,全ての敵ユニットを封印した後それらのユニットに3ダメージ。この効果は自分の手札に魔王系カードがある場合にのみ使用できる。,封印|ダメージ,1,,2,MEDIUM_IMPLEMENTED_NAME_PRESENT,https://gameconductor.com/dqrivals/c/d/1039
card_178ebf05,全てを滅ぼす者ゾーマ,7,ユニット,共通,魔王,True,超貫通,,6,basic_keyword_generic,0,LOW_NO_EFFECT_OR_BASIC,https://gameconductor.com/dqrivals/c/d/1040
card_03f70ef3,やまねずみ,1,ユニット,共通,なし,True,,,3,no_text,0,LOW_NO_EFFECT_OR_BASIC,https://gameconductor.com/dqrivals/c/d/1070
card_3c6c9165,マーブルン,2,ユニット,共通,なし,True,召喚時：指定の味方マスに1/1のプリズニャンを1体出す,召喚時,2,,1,MEDIUM_IMPLEMENTED_NAME_PRESENT,https://gameconductor.com/dqrivals/c/d/1071
card_4fab031d,ばくだんベビー,1,ユニット,共通,なし,True,死亡時：全てのユニットに1ダメージ,死亡時|ダメージ,4,,2,MEDIUM_IMPLEMENTED_NAME_PRESENT,https://gameconductor.com/dqrivals/c/d/1072
card_0f94fe18,グレイトボンバー,4,ユニット,共通,なし,True,におうだち、死亡時：味方ヒーローがいるなら全てのユニットに2ダメージ,死亡時|ダメージ,1,keyword,2,MEDIUM_IMPLEMENTED_NAME_PRESENT,https://gameconductor.com/dqrivals/c/d/1073
card_9c7d968c,ソードイド,7,ユニット,共通,ゾンビ,True,におうだち、召喚時&死亡時：味方リーダーのHPを3回復,召喚時|死亡時|回復,2,keyword,2,MEDIUM_IMPLEMENTED_NAME_PRESENT,https://gameconductor.com/dqrivals/c/d/1074
card_a328f2f2,はめつの使者,4,ユニット,共通,なし,True,パワフルバッジ：魔王系の味方ユニットを+1/+1,パワフルバッジ,1,badge_engine,1,MEDIUM_IMPLEMENTED_NAME_PRESENT,https://gameconductor.com/dqrivals/c/d/1075
card_3452a74d,れんごくちょう,6,ユニット,共通,なし,True,召喚時：自分の手札に魔王系カードがあるなら縦一列にいる全ての敵ユニットに4ダメージ,召喚時|ダメージ,1,,2,MEDIUM_IMPLEMENTED_NAME_PRESENT,https://gameconductor.com/dqrivals/c/d/1076
card_19a6922d,コイン,0,ユニット,共通,なし,False,0コストカード。1度使用したら手札から消える。場の味方ユニットまたは装備武器のBETを1つ選んで発動する。,BET|コスト,143,bet_engine,2,MEDIUM_IMPLEMENTED_NAME_PRESENT,https://gameconductor.com/dqrivals/c/d/1105
card_43e14174,癒しをあなたに,0,トークン,共通,,False,味方リーダーのHPを2回復。カードを1枚引く,カードを1枚引く|回復,1,,0,MEDIUM_IMPLEMENTED_NAME_PRESENT,https://gameconductor.com/dqrivals/c/d/1106
card_4f889204,贈り物をみんなに,1,トークン,共通,,False,味方ユニット1体にHP+1と「次の相手のターン終了時まで特技ダメージを受けない」を付与する,相手のターン終了時|ダメージ,1,,2,MEDIUM_IMPLEMENTED_NAME_PRESENT,https://gameconductor.com/dqrivals/c/d/1107
card_b7c7bfc4,裁きを彼らに,6,トークン,共通,,False,必殺技：すべての敵に3ダメージ,ダメージ,1,,0,MEDIUM_IMPLEMENTED_NAME_PRESENT,https://gameconductor.com/dqrivals/c/d/1108
card_794289cd,天空の花嫁フローラ,2,ヒーロー,共通,,True,天空の花嫁フローラのヒーロースキルが使えるようになる。このカードは最初の手札に必ず来る,,1,,0,MEDIUM_IMPLEMENTED_NAME_PRESENT,https://gameconductor.com/dqrivals/c/d/1109
card_2855efd0,大切な友達,5,ユニット,共通,なし,True,指定の味方マスに速攻4/4のゲレゲレを1体出す,,3,basic_keyword_generic,0,LOW_NO_EFFECT_OR_BASIC,https://gameconductor.com/dqrivals/c/d/1111
card_138b3534,家族の絆,10,トークン,共通,,False,次の自分のターン開始時味方リーダーは「この対戦の間自分が手札を使う度敵リーダーに2ダメージ」を得る,自分のターン開始時|ダメージ,7,,0,MEDIUM_IMPLEMENTED_NAME_PRESENT,https://gameconductor.com/dqrivals/c/d/1112
card_51f4f83e,天空の花嫁ビアンカ,2,ヒーロー,共通,,True,天空の花嫁ビアンカのヒーロースキルが使えるようになる。このカードは最初の手札に必ず来る,,2,,0,MEDIUM_IMPLEMENTED_NAME_PRESENT,https://gameconductor.com/dqrivals/c/d/1113
card_d35b28aa,タホドラキー,1,ユニット,共通,なし,True,召喚時：カードを1枚引く。その後自分の手札から1枚選び自分のデッキに混ぜる,召喚時|カードを1枚引く,4,,2,MEDIUM_IMPLEMENTED_NAME_PRESENT,https://gameconductor.com/dqrivals/c/d/1114
card_0375fb61,ベホイミスライム,2,ユニット,共通,スライム,True,死亡時：GET(1)、BET：1ターンに1回のみ味方リーダーのHPを2回復,死亡時|BET|GET|回復,7,bet_engine+get_engine,3,MEDIUM_IMPLEMENTED_NAME_PRESENT,https://gameconductor.com/dqrivals/c/d/1115
card_abd6c61a,タイガーランス,2,ユニット,共通,なし,True,召喚時：指定の敵マスに1/1のスライムを1体出す,召喚時,2,,1,MEDIUM_IMPLEMENTED_NAME_PRESENT,https://gameconductor.com/dqrivals/c/d/1116
card_5fffa5b0,ダークペルシャ,3,ユニット,共通,なし,True,召喚時:敵ユニットが3体以上いる場合GET(1)、BET:全てのユニットに1ダメージ,召喚時|BET|GET|ダメージ,3,bet_engine+get_engine,4,MEDIUM_IMPLEMENTED_NAME_PRESENT,https://gameconductor.com/dqrivals/c/d/1117
card_34b8303a,ゲレゲレ,5,ユニット,共通,なし,True,速攻,,5,basic_keyword_generic,0,LOW_NO_EFFECT_OR_BASIC,https://gameconductor.com/dqrivals/c/d/1118
card_362fd329,ミリオンゼニー,6,ユニット,共通,なし,True,自分のターン終了時にGET(1)。この効果は毎ターン発動する。BET：死亡時にGET(2)をこのユニットに付与する。このBET効果は重複しない。,死亡時|BET|GET|自分のターン終了時,3,bet_engine+get_engine,3,MEDIUM_IMPLEMENTED_NAME_PRESENT,https://gameconductor.com/dqrivals/c/d/1119
card_e936ad83,サイクロプス,6,ユニット,共通,なし,True,召喚時：GET(1) BET：におうだちを持つランダムな敵ユニット1体に4ダメージ,召喚時|BET|GET|ダメージ|ランダム,2,bet_engine+get_engine+keyword,4,MEDIUM_IMPLEMENTED_NAME_PRESENT,https://gameconductor.com/dqrivals/c/d/1120
card_40d4b786,キラースコップ,1,ユニット,共通,なし,True,召喚時:お互いのデッキのランダムなユニットカード1枚を比べ 自分の方がコストが高いならGET(1)、BET:攻撃力+1,召喚時|BET|GET|コスト|ランダム,3,bet_engine+get_engine,6,MEDIUM_COMPLEX_IMPLEMENTED_RECHECK,https://gameconductor.com/dqrivals/c/d/1171
card_34aa0b9b,メソコボルト,2,ユニット,共通,なし,True,召喚時：ユニット1体ににおうだちを付与する,召喚時,2,keyword,1,MEDIUM_IMPLEMENTED_NAME_PRESENT,https://gameconductor.com/dqrivals/c/d/1172
card_b5452145,つむりんママ,2,ユニット,共通,スライム,True,このユニットを除くスライム系の味方ユニットの攻撃力+1,,1,,0,MEDIUM_IMPLEMENTED_NAME_PRESENT,https://gameconductor.com/dqrivals/c/d/1173
card_1a59d46e,だいおうイカ,3,ユニット,共通,なし,True,死亡時:GET(2),死亡時|GET,1,get_engine,2,MEDIUM_IMPLEMENTED_NAME_PRESENT,https://gameconductor.com/dqrivals/c/d/1174
card_a23db7e5,ゴールデントーテム,4,ユニット,共通,スライム,True,メタルボディ、このユニットがダメージを受ける度GET(1),GET|このユニットが|ダメージ,1,get_engine,1,MEDIUM_IMPLEMENTED_NAME_PRESENT,https://gameconductor.com/dqrivals/c/d/1175
card_e733168e,クレイジーボーナス,7,ユニット,共通,なし,True,召喚時:自分の場の縦一列に同じ攻撃力のユニットが3体いるならランダムなレジェンドレアのユニットカード3枚を手札に加え そのコストを揃えた攻撃力と同じ数分減らす,召喚時|コスト|ランダム,1,,3,MEDIUM_IMPLEMENTED_NAME_PRESENT,https://gameconductor.com/dqrivals/c/d/1176
card_3b346d69,スペシャルコイン,0,特技,共通,なし,False,マデサゴーラの能力で、自分のターン終了時に手札に加わる特殊なコイン。場に出ている味方ユニット全てのBETを発動する。相手ユニットは対象外。,BET|自分のターン終了時,18,bet_engine,2,MEDIUM_IMPLEMENTED_NAME_PRESENT,https://gameconductor.com/dqrivals/c/d/1209
card_35df1a02,この手に切り札を,0,トークン,共通,,False,ヒーロースキル。山札からBETを効果に持つカードをランダムに1枚手札に加える。2回発動でLv2になる。,BET|手札に加える|ランダム,4,bet_engine,3,MEDIUM_IMPLEMENTED_NAME_PRESENT,https://gameconductor.com/dqrivals/c/d/1210
card_1019e573,アゲていくわよ,0,トークン,共通,,False,味方のBETが発動した後味方リーダーのテンション+1、この効果は条件を満たすと自動的に発動する,BET,4,bet_engine,1,MEDIUM_IMPLEMENTED_NAME_PRESENT,https://gameconductor.com/dqrivals/c/d/1211
card_796cac42,天空の花嫁デボラ,2,ヒーロー,共通,,True,天空の花嫁デボラのヒーロースキルが使えるようになる。このカードは最初の手札に必ず来る,,3,,0,MEDIUM_IMPLEMENTED_NAME_PRESENT,https://gameconductor.com/dqrivals/c/d/1212
card_0baef237,かっちゅうアリ,3,ユニット,共通,なし,True,BET：1ターンに1回のみ、攻撃力+1/HP+1。自分のターン終了時にGET(1)。このGETは1度だけ発動する。,BET|GET|自分のターン終了時,4,bet_engine+get_engine,2,MEDIUM_IMPLEMENTED_NAME_PRESENT,https://gameconductor.com/dqrivals/c/d/1213
card_a9667a86,小魚への施し,3,トークン,共通,,False,コイン1〜4枚を以下の確率で手札に加える。1枚30%、2枚40%、3枚20%、4枚10%,手札に加える,2,,0,MEDIUM_IMPLEMENTED_NAME_PRESENT,https://gameconductor.com/dqrivals/c/d/1214
card_5b82d953,デスケルト,4,ユニット,共通,なし,True,召喚時：味方ユニット1体を手札に戻す,召喚時,2,,1,MEDIUM_IMPLEMENTED_NAME_PRESENT,https://gameconductor.com/dqrivals/c/d/1215
card_11641207,ジラフマスター,4,ユニット,共通,なし,True,攻撃時:GET(1)、BET:以下の効果からランダムに1つ発動する (1)攻撃力+1 (2)HP+1 (3)このターン中2回攻撃を得る,攻撃時|BET|GET|ランダム,4,bet_engine+get_engine,5,MEDIUM_COMPLEX_IMPLEMENTED_RECHECK,https://gameconductor.com/dqrivals/c/d/1216
card_20e15c48,マデサゴーラ,4,ユニット,共通,魔王,True,自分のターン終了時：スペシャルコイン1枚を手札に加える。BET:自分のデッキからBETを持つカードを1枚引く,BET|自分のターン終了時|カードを1枚引く|手札に加える,8,bet_engine,2,MEDIUM_IMPLEMENTED_NAME_PRESENT,https://gameconductor.com/dqrivals/c/d/1217
card_55de0a88,スロットマジーン,5,ユニット,共通,なし,True,攻撃時:GET(1)、BET:両プレイヤーはカードを1枚引く,攻撃時|BET|GET|カードを1枚引く,1,bet_engine+get_engine,3,MEDIUM_IMPLEMENTED_NAME_PRESENT,https://gameconductor.com/dqrivals/c/d/1218
card_72848502,くらやみにゅうどう,5,ユニット,共通,なし,True,召喚時:次の相手のターン中敵のヒーロースキルは使用できず発動もしない,召喚時,1,,1,MEDIUM_IMPLEMENTED_NAME_PRESENT,https://gameconductor.com/dqrivals/c/d/1219
card_d03c81e0,かみさま,5,ユニット,共通,なし,True,自分のターン終了時以下の効果からランダムに1つ発動する(1)カードを2枚引く(2)味方リーダーのテンション+3(3)他のすべての味方のHPを4回復,自分のターン終了時|回復|ランダム,1,,1,MEDIUM_IMPLEMENTED_NAME_PRESENT,https://gameconductor.com/dqrivals/c/d/1220
card_8b1c0efd,ウルベア魔神兵,8,ユニット,共通,なし,True,ねらい撃ち。召喚時：GET(2)。BET：このユニットの攻撃力を1〜4のランダムな値分増やす。,召喚時|BET|GET|ランダム,5,bet_engine+get_engine+keyword,4,MEDIUM_IMPLEMENTED_NAME_PRESENT,https://gameconductor.com/dqrivals/c/d/1221
card_a649d91a,かわいいモーモン,1,ユニット,共通,なし,True,召喚時：このユニットに作戦を出す,召喚時,2,,1,MEDIUM_IMPLEMENTED_NAME_PRESENT,https://gameconductor.com/dqrivals/c/d/1222
card_96cf13d8,薄命のボーンバット,1,ユニット,共通,ゾンビ,True,召喚時：このユニットに2ダメージを与える,召喚時|ダメージ,2,,1,MEDIUM_IMPLEMENTED_NAME_PRESENT,https://gameconductor.com/dqrivals/c/d/1223
card_cd3abc2a,パラサキス,1,ユニット,共通,ゾンビ,True,召喚時：このターン中「自分がコスト1以上の特技を使う度同じカード1枚を自分のデッキに混ぜる」を得る,召喚時|特技を使う|コスト,4,,5,MEDIUM_COMPLEX_IMPLEMENTED_RECHECK,https://gameconductor.com/dqrivals/c/d/1224
card_00506ea3,ビルド,1,ヒーロー,共通,,True,ビルドのヒーロースキルを使えるようになる。このカードは最初の手札に必ず来る,,6,,0,MEDIUM_IMPLEMENTED_NAME_PRESENT,https://gameconductor.com/dqrivals/c/d/1225
card_90410d54,少年シドー,1,ヒーロー,共通,,True,少年シドーのヒーロースキルが使えるようになる。このカードは最初の手札に必ず来る,,8,,0,MEDIUM_IMPLEMENTED_NAME_PRESENT,https://gameconductor.com/dqrivals/c/d/1226
card_a0c085e2,劇場,1,建物,共通,,True,おうえん、自分が必殺技を持つカードか必殺技を持つヒーロースキルを使用した後カードを1枚引く。自分のターン終了時耐久値-1。,自分のターン終了時|カードを1枚引く,5,,0,MEDIUM_IMPLEMENTED_NAME_PRESENT,https://gameconductor.com/dqrivals/c/d/1227
card_e0c0d5f6,マンドラ,1,ユニット,共通,スライム,True,召喚時：ユニット1体の位置を前後入れ替える,召喚時,5,,1,MEDIUM_IMPLEMENTED_NAME_PRESENT,https://gameconductor.com/dqrivals/c/d/1228
card_a165257c,やみしばり,1,ユニット,共通,なし,True,ステルス、自分のターン終了時このユニットがステルス状態なら攻撃力+1,自分のターン終了時|このユニットが,0,basic_keyword_generic,0,LOW_NO_EFFECT_OR_BASIC,https://gameconductor.com/dqrivals/c/d/1229
card_1d3ad0d4,勇者イレブン,1,ヒーロー,共通,,True,勇者イレブンのヒーロースキルが使えるようになる。このカードは最初の手札に必ず来る,,10,,0,MEDIUM_IMPLEMENTED_NAME_PRESENT,https://gameconductor.com/dqrivals/c/d/1230
card_e70aa055,ベロニャーゴ,2,ユニット,共通,なし,True,れんけい：HP+1、味方リーダーが攻撃した後1/1のプリスニャンを1体出す,攻撃した後|れんけい,6,renkei_engine,1,MEDIUM_IMPLEMENTED_NAME_PRESENT,https://gameconductor.com/dqrivals/c/d/1231
card_93e092e5,かまいたち,2,ユニット,共通,なし,True,召喚時：前列にいる他の全てのユニットに1ダメージ,召喚時|ダメージ,2,,2,MEDIUM_IMPLEMENTED_NAME_PRESENT,https://gameconductor.com/dqrivals/c/d/1232
card_1ffc4f90,ポンポコだぬき,2,ユニット,共通,なし,True,死亡時：味方リーダーのテンション+1,死亡時,1,,1,MEDIUM_IMPLEMENTED_NAME_PRESENT,https://gameconductor.com/dqrivals/c/d/1233
card_c01548f9,トンネラー,2,ユニット,共通,なし,True,におうだち、れんけい：+1/+1,れんけい,2,keyword+renkei_engine,1,MEDIUM_IMPLEMENTED_NAME_PRESENT,https://gameconductor.com/dqrivals/c/d/1234
card_528c2387,ヘルコンダクター,3,ユニット,共通,なし,True,召喚時：全ての敵ユニットの位置を前後入れ替える。スキルブースト:攻撃力+1,召喚時,1,,2,MEDIUM_IMPLEMENTED_NAME_PRESENT,https://gameconductor.com/dqrivals/c/d/1235
card_9c45eab0,黄金兵,3,ユニット,共通,なし,True,におうだち、自分がコインを使う度このターン中手札にあるこのカードのコスト-2,コスト,13,keyword,2,MEDIUM_IMPLEMENTED_NAME_PRESENT,https://gameconductor.com/dqrivals/c/d/1236
card_cc2b6076,メーダクイン,3,ユニット,共通,なし,True,お互いの手札にある本来のコストが0の特技カードのコスト+1,コスト,1,,2,MEDIUM_IMPLEMENTED_NAME_PRESENT,https://gameconductor.com/dqrivals/c/d/1237
card_c3063bd9,フォレストマスター,3,ユニット,共通,なし,True,召喚時：味方ヒーローがいない場合このターン中、次に使用する英雄カードのコスト-3。味方ヒーローがいる場合+1/+1,召喚時|コスト,3,,3,MEDIUM_IMPLEMENTED_NAME_PRESENT,https://gameconductor.com/dqrivals/c/d/1238
card_a6b1ecce,コンガオンガ,4,ユニット,共通,なし,True,れんけい：攻撃力が6以上の敵ユニット1体を消滅させる。そのユニットと同じ使用コストのランダムなユニットカード1枚を相手の手札に加える。,れんけい|手札に加える|消滅|コスト|ランダム,5,renkei_engine,4,MEDIUM_IMPLEMENTED_NAME_PRESENT,https://gameconductor.com/dqrivals/c/d/1239
card_5a66688e,フェイスボール,4,ユニット,共通,なし,True,ステルス、れんけい：次の相手のターン終了時まで味方リーダーが受けるダメージ-2,れんけい|相手のターン終了時|ダメージ,2,keyword+renkei_engine,2,MEDIUM_IMPLEMENTED_NAME_PRESENT,https://gameconductor.com/dqrivals/c/d/1240
card_c40057ab,慈愛のキラーパンサー,5,ユニット,共通,なし,True,おうえん、召喚時：おうえん 2/2のベビーパンサー1枚を手札に加える,召喚時|手札に加える,1,,1,MEDIUM_IMPLEMENTED_NAME_PRESENT,https://gameconductor.com/dqrivals/c/d/1241
card_a462cfa2,グレイトマムー,6,ユニット,共通,なし,True,れんけい：敵ユニット1体に5ダメージ,れんけい|ダメージ,3,renkei_engine,1,MEDIUM_IMPLEMENTED_NAME_PRESENT,https://gameconductor.com/dqrivals/c/d/1242
card_52ff4131,ケトス,7,ユニット,共通,なし,True,このユニットによる敵リーダーの攻撃で敵リーダーのHPが11になった場合この対戦に勝利する。,,2,,0,MEDIUM_IMPLEMENTED_NAME_PRESENT,https://gameconductor.com/dqrivals/c/d/1243
card_3a6eb611,ウルノーガ&ウルナーガ,7,ユニット,共通,魔王,True,れんけい：前列に召喚した場合、正面にいるランダムな敵ユニット1体を消滅させる。後列に召喚した場合、攻撃力6以上の他ユニット全てを死亡させる。,れんけい|消滅|ランダム,4,renkei_engine,4,MEDIUM_IMPLEMENTED_NAME_PRESENT,https://gameconductor.com/dqrivals/c/d/1244
card_3331b78b,ニズゼルファ,9,ユニット,共通,魔王,True,召喚時：邪神の子を2体出す。自分のターン開始時全ての敵に味方の邪神の子の数分ダメージを与える。スキルブースト:+1体,召喚時|自分のターン開始時|ダメージ,6,,2,MEDIUM_IMPLEMENTED_NAME_PRESENT,https://gameconductor.com/dqrivals/c/d/1245
card_53eef9e2,みわくのランプ,4,ユニット,共通,なし,True,自分が占いカードを使う度ランダムな占い師のカード1枚を手札に加える,占い|手札に加える|ランダム,2,fortune_engine,2,MEDIUM_IMPLEMENTED_NAME_PRESENT,https://gameconductor.com/dqrivals/c/d/1296
card_e5c1ffb9,チョコタワー,2,ユニット,共通,スライム,True,召喚時：自分の手札から1枚選んで捨てた後カードを1枚引く,召喚時|カードを1枚引く,3,,1,MEDIUM_IMPLEMENTED_NAME_PRESENT,https://gameconductor.com/dqrivals/c/d/1328
card_f8443689,かくれんぼう,2,ユニット,共通,なし,True,ステルス、れんけい：カードを1枚引く,れんけい|カードを1枚引く,3,keyword+renkei_engine,1,MEDIUM_IMPLEMENTED_NAME_PRESENT,https://gameconductor.com/dqrivals/c/d/1329
card_facf6754,みみずん,2,ユニット,共通,なし,True,召喚時：味方建物1つを手札に戻す,召喚時,4,,1,MEDIUM_IMPLEMENTED_NAME_PRESENT,https://gameconductor.com/dqrivals/c/d/1330
card_d625ddf3,マギール,2,ユニット,共通,なし,True,味方建物があるなら手札のこのカードのコスト-1,コスト,1,,1,MEDIUM_IMPLEMENTED_NAME_PRESENT,https://gameconductor.com/dqrivals/c/d/1331
card_1e2e4b2a,テールイーター,3,ユニット,共通,なし,True,召喚時:このユニットにさくせんを出す,召喚時,5,,1,MEDIUM_IMPLEMENTED_NAME_PRESENT,https://gameconductor.com/dqrivals/c/d/1332
card_719d6479,ジゴック,3,ユニット,共通,なし,True,におうだち、召喚時：味方建物１つの耐久値+1、そうした場合攻撃力+1を得る,召喚時,4,keyword,1,MEDIUM_IMPLEMENTED_NAME_PRESENT,https://gameconductor.com/dqrivals/c/d/1333
card_030acd13,イザヤール,3,ユニット,共通,冒険者,True,召喚時：全ての味方冒険者に作戦を出す,召喚時,1,,2,MEDIUM_IMPLEMENTED_NAME_PRESENT,https://gameconductor.com/dqrivals/c/d/1334
card_dbc8c3de,図書館,3,建物,共通,,True,自分のターン終了時カードを1枚引く。耐久値-1。味方建物があるなら手札のこのカードのコスト-1,自分のターン終了時|カードを1枚引く|コスト,1,,1,MEDIUM_IMPLEMENTED_NAME_PRESENT,https://gameconductor.com/dqrivals/c/d/1335
card_8cc03c96,ブラックベジター,4,ユニット,共通,なし,True,召喚時：味方建物があるなら他のすべてのユニットに2ダメージ,召喚時|ダメージ,1,,1,MEDIUM_IMPLEMENTED_NAME_PRESENT,https://gameconductor.com/dqrivals/c/d/1336
card_b9e60809,シュプリンガー,5,ユニット,共通,ドラゴン,True,れんけい：このユニットに2回さくせんを出す。,れんけい,10,renkei_engine,1,MEDIUM_IMPLEMENTED_NAME_PRESENT,https://gameconductor.com/dqrivals/c/d/1337
card_c17e7d1c,アデン,5,ユニット,共通,なし,True,におうだち、召喚時：味方建物１つの耐久値+1、そうした場合攻撃力+2を得る,召喚時,3,keyword,1,MEDIUM_IMPLEMENTED_NAME_PRESENT,https://gameconductor.com/dqrivals/c/d/1338
card_730f1b63,デスバキューム,6,ユニット,共通,なし,True,お互いのリーダーのテンションの合計分手札にあるこのカードのコスト-1,コスト,1,,1,MEDIUM_IMPLEMENTED_NAME_PRESENT,https://gameconductor.com/dqrivals/c/d/1339
card_1f0ddb6c,エルギオス,7,ユニット,共通,魔王,True,ねらい撃ち、召喚時：このユニットに4回さくせんを出す,召喚時,2,keyword,1,MEDIUM_IMPLEMENTED_NAME_PRESENT,https://gameconductor.com/dqrivals/c/d/1340
card_bb86dc5c,ゴールデンタイタス,10,ユニット,共通,なし,True,8/8。この対戦中にコインを自分の手札に加えた枚数分手札にあるこのカードのコスト-1,コスト,2,,2,MEDIUM_IMPLEMENTED_NAME_PRESENT,https://gameconductor.com/dqrivals/c/d/1437
card_6a130f33,マッシュスライム,1,ユニット,共通,スライム,True,自分のターン終了時このユニットの正面に敵ユニットがいるなら攻撃力+,自分のターン終了時,2,,0,MEDIUM_IMPLEMENTED_NAME_PRESENT,https://gameconductor.com/dqrivals/c/d/1454
card_73908ee8,パピラス,1,ユニット,共通,ドラゴン,True,れんけい：ランダムなコスト1〜3の自分の職業の特技カードを1枚手札に加える。,れんけい|手札に加える|コスト|ランダム,7,renkei_engine,4,MEDIUM_IMPLEMENTED_NAME_PRESENT,https://gameconductor.com/dqrivals/c/d/1455
card_dfeb4cd3,オニムカデ,1,ユニット,共通,なし,True,召喚時:自分のデッキからダンジョンを持つ建物カードを1枚引く。大戦中にダンジョンを持つ味方建物が出ていたら代わりにカードを1枚引く,召喚時|カードを1枚引く,1,,2,MEDIUM_IMPLEMENTED_NAME_PRESENT,https://gameconductor.com/dqrivals/c/d/1456
card_19999023,沼地の洞くつ,1,建物,共通,,True,ダンジョン(耐久値5で踏破）、自分のターン終了時隣接している味方ユニットがいるなら耐久値+1、踏破時:王女の愛1枚を手札に加える,自分のターン終了時|手札に加える,3,,0,MEDIUM_IMPLEMENTED_NAME_PRESENT,https://gameconductor.com/dqrivals/c/d/1457
card_620155b1,しりょうのきし,2,ユニット,共通,ゾンビ,True,召喚時：敵リーダーが装備中の武器を-1/-1,召喚時,2,,1,MEDIUM_IMPLEMENTED_NAME_PRESENT,https://gameconductor.com/dqrivals/c/d/1458
card_068db505,まおうのかめん,2,ユニット,共通,なし,True,このカードは場と手札にある間魔王系としても扱う。 召喚時:自分の手札に魔王系カードがあるならステルスを得る,召喚時,6,keyword,1,MEDIUM_IMPLEMENTED_NAME_PRESENT,https://gameconductor.com/dqrivals/c/d/1459
card_5fe00f1a,ダークプラネット,2,ユニット,共通,なし,True,選択：・ダンジョンではない敵建物１つの耐久値を2にする。・ダンジョンではない敵建物1つの耐久値を-2,選択,8,choice_engine,1,MEDIUM_IMPLEMENTED_NAME_PRESENT,https://gameconductor.com/dqrivals/c/d/1460
card_ba0cd0b2,アルゴングレート,3,ユニット,共通,ドラゴン,True,正面に敵ユニットがいる場合攻撃できない,,5,,0,MEDIUM_IMPLEMENTED_NAME_PRESENT,https://gameconductor.com/dqrivals/c/d/1461
card_ae365a29,ひぐらしそう,3,ユニット,共通,なし,True,選択：・コスト1のランダムなユニットカードを手札に1枚加える・コスト3のランダムな特技カードを手札に1枚加える,選択|コスト|ランダム,4,choice_engine,4,MEDIUM_IMPLEMENTED_NAME_PRESENT,https://gameconductor.com/dqrivals/c/d/1462
card_320e0f79,りゅうはかせ,4,ユニット,共通,ドラゴン,True,自分が使用するコスト3以上の特技のダメージを+2する,ダメージ|コスト,3,,2,MEDIUM_IMPLEMENTED_NAME_PRESENT,https://gameconductor.com/dqrivals/c/d/1463
card_6a23f024,じごくのばんけん,4,ユニット,共通,なし,True,2回攻撃、隣接している味方建物の数分攻撃力+1,,3,basic_keyword_generic,0,LOW_NO_EFFECT_OR_BASIC,https://gameconductor.com/dqrivals/c/d/1464
card_6f20cd44,バブルキング,4,ユニット,共通,スライム,True,召喚時：味方ユニット1体にさくせんを出す。このユニットが戦闘ダメージを与えたユニットを毒にする。,召喚時|このユニットが|毒|ダメージ,1,,1,MEDIUM_IMPLEMENTED_NAME_PRESENT,https://gameconductor.com/dqrivals/c/d/1465
card_f5a14ee8,ヘルズクロウ,4,ユニット,共通,なし,True,ねらい撃ち、召喚時：自分のデッキの上からカード4枚を見る。コスト1以下のカードを1枚選びそれを引く。残りをデッキの下に戻す。,召喚時|コスト,3,keyword,3,MEDIUM_IMPLEMENTED_NAME_PRESENT,https://gameconductor.com/dqrivals/c/d/1466
card_3f6c516e,アモス,4,ユニット,共通,冒険者,True,相手のターン終了時このユニットと同じHPを持つモンストラーに変身する,相手のターン終了時|変身,3,,1,MEDIUM_IMPLEMENTED_NAME_PRESENT,https://gameconductor.com/dqrivals/c/d/1467
card_5082098d,ヘルチェイサー,6,ユニット,共通,ゾンビ,True,召喚時：味方リーダーのテンションを全て消費する。他の全てのユニットに消費したテンションの数分のダメージ,召喚時|ダメージ,1,,2,MEDIUM_IMPLEMENTED_NAME_PRESENT,https://gameconductor.com/dqrivals/c/d/1468
card_0c103e46,ヌーデビル,7,ユニット,共通,なし,True,選択：・攻撃力+4・正面にいる全ての敵ユニットに2ダメージ,選択|ダメージ,1,choice_engine,2,MEDIUM_IMPLEMENTED_NAME_PRESENT,https://gameconductor.com/dqrivals/c/d/1469
card_842c0399,バラモスエビル,9,ユニット,共通,なし,True,におうだち、自分のデッキの残り枚数が5枚以下なら手札にあるこのカードのコスト-6,コスト,0,keyword,2,MEDIUM_GENERIC_ENGINE_ONLY,https://gameconductor.com/dqrivals/c/d/1470
card_7487ea39,ローレシアの王子,1,ヒーロー,共通,,True,ローレシアの王子のヒーロースキルが使えるようになる。このカードは最初の手札に必ず来る,,2,,0,MEDIUM_IMPLEMENTED_NAME_PRESENT,https://gameconductor.com/dqrivals/c/d/1471
card_321de02f,王子の覚悟,1,ユニット,共通,なし,False,敵1体に1ダメージ、自分のデッキに特技カードが無いならこのヒーロースキルのコスト-1、さらに使用後すぐにレベル2になる,ダメージ|コスト,1,,3,MEDIUM_IMPLEMENTED_NAME_PRESENT,https://gameconductor.com/dqrivals/c/d/1472
card_1aa890f0,紋章を探す旅,1,ユニット,共通,なし,False,対象にできる敵ユニットがいる間敵リーダーを対象にできない。敵1体に2ダメージ、その後このヒーロースキルのコスト+1、ダメージ+1,ダメージ|コスト,1,,1,MEDIUM_IMPLEMENTED_NAME_PRESENT,https://gameconductor.com/dqrivals/c/d/1473
card_afa6175b,破壊神との決戦,3,トークン,共通,,False,対象にできる敵ユニットがいる間敵リーダーを対象にできない。敵1体に1ダメージ、その後 ダメージが1に戻る。自分が特技以外の手札を使う度ダメージ+1,ダメージ,2,,1,MEDIUM_IMPLEMENTED_NAME_PRESENT,https://gameconductor.com/dqrivals/c/d/1474
card_822981d8,サマルトリアの王子,1,ヒーロー,共通,,True,サマルトリアの王子のヒーロースキルが使えるようになる。このカードは最初の手札と初回のカードの入れ替えの時手札に来ない,,8,,0,MEDIUM_IMPLEMENTED_NAME_PRESENT,https://gameconductor.com/dqrivals/c/d/1475
card_909b374d,ムーンブルクの王女,1,ヒーロー,共通,,True,ムーンブルクの王女のヒーロースキルが使えるようになる。このカードは最初の手札に必ず来る,,2,,0,MEDIUM_IMPLEMENTED_NAME_PRESENT,https://gameconductor.com/dqrivals/c/d/1476
card_dbf04d8c,悲しげな犬,0,ヒーロー,共通,,False,自分がコスト1以上の特技カードを使う度カードを1枚引く。この効果は条件を満たすと自動的に発動する,カードを1枚引く|コスト,1,,2,MEDIUM_IMPLEMENTED_NAME_PRESENT,https://gameconductor.com/dqrivals/c/d/1477
card_1b26c04f,旅立ちの王女,3,ユニット,共通,なし,False,選択：・全てのユニットに1ダメージ・特技カードをランダムに1枚手札に加える。このターン中使った特技カードのコストの合計分コストが減る,選択|手札に加える|ダメージ|コスト|ランダム,7,choice_engine,6,MEDIUM_COMPLEX_IMPLEMENTED_RECHECK,https://gameconductor.com/dqrivals/c/d/1478
card_bf5916e1,精霊ルビスの加護,0,トークン,共通,,False,自分がコスト3以上の特技を使った後 そのコストにより以下の効果が自動的に発動する コスト3以上:MP1回復、コスト5以上:テンション+1、コスト7以上:カードを1枚引く,カードを1枚引く|回復|コスト,4,,2,MEDIUM_IMPLEMENTED_NAME_PRESENT,https://gameconductor.com/dqrivals/c/d/1479
card_1c821e42,守りのほこら,1,建物,共通,,True,ダンジョン(耐久値5で踏破)、味方リーダーが攻撃した後耐久値+1、踏破時:ランダムなコスト4のユニットをこの場所に出しにおうだちを付与する,攻撃した後|コスト|ランダム,1,keyword,2,MEDIUM_IMPLEMENTED_NAME_PRESENT,https://gameconductor.com/dqrivals/c/d/1481
card_1b25679d,チェリースライム,1,ユニット,共通,スライム,True,死亡時:両プレイヤーはカードを1枚引く,死亡時|カードを1枚引く,1,,1,MEDIUM_IMPLEMENTED_NAME_PRESENT,https://gameconductor.com/dqrivals/c/d/1577
card_d22aee70,守り人ナイン,1,ヒーロー,共通,,True,守り人ナインのヒーロースキルが使えるようになる。このカードは最初の手札に必ず来る,,1,,0,MEDIUM_IMPLEMENTED_NAME_PRESENT,https://gameconductor.com/dqrivals/c/d/1578
custom_hero_reck,勇者レック,1,ヒーロー,共通,英雄,True,勇者レックのヒーロースキルが使えるようになる。このカードは最初の手札に必ず来る,,9,,0,MEDIUM_IMPLEMENTED_NAME_PRESENT,
card_eb476849,ダークホビット,2,ユニット,共通,なし,True,熟練度(0)、(3)におうだち+1/+1,,2,keyword,0,MEDIUM_IMPLEMENTED_NAME_PRESENT,https://gameconductor.com/dqrivals/c/d/1580
card_6ad406a8,白煙のホワイトビート,2,ユニット,共通,なし,True,召喚時:次の相手のターン終了時までステルスを得る。味方のヒーロースキルを2回まで発動できるようになる,召喚時|相手のターン終了時,6,keyword,2,MEDIUM_IMPLEMENTED_NAME_PRESENT,https://gameconductor.com/dqrivals/c/d/1581
card_fd3ed56e,エビルポット,2,ユニット,共通,なし,True,熟練度(0)、おうえん、死亡時:自分のデッキの上7枚から熟練度を持つカードを1枚引く。残りをデッキの下に戻す。(2)攻撃力+1,死亡時|カードを1枚引く,4,,2,MEDIUM_IMPLEMENTED_NAME_PRESENT,https://gameconductor.com/dqrivals/c/d/1582
card_2d9b1d3d,ゴールドタヌ,2,ユニット,共通,なし,True,召喚時:宝の地図1枚を手札に加える,召喚時|手札に加える,2,,1,MEDIUM_IMPLEMENTED_NAME_PRESENT,https://gameconductor.com/dqrivals/c/d/1583
custom_hero_legendary_hero,伝説の勇者,2,ヒーロー,共通,英雄,True,伝説の勇者のヒーロースキルが使えるようになる。このカードは最初の手札に必ず来る,,8,,0,MEDIUM_IMPLEMENTED_NAME_PRESENT,
card_8f33cf11,カメレオンマン,1,ユニット,戦士,なし,True,味方リーダーが攻撃する度攻撃力+1,,1,,0,MEDIUM_IMPLEMENTED_NAME_PRESENT,https://gameconductor.com/dqrivals/c/d/164
card_474f8f65,しっぷう突き,1,特技,戦士,,True,ユニット1体に1ダメージ。 そのユニットが既にダメージを受けている場合代わりに3ダメージ,ダメージ,4,,0,MEDIUM_IMPLEMENTED_NAME_PRESENT,https://gameconductor.com/dqrivals/c/d/165
card_633fa231,やいばくだき,2,特技,戦士,,True,ユニット1体に2ダメージを与えた後攻撃力-3,ダメージ,2,,0,MEDIUM_IMPLEMENTED_NAME_PRESENT,https://gameconductor.com/dqrivals/c/d/166
card_e9dd1f4a,はがねのつるぎ,2,武器,戦士,,True,,,1,no_text,0,LOW_NO_EFFECT_OR_BASIC,https://gameconductor.com/dqrivals/c/d/167
card_18c22fbc,剣を求めて,1,特技,戦士,,True,自分のデッキから武器カードを1枚引く,カードを1枚引く,1,,1,MEDIUM_IMPLEMENTED_NAME_PRESENT,https://gameconductor.com/dqrivals/c/d/168
card_707a7f3f,とうろうへい,2,ユニット,戦士,なし,True,召喚時：このターン中味方リーダーの攻撃力+1,召喚時,2,,2,MEDIUM_IMPLEMENTED_NAME_PRESENT,https://gameconductor.com/dqrivals/c/d/169
card_a6d11f9e,ぼうれい剣士,3,ユニット,戦士,ゾンビ,True,死亡時：前後にいる味方ユニットの攻撃力+2,死亡時,1,,1,MEDIUM_IMPLEMENTED_NAME_PRESENT,https://gameconductor.com/dqrivals/c/d/170
card_023bcfa6,きせきのつるぎ,4,武器,戦士,,True,ダメージを与えた時味方リーダーのHPを3回復,ダメージ|回復,1,,0,MEDIUM_IMPLEMENTED_NAME_PRESENT,https://gameconductor.com/dqrivals/c/d/171
card_607d1a9a,はやぶさ斬り,1,特技,戦士,,True,ユニット1体にダメージを２回与える,ダメージ,2,,0,MEDIUM_IMPLEMENTED_NAME_PRESENT,https://gameconductor.com/dqrivals/c/d/172
card_59fadad6,メタッピー,2,ユニット,戦士,なし,True,テンションリンク：このターン中味方リーダーが受けるダメージ-3,テンションリンク|ダメージ,1,,2,MEDIUM_IMPLEMENTED_NAME_PRESENT,https://gameconductor.com/dqrivals/c/d/173
card_a003c93b,ひとくいサーベル,2,ユニット,戦士,なし,True,味方リーダーの攻撃で敵ユニットを倒す度敵リーダーに1ダメージ,ダメージ,2,,0,MEDIUM_IMPLEMENTED_NAME_PRESENT,https://gameconductor.com/dqrivals/c/d/174
card_db182e45,まじん斬り,2,特技,戦士,,True,ユニット１体に50%の確率で7ダメージ,ダメージ,2,,0,MEDIUM_IMPLEMENTED_NAME_PRESENT,https://gameconductor.com/dqrivals/c/d/175
card_721be77c,しんくう斬り,2,特技,戦士,,True,ユニット1体に2ダメージを与える。 上下にいるユニットに1ダメージずつ与える,ダメージ,2,,0,MEDIUM_IMPLEMENTED_NAME_PRESENT,https://gameconductor.com/dqrivals/c/d/176
card_9ddf066e,じごくのもんばん,4,ユニット,戦士,なし,True,召喚時：敵ユニット1体をこのユニットの正面に移動させる,召喚時,2,,1,MEDIUM_IMPLEMENTED_NAME_PRESENT,https://gameconductor.com/dqrivals/c/d/177
card_fa02a271,さんぞくウルフ,4,ユニット,戦士,なし,True,味方リーダーの攻撃で敵ユニットを倒す度敵リーダーに2ダメージ,ダメージ,1,,0,MEDIUM_IMPLEMENTED_NAME_PRESENT,https://gameconductor.com/dqrivals/c/d/178
card_ee5768f5,もろば斬り,5,特技,戦士,,True,ユニット1体に7ダメージ、味方リーダーに3ダメージ,ダメージ,2,,0,MEDIUM_IMPLEMENTED_NAME_PRESENT,https://gameconductor.com/dqrivals/c/d/179
card_e80c9408,かばう,1,特技,戦士,,True,次の自分のターンが開始するまで相手はリーダーにしか攻撃できない,,7,,0,MEDIUM_IMPLEMENTED_NAME_PRESENT,https://gameconductor.com/dqrivals/c/d/180
card_b67e7f26,ブラウニー,3,ユニット,戦士,なし,True,味方リーダーの攻撃で敵ユニットを倒す度攻撃力+2,,2,,0,MEDIUM_IMPLEMENTED_NAME_PRESENT,https://gameconductor.com/dqrivals/c/d/181
card_7cce8fca,剣の手入れ,3,特技,戦士,,True,カードを1枚引く、装備中の武器を+1/+1,カードを1枚引く,1,,0,MEDIUM_IMPLEMENTED_NAME_PRESENT,https://gameconductor.com/dqrivals/c/d/182
card_98aa56b5,ギガスラッシュ,3,特技,戦士,,True,縦1列にいる全てのユニットに3ダメージ,ダメージ,1,,1,MEDIUM_IMPLEMENTED_NAME_PRESENT,https://gameconductor.com/dqrivals/c/d/183
card_3b83de7d,たてまじん,4,ユニット,戦士,なし,True,前列にいる場合味方リーダーが受けるダメージ-1,前列にいる場合|ダメージ,2,,0,MEDIUM_IMPLEMENTED_NAME_PRESENT,https://gameconductor.com/dqrivals/c/d/184
card_d265df6b,しにがみきぞく,5,ユニット,戦士,ゾンビ,True,貫通、召喚時：味方リーダーのHPが15以下の場合速攻を得る,召喚時,2,keyword,1,MEDIUM_IMPLEMENTED_NAME_PRESENT,https://gameconductor.com/dqrivals/c/d/185
card_237d6b84,おにこぞう,3,ユニット,戦士,なし,True,自分のターン開始時このユニットが前列にいる場合7/7おにこんぼうに変身する,自分のターン開始時|前列にいる場合|このユニットが|変身,2,,1,MEDIUM_IMPLEMENTED_NAME_PRESENT,https://gameconductor.com/dqrivals/c/d/186
card_52550e55,ドラゴンソルジャー,5,ユニット,戦士,ドラゴン,True,対戦中に味方リーダーが攻撃した回数分攻撃力+1,,5,,0,MEDIUM_IMPLEMENTED_NAME_PRESENT,https://gameconductor.com/dqrivals/c/d/187
card_241588ff,ギガブレイク,5,特技,戦士,,True,縦1列にいる全てのユニットに4ダメージを与える。味方リーダーのHPが15以下の場合代わりに6ダメージ。,ダメージ,1,,1,MEDIUM_IMPLEMENTED_NAME_PRESENT,https://gameconductor.com/dqrivals/c/d/188
card_289dda8a,からくりしょうぐん,6,ユニット,戦士,なし,True,召喚時：味方リーダーが装備中の武器を+1/+1,召喚時,1,,1,MEDIUM_IMPLEMENTED_NAME_PRESENT,https://gameconductor.com/dqrivals/c/d/189
card_f104008f,ジゴスパーク,6,特技,戦士,,True,必殺技、全ての敵ユニットに3ダメージ。対戦中に味方リーダーが攻撃した回数分ダメージ+1,ダメージ,1,,1,MEDIUM_IMPLEMENTED_NAME_PRESENT,https://gameconductor.com/dqrivals/c/d/190
card_7cf567fa,雷鳴の剣,7,武器,戦士,,True,味方リーダーが攻撃した後ランダムな敵1体に3ダメージ,攻撃した後|ダメージ|ランダム,1,,1,MEDIUM_IMPLEMENTED_NAME_PRESENT,https://gameconductor.com/dqrivals/c/d/191
card_67086dac,パパス,5,ユニット,戦士,冒険者,True,死亡時：4/2のパパスの剣を装備する,死亡時,5,,1,MEDIUM_IMPLEMENTED_NAME_PRESENT,https://gameconductor.com/dqrivals/c/d/192
card_ee31c3a0,アトラス,6,ユニット,戦士,なし,True,攻撃時：このターン中味方リーダーの攻撃力分攻撃力が上がる,攻撃時,4,,2,MEDIUM_IMPLEMENTED_NAME_PRESENT,https://gameconductor.com/dqrivals/c/d/193
card_8d39f7bb,孤高の剣技,3,特技,戦士,,True,このターン中味方リーダーは攻撃力+3と受けるダメージ-3を得る,ダメージ,1,,1,MEDIUM_IMPLEMENTED_NAME_PRESENT,https://gameconductor.com/dqrivals/c/d/385
card_b6af2286,アイアンクック,3,ユニット,戦士,なし,True,召喚時：次の自分のターン開始時まで味方リーダーが受けるダメージ-1 スキルブースト:受けるダメージ-1,召喚時|自分のターン開始時|ダメージ,1,,1,MEDIUM_IMPLEMENTED_NAME_PRESENT,https://gameconductor.com/dqrivals/c/d/392
card_6b25774d,ボーンファイター,5,ユニット,戦士,ゾンビ,True,召喚時：自分のデッキと手札にある武器カードのコスト-1,召喚時|コスト,1,,3,MEDIUM_IMPLEMENTED_NAME_PRESENT,https://gameconductor.com/dqrivals/c/d/396
card_2548983c,はじゃのつるぎ,3,武器,戦士,,True,召喚時:横1列にいる全ての敵ユニットに1ダメージを与える,召喚時|ダメージ,1,,2,MEDIUM_IMPLEMENTED_NAME_PRESENT,https://gameconductor.com/dqrivals/c/d/426
card_af5967db,くびかりぞく,4,ユニット,戦士,なし,True,味方リーダーの攻撃で敵ユニットを倒す度味方リーダーのテンション+1,,2,,0,MEDIUM_IMPLEMENTED_NAME_PRESENT,https://gameconductor.com/dqrivals/c/d/427
card_9da6f4c2,ビッグシールド,2,特技,戦士,,True,おうえん、次の自分のターン開始時まで味方リーダーが受けるダメージ-2,自分のターン開始時|ダメージ,1,basic_keyword_generic,0,LOW_NO_EFFECT_OR_BASIC,https://gameconductor.com/dqrivals/c/d/431
card_0b6eeb6e,デュラン,8,ユニット,戦士,魔王,True,におうだち、自分のターン中見方リーダーは攻撃力+2を得る。 味方リーダーのHPが15以下の場合代わりに攻撃力+4を得る。,,2,basic_keyword_generic,0,LOW_NO_EFFECT_OR_BASIC,https://gameconductor.com/dqrivals/c/d/456
card_0e123e1f,神速の剣圧,1,特技,戦士,,True,おうえん、ユニット1体を1マス下に移動させる,,0,basic_keyword_generic,0,LOW_NO_EFFECT_OR_BASIC,https://gameconductor.com/dqrivals/c/d/457
card_a780fe36,オクトセントリー,5,ユニット,戦士,なし,True,貫通、味方リーダーの攻撃で敵ユニットを倒す度味方リーダーのHPを3回復,回復,1,basic_keyword_generic,0,LOW_NO_EFFECT_OR_BASIC,https://gameconductor.com/dqrivals/c/d/458
card_b348c207,ダークランサー,6,ユニット,戦士,スライム,True,貫通を持つ他の全ての味方の攻撃力+1、スキルブースト:味方の攻撃力+1,,2,keyword,1,MEDIUM_IMPLEMENTED_NAME_PRESENT,https://gameconductor.com/dqrivals/c/d/459
card_f24d46ee,グレイグ,4,ユニット,戦士,冒険者,True,におうだち、召喚時：次の相手のターン中このユニットが受けつダメージは1になる。,召喚時|このユニットが|ダメージ,6,keyword,1,MEDIUM_IMPLEMENTED_NAME_PRESENT,https://gameconductor.com/dqrivals/c/d/475
card_d27b76c8,牙王ゴースネル,6,ユニット,戦士,なし,True,召喚時：味方リーダーの攻撃力が4以上ある場合正面にいる全てのユニットに4ダメージ。,召喚時|ダメージ,1,,2,MEDIUM_IMPLEMENTED_NAME_PRESENT,https://gameconductor.com/dqrivals/c/d/476
card_262057e1,剣神の領域,2,特技,戦士,,True,指定のマスの地形を刃の紋章に変える。自分のデッキから武器カードを1枚引く。,カードを1枚引く,2,,1,MEDIUM_IMPLEMENTED_NAME_PRESENT,https://gameconductor.com/dqrivals/c/d/498
card_6d736276,ズッキーニャ,2,ユニット,戦士,なし,True,召喚時:召喚されたマスの地形を刃の紋章に変える。この効果で地形の上書きはできない。,召喚時,1,,1,MEDIUM_IMPLEMENTED_NAME_PRESENT,https://gameconductor.com/dqrivals/c/d/504
card_95b61500,かえん斬り,2,特技,戦士,,True,ユニット1体に味方リーダーの攻撃力と同じダメージを与える。,ダメージ,2,,0,MEDIUM_IMPLEMENTED_NAME_PRESENT,https://gameconductor.com/dqrivals/c/d/505
card_0ac53622,ネクロバルサ,5,ユニット,戦士,なし,True,召喚時:味方リーダーの攻撃力が4以上ある場合武器の耐久力を+2する。,召喚時,1,,1,MEDIUM_IMPLEMENTED_NAME_PRESENT,https://gameconductor.com/dqrivals/c/d/506
card_0f2b3b71,さんぞくのサーベル,1,武器,戦士,,True,,,1,no_text,0,LOW_NO_EFFECT_OR_BASIC,https://gameconductor.com/dqrivals/c/d/548
card_a9a8dd90,凌駕する力,2,特技,戦士,,True,味方ユニット1体の攻撃力を+1した後「このターン反撃ダメージ無効」を付与する,ダメージ,2,,1,MEDIUM_IMPLEMENTED_NAME_PRESENT,https://gameconductor.com/dqrivals/c/d/549
card_7ef28896,サタンメイル,4,ユニット,戦士,なし,True,召喚時:味方1マスの地形を刃の紋章に変える。 この効果で地形の上書きはできない。,召喚時,2,,1,MEDIUM_IMPLEMENTED_NAME_PRESENT,https://gameconductor.com/dqrivals/c/d/550
card_5061ec0a,おしゃれなバンダナ,6,特技,戦士,,True,カードを2枚引く。 味方リーダーの攻撃力が4以上ある場合このカードのコスト-4,コスト,1,,1,MEDIUM_IMPLEMENTED_NAME_PRESENT,https://gameconductor.com/dqrivals/c/d/551
card_4f71e09c,剣の錬成,3,特技,戦士,,True,この対戦中に壊れた自分の武器カードからランダムな1枚を手札に加えそれを+1/+1する。,ランダム,2,,2,MEDIUM_IMPLEMENTED_NAME_PRESENT,https://gameconductor.com/dqrivals/c/d/581
card_cb6f8c12,ヘルオーディン,5,ユニット,戦士,ゾンビ,True,におうだち、パワフルバッジ：ゾンビ系の味方ユニットは貫通を得る。,パワフルバッジ,1,badge_engine+keyword,1,MEDIUM_IMPLEMENTED_NAME_PRESENT,https://gameconductor.com/dqrivals/c/d/593
card_50c00faa,剣豪の闘志,3,特技,戦士,,True,このターン中味方リーダーの攻撃力+2。スキルブースト：攻撃力+1,,2,,1,MEDIUM_IMPLEMENTED_NAME_PRESENT,https://gameconductor.com/dqrivals/c/d/607
card_89fc2017,ガスト,3,ユニット,戦士,なし,True,パワフルバッジ：ゾンビ系の味方ユニットのHP+1,パワフルバッジ,0,badge_engine,1,MEDIUM_GENERIC_ENGINE_ONLY,https://gameconductor.com/dqrivals/c/d/608
card_8f91e962,ゾンビマスター,4,ユニット,戦士,なし,True,召喚時：ゾンビ系の味方ユニット1体に死亡時：このカードを手札に加えるを付与する,召喚時|死亡時|手札に加える,4,,2,MEDIUM_IMPLEMENTED_NAME_PRESENT,https://gameconductor.com/dqrivals/c/d/609
card_a1d4a4e6,黒騎士レオコーン,8,ユニット,戦士,ゾンビ,True,パワフルバッジ：ゾンビ系の味方ユニットは速攻を得る,パワフルバッジ,0,badge_engine+keyword,1,MEDIUM_GENERIC_ENGINE_ONLY,https://gameconductor.com/dqrivals/c/d/610
card_6bf41b47,背水のかまえ,0,特技,戦士,,False,味方リーダーのHPを15になるまで減らす,,2,,0,MEDIUM_IMPLEMENTED_NAME_PRESENT,https://gameconductor.com/dqrivals/c/d/648
card_3fa888c3,大怨霊マアモン,7,ユニット,戦士,ゾンビ,True,対戦中に死亡したゾンビ系の味方ユニットの数だけコスト-1,コスト,1,,1,MEDIUM_IMPLEMENTED_NAME_PRESENT,https://gameconductor.com/dqrivals/c/d/649
card_6b9819af,じごくのサーベル,8,武器,戦士,,True,対戦中に死亡したゾンビ系の味方ユニットの数だけコスト-1,コスト,1,,1,MEDIUM_IMPLEMENTED_NAME_PRESENT,https://gameconductor.com/dqrivals/c/d/650
card_8952dfca,ことだまつかい,1,ユニット,戦士,ゾンビ,True,死亡時：お互いのリーダーに2ダメージ,死亡時|ダメージ,1,,1,MEDIUM_IMPLEMENTED_NAME_PRESENT,https://gameconductor.com/dqrivals/c/d/651
card_76c0a472,こんぼう,1,武器,戦士,,False,,,16,no_text,0,LOW_NO_EFFECT_OR_BASIC,https://gameconductor.com/dqrivals/c/d/713
card_2c7e834e,パパスの剣,4,武器,戦士,,False,,,2,no_text,0,LOW_NO_EFFECT_OR_BASIC,https://gameconductor.com/dqrivals/c/d/714
card_ea23bc07,ライアン,9,ユニット,戦士,冒険者,True,貫通、召喚時：前列に召喚した場合ホイミンを後ろに出す。対戦中に味方リーダーが攻撃した回数分コスト-1,召喚時|コスト,5,keyword,2,MEDIUM_IMPLEMENTED_NAME_PRESENT,https://gameconductor.com/dqrivals/c/d/738
card_47295620,ホイミン,2,ユニット,戦士,スライム,False,自分のターン終了時ダメージを受けている他の味方１体のHPを３回復。 自分の場にライアンがいる間ホイミンはダメージを受けない。,自分のターン終了時|ダメージ|回復,4,,0,MEDIUM_IMPLEMENTED_NAME_PRESENT,https://gameconductor.com/dqrivals/c/d/739
card_3ed7612d,はやぶさの剣,4,武器,戦士,,True,2回攻撃、敵リーダーを攻撃できない,,0,basic_keyword_generic,0,LOW_NO_EFFECT_OR_BASIC,https://gameconductor.com/dqrivals/c/d/746
card_51e3a4ad,パプリカン,3,ユニット,戦士,なし,True,召喚時：味方ヒーローがいる場合装備中の武器を+1/+1,召喚時,1,,1,MEDIUM_IMPLEMENTED_NAME_PRESENT,https://gameconductor.com/dqrivals/c/d/756
card_8decb006,大ぼうぎょ,2,特技,戦士,,True,ユニット1体を+2/+2、味方リーダーのHPが15以下の場合さらににおうだちを付与する,,0,basic_keyword_generic,0,LOW_NO_EFFECT_OR_BASIC,https://gameconductor.com/dqrivals/c/d/763
card_e8cd0f95,やいばのボディ,0,特技,戦士,,True,必殺技、この対戦の間味方リーダーが敵に攻撃された場合1ダメージ反撃をする,ダメージ,5,,0,MEDIUM_IMPLEMENTED_NAME_PRESENT,https://gameconductor.com/dqrivals/c/d/777
card_d7077797,ブラッドソード,2,ユニット,戦士,なし,True,死亡時：味方ヒーローがいる場合自分のデッキからコスト2以下の武器を装備する。,死亡時|コスト,1,,3,MEDIUM_IMPLEMENTED_NAME_PRESENT,https://gameconductor.com/dqrivals/c/d/794
card_23f82007,突撃命令,2,特技,戦士,,True,全ての味方ユニットに貫通を付与する,,0,keyword,1,MEDIUM_GENERIC_ENGINE_ONLY,https://gameconductor.com/dqrivals/c/d/795
card_483c5e64,かばうの心得,2,特技,戦士,,True,この対戦の間自分のかばうの効果が発動している場合受けるダメージが1減る。かばうを手札に加える。,手札に加える|ダメージ,2,,0,MEDIUM_IMPLEMENTED_NAME_PRESENT,https://gameconductor.com/dqrivals/c/d/821
card_a60d441a,エビルスピリッツ,2,ユニット,戦士,ゾンビ,True,ステルス、このユニットの攻撃は味方リーダーの攻撃としても扱う,,4,basic_keyword_generic,0,LOW_NO_EFFECT_OR_BASIC,https://gameconductor.com/dqrivals/c/d/838
card_6ebbbeb0,デビルアーマー,7,ユニット,戦士,なし,True,召喚時：味方ヒーローがいる場合手札にあるランダムな武器を装備する,召喚時|ランダム,1,,2,MEDIUM_IMPLEMENTED_NAME_PRESENT,https://gameconductor.com/dqrivals/c/d/839
card_ca70c237,青い閃光,1,特技,戦士,,True,このターン中味方リーダーは攻撃力+2を得る。 全ての味方ユニットを絶好調状態に戻す。,,1,,2,MEDIUM_IMPLEMENTED_NAME_PRESENT,https://gameconductor.com/dqrivals/c/d/865
card_c4a3f7b9,ケムケムベス,3,ユニット,戦士,なし,True,絶好調、このユニットは絶好調状態ではない場合攻撃できない,,1,basic_keyword_generic,0,LOW_NO_EFFECT_OR_BASIC,https://gameconductor.com/dqrivals/c/d/866
card_2e3a7eda,じごくのハサミ,2,ユニット,戦士,なし,True,絶好調、このユニットが絶好調状態なら相手のターン中このユニットが受けるダメージは1になる。,このユニットが|ダメージ,2,basic_keyword_generic,0,LOW_NO_EFFECT_OR_BASIC,https://gameconductor.com/dqrivals/c/d/867
card_67400681,少年テリー,2,ユニット,戦士,冒険者,True,召喚時：味方リーダーのテンションスキルをモンスターマスターに変える,召喚時,1,,1,MEDIUM_IMPLEMENTED_NAME_PRESENT,https://gameconductor.com/dqrivals/c/d/888
card_2404a9f4,モンスターマスター,0,トークン,戦士,,False,「青い闘魂スラぼう」「豪腕王アントン」「韋駄天のドラまさ」からランダムに1体出す,ランダム,8,,1,MEDIUM_IMPLEMENTED_NAME_PRESENT,https://gameconductor.com/dqrivals/c/d/889
card_f9087fd7,豪腕王アントン,3,ユニット,戦士,なし,False,絶好調、貫通、におうだち、このユニットが絶好調状態なら攻撃力+2を得る,このユニットが,1,basic_keyword_generic,0,LOW_NO_EFFECT_OR_BASIC,https://gameconductor.com/dqrivals/c/d/890
card_41616b9f,韋駄天のドラまさ,3,ユニット,戦士,なし,False,絶好調、速攻、ねらい撃ち このユニットが敵リーダーを攻撃した時絶好調状態ならカードを1枚引く,このユニットが|カードを1枚引く,3,basic_keyword_generic,0,LOW_NO_EFFECT_OR_BASIC,https://gameconductor.com/dqrivals/c/d/891
card_188b5598,青い闘魂スラぼう,3,ユニット,戦士,スライム,False,絶好調、自分のターン終了時このユニットが絶好調状態ならランダムな敵1体に3ダメージ,自分のターン終了時|このユニットが|ダメージ|ランダム,2,,1,MEDIUM_IMPLEMENTED_NAME_PRESENT,https://gameconductor.com/dqrivals/c/d/892
card_7c6baf41,みなごろし,2,特技,戦士,,True,敵味方全てのユニットの中からランダムな1体に8ダメージ,ダメージ|ランダム,1,,2,MEDIUM_IMPLEMENTED_NAME_PRESENT,https://gameconductor.com/dqrivals/c/d/894
card_b967603e,おおありくい,1,ユニット,戦士,なし,True,絶好調状態の味方ユニットが攻撃する度このターン中味方リーダーは攻撃力+1を得る,,2,,1,MEDIUM_IMPLEMENTED_NAME_PRESENT,https://gameconductor.com/dqrivals/c/d/921
card_884d1edf,兵士長の剣,2,武器,戦士,,True,味方リーダーが攻撃した後全ての味方ユニットを絶好調状態に戻す,攻撃した後,2,,1,MEDIUM_IMPLEMENTED_NAME_PRESENT,https://gameconductor.com/dqrivals/c/d/922
card_9f800622,ダンスニードル,2,ユニット,戦士,なし,True,貫通、貫通を持つ他の全ての味方ユニットの攻撃力+1,,1,keyword,1,MEDIUM_IMPLEMENTED_NAME_PRESENT,https://gameconductor.com/dqrivals/c/d/948
card_709722fd,孤軍奮闘,2,特技,戦士,,True,カードを1枚引く。このカード以外の手札が1枚以下の場合代わりに2枚引く,カードを1枚引く,1,,0,MEDIUM_IMPLEMENTED_NAME_PRESENT,https://gameconductor.com/dqrivals/c/d/949
card_b210a280,ブルサベージ,4,ユニット,戦士,なし,True,絶好調、絶好調状態のユニットが攻撃する度このユニットの攻撃力+2,,3,basic_keyword_generic,0,LOW_NO_EFFECT_OR_BASIC,https://gameconductor.com/dqrivals/c/d/950
card_438f4ecf,ミラクルブレイド,2,特技,戦士,,True,必殺技：敵ユニット1体に3ダメージ。この対戦中に味方リーダーが攻撃した回数分+1ダメージ。このカードで与えたダメージ分味方リーダーのHPを回復する,ダメージ|回復,2,,1,MEDIUM_IMPLEMENTED_NAME_PRESENT,https://gameconductor.com/dqrivals/c/d/986
card_25b8f4de,ウパソルジャー,3,ユニット,戦士,なし,True,絶好調、絶好調状態の味方ユニットが攻撃する度このターン中味方リーダーは攻撃力+1を得る,,4,,1,MEDIUM_IMPLEMENTED_NAME_PRESENT,https://gameconductor.com/dqrivals/c/d/987
card_81c13971,いなずまのけん,7,武器,戦士,,True,召喚時&この武器が壊れた時：全ての敵ユニットに2ダメージ,召喚時|ダメージ,2,,2,MEDIUM_IMPLEMENTED_NAME_PRESENT,https://gameconductor.com/dqrivals/c/d/988
card_e8c86029,ムドー,6,ユニット,戦士,魔王,True,敵ユニット1体を手札に戻し石化状態にする。そうしたと場合、相手のデッキの上から3番目に夢と現実の再会を置く,,2,,1,MEDIUM_IMPLEMENTED_NAME_PRESENT,https://gameconductor.com/dqrivals/c/d/1010
card_bf650963,夢と現実の再会,0,特技,戦士,,False,カードを1枚引く。自分の手札にある全てのカードの石化状態を解除した後コストを0にする。,カードを1枚引く|コスト,5,,2,MEDIUM_IMPLEMENTED_NAME_PRESENT,https://gameconductor.com/dqrivals/c/d/1011
card_1a165eb8,ニセたいこう,2,ユニット,戦士,なし,True,召喚時：次に場に出る魔王系の味方ユニットににおうだちを付与する,召喚時|場に出る,2,keyword,1,MEDIUM_IMPLEMENTED_NAME_PRESENT,https://gameconductor.com/dqrivals/c/d/1022
card_218d66e6,じごくのやいば,3,武器,戦士,,True,この武器が壊れた時手札とデッキにある魔王系のユニットカードのコスト-1,コスト,5,,2,MEDIUM_IMPLEMENTED_NAME_PRESENT,https://gameconductor.com/dqrivals/c/d/1041
card_57c176d5,ヘルビースト,4,ユニット,戦士,なし,True,におうだち、召喚時：自分の手札に魔王系のカードがあるなら+2/+2,召喚時,1,keyword,1,MEDIUM_IMPLEMENTED_NAME_PRESENT,https://gameconductor.com/dqrivals/c/d/1042
card_b85d8d5e,ギュメイ将軍,5,ユニット,戦士,なし,True,貫通、このユニット以外の全ての敵味方は戦闘ダメージとデッキ切れによるダメージのみ受ける,ダメージ,6,keyword,2,MEDIUM_IMPLEMENTED_NAME_PRESENT,https://gameconductor.com/dqrivals/c/d/1065
card_3aa81db3,しんくうは,3,特技,戦士,,True,横一列にいる全ての敵ユニットに味方リーダーの攻撃力と同じダメージを与える,ダメージ,1,,1,MEDIUM_IMPLEMENTED_NAME_PRESENT,https://gameconductor.com/dqrivals/c/d/1077
card_1c275bac,力への渇望,2,特技,戦士,,True,自分のデッキから魔王系のランダムユニットカードをランダムに1枚手札に加える。自分のHPが15枚以下ならさらにカードを1枚引く,カードを1枚引く|手札に加える|ランダム,1,,2,MEDIUM_IMPLEMENTED_NAME_PRESENT,https://gameconductor.com/dqrivals/c/d/1078
card_0562e62d,ナイトリッチ,3,ユニット,戦士,ゾンビ,True,召喚時：自分の手札に魔王系カードがあるなら他の全てのユニットに2ダメージ,召喚時|ダメージ,1,,2,MEDIUM_IMPLEMENTED_NAME_PRESENT,https://gameconductor.com/dqrivals/c/d/1079
card_78ce20c1,ギズモ,2,ユニット,戦士,なし,True,召喚時：GET(1) BET:正面にいる全ての敵ユニットに1ダメージ,召喚時|BET|GET|ダメージ,6,bet_engine+get_engine,4,MEDIUM_IMPLEMENTED_NAME_PRESENT,https://gameconductor.com/dqrivals/c/d/1099
card_c7dd3eeb,シールドアタック,2,特技,戦士,,True,このターン中味方リーダーの攻撃力+1、次の相手ターン終了時まで味方リーダーが受けるダメージ-1。カードを1枚引く,カードを1枚引く|ダメージ,1,,1,MEDIUM_IMPLEMENTED_NAME_PRESENT,https://gameconductor.com/dqrivals/c/d/1100
card_2cf0bf32,おまもりコイン,3,特技,戦士,,True,GET(1)、その後、次の相手のターン終了時まで自分の手札にあるコインの枚数分味方リーダーが受けるダメージ-1,GET|相手のターン終了時|ダメージ,1,get_engine,2,MEDIUM_IMPLEMENTED_NAME_PRESENT,https://gameconductor.com/dqrivals/c/d/1101
card_964be980,戦士の交換所,0,特技,戦士,,True,手札のコインを消費して以下の景品と交換する。1枚：おしゃれなバンダナ、2枚：コスト3のはやぶさの剣、3枚：ドラゴンシールド その後カードを1枚引く,カードを1枚引く|コスト,1,,1,MEDIUM_IMPLEMENTED_NAME_PRESENT,https://gameconductor.com/dqrivals/c/d/1140
card_816e9972,新たなチカラへの対価,1,特技,戦士,,True,装備している武器の耐久力と同じ数分カードを1枚引く。装備している武器を破壊する。武器を装備していない場合こんぼう1枚を手札に加える。,カードを1枚引く|手札に加える,1,,0,MEDIUM_IMPLEMENTED_NAME_PRESENT,https://gameconductor.com/dqrivals/c/d/1141
card_9b096ce0,ドラゴンシールド,2,特技,戦士,,False,全ての味方に「次のターン終了時まで受けるダメージ-1」を付与する。この対戦中に味方リーダーが攻撃した回数分受けるダメージ-1,ダメージ,1,,2,MEDIUM_IMPLEMENTED_NAME_PRESENT,https://gameconductor.com/dqrivals/c/d/1142
card_63b92c04,まかいファイター,6,ユニット,戦士,ドラゴン,True,召喚時：GET(1)、BET：このターン中味方リーダーの攻撃力+1、このBETが4回発動する度まかいファイターを1体だす,召喚時|BET|GET,3,bet_engine+get_engine,4,MEDIUM_IMPLEMENTED_NAME_PRESENT,https://gameconductor.com/dqrivals/c/d/1143
card_8aa08ebc,ローズバトラー,5,ユニット,戦士,なし,True,味方リーダーへの敵の攻撃や効果の対象はこのユニットに変更される。ダメージを与えたユニットを毒にする,毒|ダメージ,3,,0,MEDIUM_IMPLEMENTED_NAME_PRESENT,https://gameconductor.com/dqrivals/c/d/1177
card_2d4fd963,ランタンこぞう,1,ユニット,戦士,なし,True,味方リーダーが攻撃する度カードを1枚引く、その後手札を1枚捨てる,カードを1枚引く,2,,0,MEDIUM_IMPLEMENTED_NAME_PRESENT,https://gameconductor.com/dqrivals/c/d/1183
card_297ab628,ファイアボール,3,ユニット,戦士,なし,True,召喚時：GET(1)。BET：このターン中、味方リーダーが受けるダメージ-5。,召喚時|BET|GET|ダメージ,4,bet_engine+get_engine,4,MEDIUM_IMPLEMENTED_NAME_PRESENT,https://gameconductor.com/dqrivals/c/d/1184
card_204eddbd,突風の剣,4,武器,戦士,,True,貫通、召喚時:GET(1)、BET:全ての敵ユニットを1マス上に移動させる,召喚時|BET|GET,0,bet_engine+get_engine+keyword,4,MEDIUM_GENERIC_ENGINE_ONLY,https://gameconductor.com/dqrivals/c/d/1185
card_71e6a494,アイラ,6,ユニット,戦士,冒険者,True,召喚時：GET(2)。BET：ランダムな武器を味方リーダーに装備する。,召喚時|BET|GET|ランダム,4,bet_engine+get_engine,4,MEDIUM_IMPLEMENTED_NAME_PRESENT,https://gameconductor.com/dqrivals/c/d/1186
card_dca6b7ae,アルゴリザード,2,ユニット,戦士,ドラゴン,True,速攻、れんけい：敵ユニット1体に2ダメージ,れんけい|ダメージ,4,keyword+renkei_engine,1,MEDIUM_IMPLEMENTED_NAME_PRESENT,https://gameconductor.com/dqrivals/c/d/1246
card_1e988827,ファーリス王子,2,ユニット,戦士,冒険者,True,自分のターン終了時このユニットがブロックされているなら味方リーダーのテンション+1、カードを1枚引く,自分のターン終了時|このユニットが|カードを1枚引く,4,,0,MEDIUM_IMPLEMENTED_NAME_PRESENT,https://gameconductor.com/dqrivals/c/d/1247
card_26906064,ナイトキング,3,ユニット,戦士,ゾンビ,True,におうだち、れんけい：味方リーダーのHPを4回復,れんけい|回復,1,keyword+renkei_engine,1,MEDIUM_IMPLEMENTED_NAME_PRESENT,https://gameconductor.com/dqrivals/c/d/1248
card_6772ad3c,いなずまビリー,3,ユニット,戦士,なし,True,召喚時：このユニットの攻撃力とにおうだちを持つ敵ユニット1体を死亡させる。スキルブースト:攻撃力+1,召喚時,1,keyword,1,MEDIUM_IMPLEMENTED_NAME_PRESENT,https://gameconductor.com/dqrivals/c/d/1249
card_a0bd7b10,プラチナソード,3,武器,戦士,,True,召喚時:味方リーダーのHPが15以下の場合カードを1枚引く,召喚時|カードを1枚引く,1,,1,MEDIUM_IMPLEMENTED_NAME_PRESENT,https://gameconductor.com/dqrivals/c/d/1250
card_c2dc31b2,最後の砦の英雄グレイグ,4,ユニット,戦士,冒険者,True,におうだち、れんけい：正面にいる全ての敵ユニットに2ダメージ。敵ユニットが死亡する度攻撃力+1,れんけい|ダメージ,4,keyword+renkei_engine,2,MEDIUM_IMPLEMENTED_NAME_PRESENT,https://gameconductor.com/dqrivals/c/d/1251
card_693b4cda,稲妻雷光斬,4,特技,戦士,,True,横1列にいる全ての敵ユニットに4ダメージ。他の全ての敵ユニットに1ダメージ,ダメージ,2,,1,MEDIUM_IMPLEMENTED_NAME_PRESENT,https://gameconductor.com/dqrivals/c/d/1252
card_d13dbf79,キングムーチョ,5,ユニット,戦士,なし,True,におうだち、召喚時：味方ヒーローがいる場合味方リーダーが装備中の武器を+1/+1,召喚時,1,keyword,1,MEDIUM_IMPLEMENTED_NAME_PRESENT,https://gameconductor.com/dqrivals/c/d/1253
card_86034a77,マッドファルコン,8,ユニット,戦士,なし,True,速攻、この対戦中に味方リーダーが攻撃した回数分コスト-1,コスト,2,keyword,2,MEDIUM_IMPLEMENTED_NAME_PRESENT,https://gameconductor.com/dqrivals/c/d/1254
card_84df096e,キラーG,2,ユニット,戦士,なし,True,貫通、ステルス、死亡時：味方建物があるならカードを1枚引く,死亡時|カードを1枚引く,2,keyword,1,MEDIUM_IMPLEMENTED_NAME_PRESENT,https://gameconductor.com/dqrivals/c/d/1341
card_bebceba3,武器屋,2,建物,戦士,,True,召喚時:自分のデッキからコスト5以下の武器カードを1枚引く。武器ダメージ+1、自分のターン終了時耐久値-1,召喚時|自分のターン終了時|カードを1枚引く|ダメージ|コスト,4,,3,MEDIUM_IMPLEMENTED_NAME_PRESENT,https://gameconductor.com/dqrivals/c/d/1342
card_0361945e,メルビン,3,ユニット,戦士,冒険者,True,貫通、死亡時：ホットストーンに封じられ召喚者の山札の上から3番目にホットストーンが配置される,死亡時,13,keyword,2,MEDIUM_IMPLEMENTED_NAME_PRESENT,https://gameconductor.com/dqrivals/c/d/1343
card_ae660737,魔法の剣,3,武器,戦士,,True,召喚時：貫通を持つ味方ユニット1体にさくせんを出す,召喚時,0,keyword,1,MEDIUM_GENERIC_ENGINE_ONLY,https://gameconductor.com/dqrivals/c/d/1344
card_fb3d75b3,修練のたてまじん,4,ユニット,戦士,なし,True,におうだち、召喚時：味方リーダーが武器を装備している場合このユニットにさくせんを出す,召喚時,1,keyword,1,MEDIUM_IMPLEMENTED_NAME_PRESENT,https://gameconductor.com/dqrivals/c/d/1345
card_edc7cece,ファラリスブル,4,ユニット,戦士,なし,True,召喚時：味方リーダーが装備中の武器の耐久力+1、対戦中に味方建物が3つ以上出ていたら代わりに味方リーダーが装備中の武器を+1/+2,召喚時,1,,1,MEDIUM_IMPLEMENTED_NAME_PRESENT,https://gameconductor.com/dqrivals/c/d/1346
card_fb9188a4,レッドサイクロン,5,ユニット,戦士,なし,True,自分のターン終了時にお互いのリーダーに2ダメージ。味方リーダーのHPが15以下の場合代わりに自分のターン終了時敵リーダーに2ダメージ,自分のターン終了時|ダメージ,1,,0,MEDIUM_IMPLEMENTED_NAME_PRESENT,https://gameconductor.com/dqrivals/c/d/1347
card_fe496694,ムチおとこ,6,ユニット,戦士,なし,True,前列召喚時：自分の手札から武器カードを1枚選んで捨てる。そうした場合、カードを3枚引く。後列召喚時：自分のデッキからコスト3以下の武器カードを1枚引く,召喚時|カードを1枚引く|コスト,1,,3,MEDIUM_IMPLEMENTED_NAME_PRESENT,https://gameconductor.com/dqrivals/c/d/1348
card_2eab1cc2,ドランゴ,5,ユニット,戦士,ドラゴン,True,味方リーダーが攻撃した後ランダムな横一列にいる全ての敵ユニットと敵リーダーに2ダメージ。このユニットは冒険者としても扱う,攻撃した後|ダメージ|ランダム,5,,2,MEDIUM_IMPLEMENTED_NAME_PRESENT,https://gameconductor.com/dqrivals/c/d/1349
card_685133b0,悪霊の神々アトラス,6,ユニット,戦士,なし,True,貫通、貫通を持つ味方ユニットが攻撃した後攻撃力+1、死亡時：このユニットの攻撃力と同じ攻撃力を持つこんぼうを味方リーダーに装備する。,死亡時|攻撃した後,2,keyword,1,MEDIUM_IMPLEMENTED_NAME_PRESENT,https://gameconductor.com/dqrivals/c/d/1443
card_78e37c49,突貫のしにがみきぞく,4,ユニット,戦士,ゾンビ,True,貫通、貫通を持つ他の全ての味方の攻撃力+1、味方リーダーのHPが15以下の場合、他の全ての味方ユニットは貫通を得る,,1,keyword,1,MEDIUM_IMPLEMENTED_NAME_PRESENT,https://gameconductor.com/dqrivals/c/d/1446
card_fae01323,闇に堕ちたチカラ,1,特技,戦士,,True,このターン中味方リーダーの攻撃力+1、自分の手札に魔王系カードがあるなら代わりに攻撃力+3,,1,,1,MEDIUM_IMPLEMENTED_NAME_PRESENT,https://gameconductor.com/dqrivals/c/d/1480
card_b1b3f587,救援のドラキー,2,ユニット,戦士,なし,True,選択：・2/1のこんぼう1枚を手札に加える。・このターン中味方リーダーが受けるダメージ-3,選択|手札に加える|ダメージ,5,choice_engine,2,MEDIUM_IMPLEMENTED_NAME_PRESENT,https://gameconductor.com/dqrivals/c/d/1482
card_6b06d90f,戦士の剣,2,武器,戦士,,True,おうえん,,0,basic_keyword_generic,0,LOW_NO_EFFECT_OR_BASIC,https://gameconductor.com/dqrivals/c/d/1483
card_d01f9f56,テラノザース,3,ユニット,戦士,ドラゴン,True,召喚時:自分のデッキに特技カードがないならカードを1枚引く,召喚時|カードを1枚引く,5,,3,MEDIUM_IMPLEMENTED_NAME_PRESENT,https://gameconductor.com/dqrivals/c/d/1484
card_da2514b2,魔王の書,3,ユニット,戦士,なし,True,におうだち、召喚時：このターン中次に召喚する本来のコストが5以上の魔王系カードのコスト-3,召喚時|コスト,3,keyword,3,MEDIUM_IMPLEMENTED_NAME_PRESENT,https://gameconductor.com/dqrivals/c/d/1485
card_2fb626d9,りゅうせんし,4,ユニット,戦士,ドラゴン,True,召喚時：速攻と「このターン中敵リーダーを攻撃できない」を得る。このユニットの攻撃は味方リーダーの攻撃としても扱う,召喚時,4,keyword,2,MEDIUM_IMPLEMENTED_NAME_PRESENT,https://gameconductor.com/dqrivals/c/d/1486
card_325449f2,流浪のヒューザ,4,ユニット,戦士,冒険者,True,召喚時：敵ユニット1体に1ダメージ。対戦中に味方リーダーが攻撃した回数分+1ダメージ,召喚時|ダメージ,2,,1,MEDIUM_IMPLEMENTED_NAME_PRESENT,https://gameconductor.com/dqrivals/c/d/1487
card_1d5a8a96,ゴールデンドラゴン,5,ユニット,戦士,ドラゴン,True,この対戦中に味方リーダーが攻撃した回数分HP+1,,5,,1,MEDIUM_IMPLEMENTED_NAME_PRESENT,https://gameconductor.com/dqrivals/c/d/1488
card_3635d3c2,オリハルゴン,7,ユニット,戦士,ドラゴン,True,自分のターン中味方リーダーは攻撃力+3を得る。前列にいる場合味方リーダーが受けるダメージ-2,前列にいる場合|ダメージ,6,,0,MEDIUM_IMPLEMENTED_NAME_PRESENT,https://gameconductor.com/dqrivals/c/d/1489
card_1791b3f8,グリーンシザー,2,ユニット,戦士,なし,True,正面にいるユニットと戦闘をする場合このターン攻撃力+3、味方冒険者が場に出た後そのユニットの前後に移動する,,5,,1,MEDIUM_IMPLEMENTED_NAME_PRESENT,https://gameconductor.com/dqrivals/c/d/1561
card_548f8912,ローシュ,5,ユニット,戦士,冒険者,True,貫通。味方リーダーが直接攻撃した後、自分のデッキから冒険者カードを1枚引く。れんけい：自分の山札、手札、場の冒険者カードに+1/+1。,攻撃した後|れんけい|カードを1枚引く,4,keyword+renkei_engine,3,MEDIUM_IMPLEMENTED_NAME_PRESENT,https://gameconductor.com/dqrivals/c/d/1562
card_423fbf01,メラ,0,特技,魔法使い,,True,敵1体に1ダメージを与える,ダメージ,53,,0,MEDIUM_IMPLEMENTED_NAME_PRESENT,https://gameconductor.com/dqrivals/c/d/194
card_f0a98fe1,メイジキメラ,2,ユニット,魔法使い,なし,True,自分が特技を使う度攻撃力+1,特技を使う,4,,1,MEDIUM_IMPLEMENTED_NAME_PRESENT,https://gameconductor.com/dqrivals/c/d/195
card_af48d070,イオ,2,特技,魔法使い,,True,全ての敵ユニットに1ダメージ,ダメージ,8,,1,MEDIUM_IMPLEMENTED_NAME_PRESENT,https://gameconductor.com/dqrivals/c/d/196
card_6163d7ef,げんじゅつし,3,ユニット,魔法使い,なし,True,特技ダメージ+1,ダメージ,1,,1,MEDIUM_IMPLEMENTED_NAME_PRESENT,https://gameconductor.com/dqrivals/c/d/197
card_ce7b1ae3,メラミ,2,特技,魔法使い,,True,敵1体に3ダメージを与える,ダメージ,8,,0,MEDIUM_IMPLEMENTED_NAME_PRESENT,https://gameconductor.com/dqrivals/c/d/198
card_1d7bd2b0,セクシービーム,3,特技,魔法使い,,True,このターン中攻撃力2以下の敵ユニット1体を味方にして速攻を付与する,,5,keyword,1,MEDIUM_IMPLEMENTED_NAME_PRESENT,https://gameconductor.com/dqrivals/c/d/199
card_f73356f2,メラゾーマ,4,特技,魔法使い,,True,敵1体に5ダメージを与える,ダメージ,2,,0,MEDIUM_IMPLEMENTED_NAME_PRESENT,https://gameconductor.com/dqrivals/c/d/200
card_ffdbeb2c,イオナズン,7,特技,魔法使い,,True,すべての敵ユニットに3ダメージ,ダメージ,1,,0,MEDIUM_IMPLEMENTED_NAME_PRESENT,https://gameconductor.com/dqrivals/c/d/201
card_6deb53fd,ヒャド,0,特技,魔法使い,,True,ユニット1体に1ダメージを与える 敵の場に氷塊があるなら代わりに3ダメージ,ダメージ,16,,0,MEDIUM_IMPLEMENTED_NAME_PRESENT,https://gameconductor.com/dqrivals/c/d/202
card_420471ea,凍てつく大地,0,特技,魔法使い,,True,指定のマスに氷塊を1つ出す,,1,,0,MEDIUM_IMPLEMENTED_NAME_PRESENT,https://gameconductor.com/dqrivals/c/d/203
card_d29f59a3,みならいあくま,1,ユニット,魔法使い,なし,True,自分が特技を使う度ランダムな敵1体に1ダメージ,特技を使う|ダメージ|ランダム,2,,2,MEDIUM_IMPLEMENTED_NAME_PRESENT,https://gameconductor.com/dqrivals/c/d/205
card_8c221f8f,マジックフライ,2,ユニット,魔法使い,なし,True,死亡時：自分のデッキから特技カードを1枚引く,死亡時|カードを1枚引く,4,,3,MEDIUM_IMPLEMENTED_NAME_PRESENT,https://gameconductor.com/dqrivals/c/d/206
card_4cc8f84c,ひとつめピエロ,2,ユニット,魔法使い,なし,True,テンションリンク：ランダムな敵ユニット1体に1ダメージ,テンションリンク|ダメージ|ランダム,2,,2,MEDIUM_IMPLEMENTED_NAME_PRESENT,https://gameconductor.com/dqrivals/c/d/207
card_ad1d8a4e,魔力かくせい,2,特技,魔法使い,,True,このターン中特技ダメージ+1を得る,ダメージ,1,,2,MEDIUM_IMPLEMENTED_NAME_PRESENT,https://gameconductor.com/dqrivals/c/d/208
card_e2d91752,フロストギズモ,3,ユニット,魔法使い,なし,True,召喚時：指定の敵マスに氷塊を1つ出す,召喚時,1,,1,MEDIUM_IMPLEMENTED_NAME_PRESENT,https://gameconductor.com/dqrivals/c/d/209
card_16b93cfb,魔力の息吹,3,特技,魔法使い,,True,カードを2枚引く,,3,,0,MEDIUM_IMPLEMENTED_NAME_PRESENT,https://gameconductor.com/dqrivals/c/d/210
card_0b483350,早詠みの杖,1,特技,魔法使い,,True,このターン中次に使う特技カードのコスト-3,コスト,1,,3,MEDIUM_IMPLEMENTED_NAME_PRESENT,https://gameconductor.com/dqrivals/c/d/211
card_7c4694c1,ヒャダルコ,2,特技,魔法使い,,True,縦一列にいる氷塊以外の全ての敵ユニットに1ダメージ。 敵の場に氷塊があるなら代わりに3ダメージ。,ダメージ,1,,1,MEDIUM_IMPLEMENTED_NAME_PRESENT,https://gameconductor.com/dqrivals/c/d/212
card_cd91144e,メトロゴースト,4,ユニット,魔法使い,ゾンビ,True,対戦中に自分の使った特技カードの枚数分攻撃力+1,,1,,1,MEDIUM_IMPLEMENTED_NAME_PRESENT,https://gameconductor.com/dqrivals/c/d/213
card_d9f0a8af,ドルイド,4,ユニット,魔法使い,なし,True,召喚時：対戦中に使った特技カード1枚を自分のデッキの一番上に置く。,召喚時,1,,3,MEDIUM_IMPLEMENTED_NAME_PRESENT,https://gameconductor.com/dqrivals/c/d/214
card_7bc0540b,アイスボンバー,4,ユニット,魔法使い,なし,True,ねらい撃ち。召喚時：相手の場に氷塊があるなら+2/+2,召喚時,3,keyword,1,MEDIUM_IMPLEMENTED_NAME_PRESENT,https://gameconductor.com/dqrivals/c/d/215
card_a230716c,ピンクタイフーン,4,特技,魔法使い,,True,縦一列にいる全てのユニットに1ダメージ。 それらのユニットを次のターン攻撃不能にする。,ダメージ,1,,1,MEDIUM_IMPLEMENTED_NAME_PRESENT,https://gameconductor.com/dqrivals/c/d/216
card_279661a4,どくばりの一撃,1,特技,魔法使い,,True,ユニット1体にダメージを与え、20%の確率で代わりに死亡させる。,ダメージ,4,,0,MEDIUM_IMPLEMENTED_NAME_PRESENT,https://gameconductor.com/dqrivals/c/d/217
card_08af4ca5,やまびこのさとり,2,特技,魔法使い,,True,このターン中次に使う特技カードと同じカード1枚を手札に加える,手札に加える,4,,2,MEDIUM_IMPLEMENTED_NAME_PRESENT,https://gameconductor.com/dqrivals/c/d/218
card_9e589120,ぱふぱふ,3,特技,魔法使い,,True,全ての敵ユニットを次のターン攻撃不能にする,,2,,1,MEDIUM_IMPLEMENTED_NAME_PRESENT,https://gameconductor.com/dqrivals/c/d/219
card_6858cc11,ようじゅつし,6,ユニット,魔法使い,なし,True,自分が特技を使う度ランダムな敵1体に2ダメージ,特技を使う|ダメージ|ランダム,11,,2,MEDIUM_IMPLEMENTED_NAME_PRESENT,https://gameconductor.com/dqrivals/c/d/220
card_2c08d95c,吹雪の魔女,5,ユニット,魔法使い,なし,True,召喚時：敵の場に氷塊があるなら敵ユニット1体に4ダメージ,召喚時|ダメージ,2,,1,MEDIUM_IMPLEMENTED_NAME_PRESENT,https://gameconductor.com/dqrivals/c/d/221
card_29a22417,マダンテ,10,特技,魔法使い,,True,必殺技 すべての敵に6ダメージ,ダメージ,1,,0,MEDIUM_IMPLEMENTED_NAME_PRESENT,https://gameconductor.com/dqrivals/c/d/222
card_8673e5d1,マリベル,5,ユニット,魔法使い,冒険者,True,召喚時：このターン中次に使う特技カードのコスト-7,召喚時|コスト,5,,4,MEDIUM_IMPLEMENTED_NAME_PRESENT,https://gameconductor.com/dqrivals/c/d/223
card_893dab8f,バズズ,6,ユニット,魔法使い,なし,True,ねらい撃ち、召喚時：敵の場に氷塊があるなら全ての敵ユニットを次のターン攻撃不能にする,召喚時,2,keyword,2,MEDIUM_IMPLEMENTED_NAME_PRESENT,https://gameconductor.com/dqrivals/c/d/224
card_30d58add,疾風迅雷,3,特技,魔法使い,,True,敵ユニット1体に2ダメージを与える。スキルブースト:+1ダメージ,ダメージ,2,,0,MEDIUM_IMPLEMENTED_NAME_PRESENT,https://gameconductor.com/dqrivals/c/d/389
card_aa15aacb,ウィッチレディ,3,ユニット,魔法使い,なし,True,自分が特技を使って敵ユニットを倒す度味方リーダーのテンション+1,,4,,1,MEDIUM_IMPLEMENTED_NAME_PRESENT,https://gameconductor.com/dqrivals/c/d/390
card_f339baf1,なげきの亡霊,5,ユニット,魔法使い,ゾンビ,True,テンションリンク：コスト2以下のランダムな魔法使いの特技カードを手札に1枚加える。,テンションリンク|コスト|ランダム,1,,4,MEDIUM_IMPLEMENTED_NAME_PRESENT,https://gameconductor.com/dqrivals/c/d/391
card_6d430078,ベロニカ,5,ユニット,魔法使い,冒険者,True,召喚時：ランダムな魔法使いの特技カードを手札に1枚加える。、スキルブースト：+1枚,召喚時|ランダム,2,,3,MEDIUM_IMPLEMENTED_NAME_PRESENT,https://gameconductor.com/dqrivals/c/d/402
card_1aba4e42,まものの呼び笛,3,特技,魔法使い,,True,おうえん、ランダムなコスト1のユニットを1体出す、スキルブースト：ユニットのコスト+1,コスト|ランダム,1,,2,MEDIUM_IMPLEMENTED_NAME_PRESENT,https://gameconductor.com/dqrivals/c/d/417
card_e90ab7d1,フローズンリンク,4,特技,魔法使い,,True,氷塊に隣接する敵ユニット1体を氷塊に変える,,4,,0,MEDIUM_IMPLEMENTED_NAME_PRESENT,https://gameconductor.com/dqrivals/c/d/450
card_24fbb03f,スノーモン,2,ユニット,魔法使い,なし,True,死亡時：敵のランダムな空きマスに氷塊を1つ出す,死亡時|ランダム,1,,2,MEDIUM_IMPLEMENTED_NAME_PRESENT,https://gameconductor.com/dqrivals/c/d/451
card_81087e91,らせん打ち,2,特技,魔法使い,,True,敵ユニット1体に2ダメージを与える。対象に隣接しているランダムなユニット1体に2ダメージを与える。,ダメージ|ランダム,2,,1,MEDIUM_IMPLEMENTED_NAME_PRESENT,https://gameconductor.com/dqrivals/c/d/460
card_daea1c5a,ウインドマージ,6,ユニット,魔法使い,ゾンビ,True,自分が特技を使う度ランダムな敵1体に1ダメージ、スキルブースト:コスト-1,特技を使う|ダメージ|コスト|ランダム,1,,3,MEDIUM_IMPLEMENTED_NAME_PRESENT,https://gameconductor.com/dqrivals/c/d/461
card_70601df3,メラガイアー,12,特技,魔法使い,,True,8ダメージを与える、スキルブースト:コスト-1,ダメージ|コスト,2,,1,MEDIUM_IMPLEMENTED_NAME_PRESENT,https://gameconductor.com/dqrivals/c/d/462
card_c9ac8371,投げキッス,2,特技,魔法使い,,True,敵ユニット1体に1ダメージを与える。与えたダメージと同じ攻撃力とHPのももいろ三姉妹を出す。,ダメージ,2,,0,MEDIUM_IMPLEMENTED_NAME_PRESENT,https://gameconductor.com/dqrivals/c/d/477
card_379e1e2e,バーバラ,6,ユニット,魔法使い,冒険者,True,召喚時:残りMPを全て消費する。 全ての敵に消費したMPの数分ダメージを与える。,召喚時|ダメージ,2,,2,MEDIUM_IMPLEMENTED_NAME_PRESENT,https://gameconductor.com/dqrivals/c/d/492
card_b4a32f3c,まじゅつし,2,ユニット,魔法使い,なし,True,死亡時:死亡したマスの地形を魔法陣に変える。この効果で地形の上書きはできない。,死亡時,1,,1,MEDIUM_IMPLEMENTED_NAME_PRESENT,https://gameconductor.com/dqrivals/c/d/499
card_ebb320ec,暴走魔法陣,2,特技,魔法使い,,True,指定のマスの地形を魔法陣に変える,,1,,0,MEDIUM_IMPLEMENTED_NAME_PRESENT,https://gameconductor.com/dqrivals/c/d/500
card_0c04ee8e,ベビーマジシャン,3,ユニット,魔法使い,なし,True,死亡時:魔法陣にいる場合カードを2枚引く,死亡時,1,,1,MEDIUM_IMPLEMENTED_NAME_PRESENT,https://gameconductor.com/dqrivals/c/d/516
card_e79b30dc,樹氷の竜,4,ユニット,魔法使い,ドラゴン,True,自分のターン終了時、敵の場に氷塊があるなら敵リーダーに3ダメージ。,自分のターン終了時|ダメージ,2,,0,MEDIUM_IMPLEMENTED_NAME_PRESENT,https://gameconductor.com/dqrivals/c/d/517
card_dc1ea123,ヒップアタック,3,特技,魔法使い,,True,指定のマスの地形を破壊する。 そのマスにいるユニットに3ダメージ,ダメージ,2,,0,MEDIUM_IMPLEMENTED_NAME_PRESENT,https://gameconductor.com/dqrivals/c/d/552
card_eed89f10,クロックチャージ,3,特技,魔法使い,,True,自分の手札の特技カードを1枚選ぶ。 そのカードのコスト-3,コスト,1,,2,MEDIUM_IMPLEMENTED_NAME_PRESENT,https://gameconductor.com/dqrivals/c/d/553
card_c276526b,バルバロッサ,5,ユニット,魔法使い,なし,True,召喚時:魔法陣に召喚された場合メラミを手札に加える,召喚時|手札に加える,1,,1,MEDIUM_IMPLEMENTED_NAME_PRESENT,https://gameconductor.com/dqrivals/c/d/554
card_08ca59fe,シャドーサタン,6,ユニット,魔法使い,なし,True,魔法陣にいる場合自分のターン終了時全ての敵ユニットに1ダメージ,自分のターン終了時|ダメージ,1,,1,MEDIUM_IMPLEMENTED_NAME_PRESENT,https://gameconductor.com/dqrivals/c/d/555
card_12724cf4,ルカナン,2,特技,魔法使い,,True,全ての敵ユニットに「受けるダメージ2倍」を付与する,ダメージ,2,,1,MEDIUM_IMPLEMENTED_NAME_PRESENT,https://gameconductor.com/dqrivals/c/d/582
card_b757b867,まほうの小ビン,1,特技,魔法使い,,True,カードを1枚引く。相手の手札にまほうの小ビンを1枚加える。,カードを1枚引く,7,,0,MEDIUM_IMPLEMENTED_NAME_PRESENT,https://gameconductor.com/dqrivals/c/d/594
card_2f08bce9,だんごスライム,2,ユニット,魔法使い,スライム,True,召喚時：カードを2枚引く。その後手札を2枚捨てる,召喚時,2,,1,MEDIUM_IMPLEMENTED_NAME_PRESENT,https://gameconductor.com/dqrivals/c/d/611
card_5243ee09,てつのさそり,3,ユニット,魔法使い,なし,True,パワフルバッジ：スライム系の味方ユニットのHP+1,パワフルバッジ,0,badge_engine,1,MEDIUM_GENERIC_ENGINE_ONLY,https://gameconductor.com/dqrivals/c/d/612
card_d5196cc2,スライムの心,7,特技,魔法使い,,True,ユニット1体を1/1のスライムに変える。スライム系の味方ユニットの数分コスト-1,コスト,3,,1,MEDIUM_IMPLEMENTED_NAME_PRESENT,https://gameconductor.com/dqrivals/c/d/613
card_4a0d84fa,まどうスライム,4,ユニット,魔法使い,スライム,True,特技ダメージ+1。自分が特技を使う度ランダムなスライム系のユニットカードを手札に1枚加える。,特技を使う|ダメージ|ランダム,1,,2,MEDIUM_IMPLEMENTED_NAME_PRESENT,https://gameconductor.com/dqrivals/c/d/614
card_06991edc,スライム呼び,5,特技,魔法使い,,True,縦一列の空きマスに1/1のスライムを出す。 スキルブースト：コスト-1,コスト,4,,1,MEDIUM_IMPLEMENTED_NAME_PRESENT,https://gameconductor.com/dqrivals/c/d/652
card_1d165da1,闇の司祭,4,ユニット,魔法使い,なし,True,パワフルバッジ：スライム系の味方ユニットは特技ダメージを受けない,パワフルバッジ|ダメージ,1,badge_engine,2,MEDIUM_IMPLEMENTED_NAME_PRESENT,https://gameconductor.com/dqrivals/c/d/653
card_7bd036a5,魔力の奔流,7,特技,魔法使い,,True,カードを1枚引く。スキルブースト：+1枚,カードを1枚引く,1,,0,MEDIUM_IMPLEMENTED_NAME_PRESENT,https://gameconductor.com/dqrivals/c/d/654
card_df4dc7a1,ダークキング,7,ユニット,魔法使い,スライム,True,召喚時：このユニットを除くスライム系の味方ユニット全てを手札に戻す。 スライム系のユニットがいたマスに闇のクリスタルを出す。,召喚時,1,,2,MEDIUM_IMPLEMENTED_NAME_PRESENT,https://gameconductor.com/dqrivals/c/d/655
card_d35930e1,闇のクリスタル,3,ユニット,魔法使い,なし,False,攻撃できない。自分のターン終了時このユニットの正面にいる全ての敵ユニットと敵リーダーに2ダメージ。,自分のターン終了時|ダメージ,2,,1,MEDIUM_IMPLEMENTED_NAME_PRESENT,https://gameconductor.com/dqrivals/c/d/685
card_219999f4,ももいろ三姉妹,0,ユニット,魔法使い,スライム,False,,,1,no_text,0,LOW_NO_EFFECT_OR_BASIC,https://gameconductor.com/dqrivals/c/d/695
card_87f4d7ac,メイジももんじゃ,2,ユニット,魔法使い,なし,True,召喚時：味方ヒーローがいる場合ヒャドを手札に加える,召喚時|手札に加える,4,,1,MEDIUM_IMPLEMENTED_NAME_PRESENT,https://gameconductor.com/dqrivals/c/d/747
card_dfab130d,ラリホー,0,特技,魔法使い,,True,敵1体を次のターン終了時まで攻撃不能にする,,4,,0,MEDIUM_IMPLEMENTED_NAME_PRESENT,https://gameconductor.com/dqrivals/c/d/764
card_f1c82881,スライムツリー,3,ユニット,魔法使い,スライム,True,召喚時：敵ユニット1体に「受けるダメージ2倍」を付与する,召喚時|ダメージ,1,,1,MEDIUM_IMPLEMENTED_NAME_PRESENT,https://gameconductor.com/dqrivals/c/d/765
card_7766dd77,スキルチャージ,1,特技,魔法使い,,True,必殺技、スキルブーストの回数を3増やす,,2,,0,MEDIUM_IMPLEMENTED_NAME_PRESENT,https://gameconductor.com/dqrivals/c/d/778
card_3bc0d032,魔犬レオパルド,5,ユニット,魔法使い,なし,True,死亡時：神鳥の杖を手札に加える,死亡時|手札に加える,1,,1,MEDIUM_IMPLEMENTED_NAME_PRESENT,https://gameconductor.com/dqrivals/c/d/782
card_b51a99fe,神鳥の杖,4,武器,魔法使い,,True,味方リーダーは攻撃できない、自分が特技カードを使うたび3/2のシャドーを出す,,1,,1,MEDIUM_IMPLEMENTED_NAME_PRESENT,https://gameconductor.com/dqrivals/c/d/783
card_514e9739,アイスフォース,2,特技,魔法使い,,True,指定のマスに氷塊を1つ出す。カードを1枚引く。,カードを1枚引く,2,,0,MEDIUM_IMPLEMENTED_NAME_PRESENT,https://gameconductor.com/dqrivals/c/d/796
card_33613a86,ラリホービートル,4,ユニット,魔法使い,なし,True,召喚時：味方ヒーローがいる場合敵ユニット1体を次のターン終了時まで攻撃不能にする。,召喚時,2,,1,MEDIUM_IMPLEMENTED_NAME_PRESENT,https://gameconductor.com/dqrivals/c/d/797
card_c1272903,ヒャドの極意,4,特技,魔法使い,,True,ヒャド1枚を手札に加える。味方ヒーローがいる場合代わりに2枚加える,手札に加える,1,,0,MEDIUM_IMPLEMENTED_NAME_PRESENT,https://gameconductor.com/dqrivals/c/d/820
card_f9120cf5,アークマージ,6,ユニット,魔法使い,なし,True,この対戦の間ヒーロースキルが発動した回数分攻撃力+1を得る。このユニットの攻撃力が5以上の場合さらに特技ダメージ+2を得る。,ダメージ,3,,1,MEDIUM_IMPLEMENTED_NAME_PRESENT,https://gameconductor.com/dqrivals/c/d/840
card_94283c15,マヒャデドス,10,特技,魔法使い,,True,氷塊以外の全ての敵ユニットに5ダメージ。この対戦の間場に出た氷塊の数分コスト-1,ダメージ|コスト,2,,2,MEDIUM_IMPLEMENTED_NAME_PRESENT,https://gameconductor.com/dqrivals/c/d/841
card_8ffda489,ピオリム,2,特技,魔法使い,,True,このターン中ヒーロースキルを2回発動できる。 カードを1枚引く,カードを1枚引く,2,,1,MEDIUM_IMPLEMENTED_NAME_PRESENT,https://gameconductor.com/dqrivals/c/d/868
card_513a64ec,魔導召喚,7,特技,魔法使い,,True,5/4のスノーホムンクルスを1体出す。味方ヒーローがいる場合代わりにそのレベルに合わせて1体出す,,2,,0,MEDIUM_IMPLEMENTED_NAME_PRESENT,https://gameconductor.com/dqrivals/c/d/869
card_5cb6c4b5,スノーホムンクルス,5,ユニット,魔法使い,なし,True,,,2,no_text,0,LOW_NO_EFFECT_OR_BASIC,https://gameconductor.com/dqrivals/c/d/870
card_6546b092,ミニデーモン,3,ユニット,魔法使い,なし,True,召喚時：味方ヒーローがいる場合自分のデッキからコスト2の特技カードをランダムに1枚引く,召喚時|コスト|ランダム,4,,5,MEDIUM_COMPLEX_IMPLEMENTED_RECHECK,https://gameconductor.com/dqrivals/c/d/871
card_1349f53e,ハッスルダンス,3,特技,魔法使い,,True,全ての味方のHPを4回復,回復,1,,1,MEDIUM_IMPLEMENTED_NAME_PRESENT,https://gameconductor.com/dqrivals/c/d/895
card_2d2f869d,プチマージ,1,ユニット,魔法使い,なし,True,シンクロ:①攻撃力+1、②死亡時:ランダムな魔法使いの特技カードを手札に1枚加える、③HP+1,死亡時|ランダム,1,,3,MEDIUM_IMPLEMENTED_NAME_PRESENT,https://gameconductor.com/dqrivals/c/d/923
card_1acb9487,地這い大蛇,5,特技,魔法使い,,True,ユニット1体に4ダメージ。この特技で対象が死亡した場合におうだち3/3のゴーレムを出す。,ダメージ,2,keyword,1,MEDIUM_IMPLEMENTED_NAME_PRESENT,https://gameconductor.com/dqrivals/c/d/924
card_5b713377,エビルマージ,6,ユニット,魔法使い,なし,True,召喚時：この対戦中味方リーダーの「紅蓮の火球」のダメージ+1、スキルブースト:攻撃力+1,召喚時|ダメージ,1,,2,MEDIUM_IMPLEMENTED_NAME_PRESENT,https://gameconductor.com/dqrivals/c/d/938
card_77f4f8d8,あくまのす,2,ユニット,魔法使い,なし,True,自分が特技を使う度このユニットのHP+1,特技を使う,2,,1,MEDIUM_IMPLEMENTED_NAME_PRESENT,https://gameconductor.com/dqrivals/c/d/951
card_7e4a6880,メイジポンポコ,5,ユニット,魔法使い,なし,True,シンクロ：①味方リーダーが使用する特技カードの攻撃力+1、②死亡時：自分のデッキからコスト5以上の特技カードを1枚引く、③+1/+1,死亡時|カードを1枚引く|コスト,1,,4,MEDIUM_IMPLEMENTED_NAME_PRESENT,https://gameconductor.com/dqrivals/c/d/952
card_57083be9,妖精ベラ,1,ユニット,魔法使い,冒険者,True,ステルス、自分の手札にある本来のコストが3以上の特技カードのコスト-1,コスト,0,keyword,2,MEDIUM_GENERIC_ENGINE_ONLY,https://gameconductor.com/dqrivals/c/d/953
card_34ee96db,アイスコンドル,1,ユニット,魔法使い,なし,True,召喚時：ランダムな敵の空きマスに氷塊を1つ出す,召喚時|ランダム,2,,2,MEDIUM_IMPLEMENTED_NAME_PRESENT,https://gameconductor.com/dqrivals/c/d/989
card_21630266,まどうし,2,ユニット,魔法使い,なし,True,攻撃時：このターン中特技ダメージ+1を得る,攻撃時|ダメージ,1,,3,MEDIUM_IMPLEMENTED_NAME_PRESENT,https://gameconductor.com/dqrivals/c/d/990
card_5356b24f,メドローア,3,特技,魔法使い,,True,必殺技：全ての敵ユニットに3ダメージ。このダメージで敵ユニットが死亡する場合代わりに消滅する,消滅|ダメージ,2,,2,MEDIUM_IMPLEMENTED_NAME_PRESENT,https://gameconductor.com/dqrivals/c/d/991
card_816c4ec0,魔性の道化師ドルマゲス,10,ユニット,魔法使い,魔王,True,召喚時：次の相手のターン終了時まで両プレイヤーの手札の特技カードのコスト-5,召喚時|相手のターン終了時|コスト,4,,4,MEDIUM_IMPLEMENTED_NAME_PRESENT,https://gameconductor.com/dqrivals/c/d/1020
card_d35ef7c3,神速メラガイアー,6,特技,魔法使い,,True,ユニット1体に8ダメージ。自分の手札に魔王系カードがあるならコスト-2,ダメージ|コスト,2,,1,MEDIUM_IMPLEMENTED_NAME_PRESENT,https://gameconductor.com/dqrivals/c/d/1024
card_90180a42,ピオラ,1,特技,魔法使い,,True,自分の手札のカード1枚選ぶ。そのカードのコスト-1,コスト,1,,1,MEDIUM_IMPLEMENTED_NAME_PRESENT,https://gameconductor.com/dqrivals/c/d/1043
card_ad37e3c8,ビッグモアイ,3,ユニット,魔法使い,なし,True,召喚時：自分の手札に魔王系カードがあるならHP+3とにおうだちを得る,召喚時,1,keyword,1,MEDIUM_IMPLEMENTED_NAME_PRESENT,https://gameconductor.com/dqrivals/c/d/1044
card_a433507a,キャプテン・クロウ,5,ユニット,魔法使い,なし,True,おうえん、自分が特技を使う度カードを１枚引く,特技を使う,2,,1,MEDIUM_IMPLEMENTED_NAME_PRESENT,https://gameconductor.com/dqrivals/c/d/1066
card_aeb2197a,あくまのめだま,2,ユニット,魔法使い,ゾンビ,True,召喚時：次に場に出る魔王系の味方ユニットにねらい撃ちと攻撃力+1を付与する,召喚時|場に出る,2,keyword,1,MEDIUM_IMPLEMENTED_NAME_PRESENT,https://gameconductor.com/dqrivals/c/d/1080
card_12da180c,テンプテーション,7,特技,魔法使い,,True,このターン中攻撃力3以下の敵ユニット1体を味方にして速攻を付与する。自分の手札に魔王系カードがあるなら代わりに攻撃力6以下の敵ユニットを選ぶ。,,6,keyword,1,MEDIUM_IMPLEMENTED_NAME_PRESENT,https://gameconductor.com/dqrivals/c/d/1081
card_739828cd,邪悪な祈り,6,特技,魔法使い,,True,おうえん、カードを2枚引く。自分の手札に魔王系カードがあるならコスト-3,コスト,1,,1,MEDIUM_IMPLEMENTED_NAME_PRESENT,https://gameconductor.com/dqrivals/c/d/1082
card_65206277,レモンキング,5,ユニット,魔法使い,スライム,True,攻撃時：GET(1)。BET：スライムを2体、味方の場に出す。レモンキング以外のスライム系の味方ユニットが死亡した時、相手リーダーへ1ダメージ。,攻撃時|BET|GET|場に出す|ダメージ,6,bet_engine+get_engine,4,MEDIUM_IMPLEMENTED_NAME_PRESENT,https://gameconductor.com/dqrivals/c/d/1102
card_d9510db5,モンスターコイン,5,特技,魔法使い,,True,GET(2)、その後、自分の手札にあるコインの枚数と同じコストを持つランダムなユニット1体を出す。,GET|コスト|ランダム,1,get_engine,3,MEDIUM_IMPLEMENTED_NAME_PRESENT,https://gameconductor.com/dqrivals/c/d/1103
card_4437acfa,クラーゴン,6,ユニット,魔法使い,なし,True,BET：このターン中に未発動の効果からランダムに1つ発動する。①全ての敵に1ダメージ ②ランダムな敵1体に2ダメージ ③敵リーダーに3ダメージ。全て発動済みなら何も起こらない。,BET|ダメージ|ランダム,9,bet_engine,4,MEDIUM_IMPLEMENTED_NAME_PRESENT,https://gameconductor.com/dqrivals/c/d/1104
card_f80e421c,わたしのとくいわざ,1,トークン,魔法使い,,False,ユニット1体に2ダメージ,ダメージ,1,,0,MEDIUM_IMPLEMENTED_NAME_PRESENT,https://gameconductor.com/dqrivals/c/d/1110
card_66466d1d,魔法使いの交換所,0,特技,魔法使い,,True,手札のコインを消費して以下の景品と交換する。1枚：まものの呼び笛、2枚：コスト6のスライムの心、3枚：グリンガムのムチ、その後　カードを1枚引く,カードを1枚引く|コスト,1,,1,MEDIUM_IMPLEMENTED_NAME_PRESENT,https://gameconductor.com/dqrivals/c/d/1144
card_d757a3cd,ボックススライム,2,ユニット,魔法使い,スライム,True,召喚時：GET(1)、BET：以下の効果からランダムに1つ発動する。(1):カードを1枚引く、(2):HP+1、(3):味方リーダーのテンション+1,召喚時|BET|GET|カードを1枚引く|ランダム,2,bet_engine+get_engine,4,MEDIUM_IMPLEMENTED_NAME_PRESENT,https://gameconductor.com/dqrivals/c/d/1145
card_b3d0e530,ぶちスライム,3,ユニット,魔法使い,スライム,True,召喚時：GET(1)。BET：攻撃力+1。死亡時：このユニットの攻撃力分、1/1のスライムを出す,召喚時|死亡時|BET|GET,5,bet_engine+get_engine,4,MEDIUM_IMPLEMENTED_NAME_PRESENT,https://gameconductor.com/dqrivals/c/d/1146
card_6429b153,少女マリベル,4,ユニット,魔法使い,冒険者,True,召喚時：GET(2)。BET：このターン中、次に使う特技カードのコスト-2。,召喚時|BET|GET|コスト,4,bet_engine+get_engine,6,MEDIUM_COMPLEX_IMPLEMENTED_RECHECK,https://gameconductor.com/dqrivals/c/d/1147
card_acdc8cb0,ルーキー,2,ユニット,魔法使い,スライム,True,おうえん、召喚時：自分のデッキからコスト5以上のランダムなユニットカードを1枚引く,召喚時|カードを1枚引く|コスト|ランダム,3,,4,MEDIUM_IMPLEMENTED_NAME_PRESENT,https://gameconductor.com/dqrivals/c/d/1180
card_14519e24,フロッガー,2,ユニット,魔法使い,なし,True,スライム系の味方ユニットが場に出る度ランダムな敵1体に1ダメージ,場に出る|ダメージ|ランダム,3,,1,MEDIUM_IMPLEMENTED_NAME_PRESENT,https://gameconductor.com/dqrivals/c/d/1187
card_6ed8add4,スラ・ストライク,2,特技,魔法使い,,True,敵ユニット1体に2ダメージ。1/1のスライムを手札に加える,手札に加える|ダメージ,3,,0,MEDIUM_IMPLEMENTED_NAME_PRESENT,https://gameconductor.com/dqrivals/c/d/1188
card_2f3b8b24,スラフォース,9,特技,魔法使い,,True,全てのスライム系のみかたユニットを+2/+2、スライム系の味方ユニットの数分手札にあるこのカードのコスト-1,コスト,2,,2,MEDIUM_IMPLEMENTED_NAME_PRESENT,https://gameconductor.com/dqrivals/c/d/1189
card_c9f19467,スライムスノー,2,ユニット,魔法使い,スライム,True,召喚時：自分のデッキにメラ系の特技カードが無いならこのユニットは特技ダメージ+1を得る。その後カードを1枚引く,召喚時|カードを1枚引く|ダメージ,4,,3,MEDIUM_IMPLEMENTED_NAME_PRESENT,https://gameconductor.com/dqrivals/c/d/1255
card_0095e411,あくまの書,2,ユニット,魔法使い,なし,True,れんけい：自分の手札のコスト2以下のユニットカードを2枚選び、そのコピーを手札に加える。ターン終了時、この効果で加えたカードが手札にあれば破棄する。,れんけい|手札に加える|コスト,4,renkei_engine,2,MEDIUM_IMPLEMENTED_NAME_PRESENT,https://gameconductor.com/dqrivals/c/d/1256
card_28ca38de,スライムタール,3,ユニット,魔法使い,スライム,True,れんけい：次の1回のみ味方リーダーのテンションスキルはリーダーを対象にできずダメージ+2,れんけい|ダメージ,2,renkei_engine,1,MEDIUM_IMPLEMENTED_NAME_PRESENT,https://gameconductor.com/dqrivals/c/d/1257
card_c2defcfb,アイスゴーレム,3,ユニット,魔法使い,なし,True,召喚時：自分のデッキにメラ系の特技カードが無いならランダムな敵の空きマスに0/3の氷塊を2つ出す,召喚時|ランダム,3,,4,MEDIUM_IMPLEMENTED_NAME_PRESENT,https://gameconductor.com/dqrivals/c/d/1258
card_69440996,双竜打ち,3,特技,魔法使い,,True,敵ユニット1体に3ダメージ。他のランダムな敵ユニット1体に1ダメージ。,ダメージ|ランダム,2,,1,MEDIUM_IMPLEMENTED_NAME_PRESENT,https://gameconductor.com/dqrivals/c/d/1259
card_3d3c089b,天才魔法使いベロニカ,4,ユニット,魔法使い,冒険者,True,れんけい：敵1体に3ダメージ。戦闘以外のダメージで敵ユニットが死亡する度魔法使いの特技カードをランダムに1枚手札に加える,れんけい|手札に加える|ダメージ|ランダム,1,renkei_engine,3,MEDIUM_IMPLEMENTED_NAME_PRESENT,https://gameconductor.com/dqrivals/c/d/1260
card_4cd69d3c,マヒャド,5,特技,魔法使い,,True,縦1列にいる氷塊以外の全ての敵ユニットに4ダメージ。自分のデッキにメラ系の特技カードが無いなら手札にあるこのカードのコスト-2,ダメージ|コスト,3,,4,MEDIUM_IMPLEMENTED_NAME_PRESENT,https://gameconductor.com/dqrivals/c/d/1261
card_6f34f6bb,リーズレット,6,ユニット,魔法使い,なし,True,召喚時：自分のデッキにメラ系の特技カードが無いなら敵ユニット1体を氷塊に変える,召喚時,1,,3,MEDIUM_IMPLEMENTED_NAME_PRESENT,https://gameconductor.com/dqrivals/c/d/1262
card_5c8253b2,シルバリヌス,8,ユニット,魔法使い,なし,True,ねらい撃ち、この対戦中に相手の場に出た氷塊の数分デッキと手札にあるこのカードのコスト-1,コスト,1,keyword,3,MEDIUM_IMPLEMENTED_NAME_PRESENT,https://gameconductor.com/dqrivals/c/d/1263
card_0340dccb,デスフラッター,2,ユニット,魔法使い,なし,True,召喚時：自分のデッキの上からカード4枚を見る。ユニットカード以外のカードを1枚選び、それを引く。残りをデッキの下に戻す,召喚時,5,,2,MEDIUM_IMPLEMENTED_NAME_PRESENT,https://gameconductor.com/dqrivals/c/d/1350
card_b38a3945,氷おとし,2,特技,魔法使い,,True,指定のマスに0/3の氷塊を１つ出す。氷塊以外のランダムな敵ユニット1体に2ダメージ,ダメージ|ランダム,2,,1,MEDIUM_IMPLEMENTED_NAME_PRESENT,https://gameconductor.com/dqrivals/c/d/1351
card_23800d54,やまびこの心得,2,特技,魔法使い,,True,ランダムな敵1体に2ダメージ。やまびこの心得2枚を自分のデッキに混ぜる。この対戦中に自分がこのカードを使用した数分+1ダメージ,ダメージ|ランダム,2,,3,MEDIUM_IMPLEMENTED_NAME_PRESENT,https://gameconductor.com/dqrivals/c/d/1352
card_3d874801,まほう研究所,2,建物,魔法使い,,True,特技ダメージ+1、自分のターン終了時耐久値-1,自分のターン終了時|ダメージ,1,,1,MEDIUM_IMPLEMENTED_NAME_PRESENT,https://gameconductor.com/dqrivals/c/d/1353
card_b4a3bfde,グリムン,3,ユニット,魔法使い,なし,True,召喚時：このターン中次に使う建物カードのコスト-2,召喚時|コスト,3,,3,MEDIUM_IMPLEMENTED_NAME_PRESENT,https://gameconductor.com/dqrivals/c/d/1354
card_a8d93627,踊り子マーニャ,3,ユニット,魔法使い,冒険者,True,テンションリンク：自分のデッキの一番上のカードがユニットカード以外ならそのカードを引きコスト-1、ユニットカードならデッキの下に戻す,テンションリンク|コスト,2,,3,MEDIUM_IMPLEMENTED_NAME_PRESENT,https://gameconductor.com/dqrivals/c/d/1355
card_2efef808,氷の館,3,建物,魔法使い,,True,召喚時:自分のデッキにメラ系の特技カードが無いならヒャドを1枚手札に加える。敵の氷塊が死亡する度敵リーダーに2ダメージ。自分のターン開始時耐久値-1。,召喚時|自分のターン開始時|手札に加える|ダメージ,1,,3,MEDIUM_IMPLEMENTED_NAME_PRESENT,https://gameconductor.com/dqrivals/c/d/1356
card_c8b44f81,飛翔のガーゴイル,4,ユニット,魔法使い,なし,True,おうえん、ねらい撃ち。召喚時：自分の手札に特技カードがあるならこのユニットにさくせんを出す,召喚時,3,keyword,2,MEDIUM_IMPLEMENTED_NAME_PRESENT,https://gameconductor.com/dqrivals/c/d/1357
card_b3c8cbfd,ゲルニック将軍,5,ユニット,魔法使い,なし,True,自分が魔法使いの特技を使う度または敵が特技を使う度味方リーダーのテンション+1,敵が|特技を使う,1,,1,MEDIUM_IMPLEMENTED_NAME_PRESENT,https://gameconductor.com/dqrivals/c/d/1358
card_a135083a,悪霊の神々バズズ,6,ユニット,魔法使い,なし,True,ねらい撃ち、召喚時：指定の敵マスに0/1の氷塊を1つ出す。敵の氷塊が死亡する度自分のデッキからメラ系以外の特技カードを1枚引く,召喚時|カードを1枚引く,1,keyword,3,MEDIUM_IMPLEMENTED_NAME_PRESENT,https://gameconductor.com/dqrivals/c/d/1444
card_9932fa8b,残響のようじゅつし,3,ユニット,魔法使い,なし,True,召喚時：耐戦中に自分が使った特技カード1枚を手札に加える。自分の手札にある対戦中に自分が使用した特技カードと同じカードのコスト-1,召喚時|手札に加える|コスト,10,,3,MEDIUM_IMPLEMENTED_NAME_PRESENT,https://gameconductor.com/dqrivals/c/d/1447
card_8da9a7b2,街の散策,1,特技,魔法使い,,True,自分のデッキからコスト1以下の建物カードを1枚引く,カードを1枚引く|コスト,1,,2,MEDIUM_IMPLEMENTED_NAME_PRESENT,https://gameconductor.com/dqrivals/c/d/1490
card_79cc5068,仙人のほら穴,1,建物,魔法使い,,True,ダンジョン(耐久値13で踏破)、コスト1〜8の中から使用していないコストの特技を使用すると耐久値+2、踏破時:ドルマドン1枚を手札に加える,手札に加える|コスト,5,,2,MEDIUM_IMPLEMENTED_NAME_PRESENT,https://gameconductor.com/dqrivals/c/d/1491
card_7323a25d,まじょ,2,ユニット,魔法使い,なし,True,選択：・魔法使いの特技カードをランダムに1枚手札に加える・魔力の息吹を1枚手札に加える,選択|手札に加える|ランダム,3,choice_engine,3,MEDIUM_IMPLEMENTED_NAME_PRESENT,https://gameconductor.com/dqrivals/c/d/1492
card_ffe924fb,ドルマドン,7,ユニット,魔法使い,なし,True,敵1体に10ダメージ,ダメージ,3,,0,MEDIUM_IMPLEMENTED_NAME_PRESENT,https://gameconductor.com/dqrivals/c/d/1493
card_cc8dc473,大魔女バーバラ,2,ユニット,魔法使い,冒険者,True,召喚時：敵1体にこのターン中使った特技カードのコスト分のダメージ 対象が敵リーダーの場合は半分のダメージになる。,召喚時|ダメージ|コスト,2,,4,MEDIUM_IMPLEMENTED_NAME_PRESENT,https://gameconductor.com/dqrivals/c/d/1494
card_368e23b7,デンタザウルス,3,ユニット,魔法使い,ドラゴン,True,におうだち、召喚時：手札にコスト3以上の特技カードがあるならHP+2,召喚時|コスト,7,keyword,3,MEDIUM_IMPLEMENTED_NAME_PRESENT,https://gameconductor.com/dqrivals/c/d/1495
card_165a5930,乙女の気まぐれ,3,特技,魔法使い,,True,選択：ユニット1体に4ダメージ、・ユニット1体に2ダメージ、カードを1枚引く,選択|カードを1枚引く|ダメージ,3,choice_engine,1,MEDIUM_IMPLEMENTED_NAME_PRESENT,https://gameconductor.com/dqrivals/c/d/1496
card_fc9b7c6f,ヘルジュラシック,4,ユニット,魔法使い,ドラゴン,True,敵ユニットが2体以上いるなら手札にあるこのカードのコスト-1,コスト,2,,1,MEDIUM_IMPLEMENTED_NAME_PRESENT,https://gameconductor.com/dqrivals/c/d/1497
card_306ee133,スノードラゴン,5,ユニット,魔法使い,ドラゴン,True,召喚時：コスト4・5・6の特技カードをそれぞれランダムに1枚ずつ選出し、その中から1枚を選んで手札に加える。自分のデッキのメラ系の特技カードが無いなら手札にあるこのカードのコスト-2。,召喚時|手札に加える|コスト|ランダム,10,,5,MEDIUM_COMPLEX_IMPLEMENTED_RECHECK,https://gameconductor.com/dqrivals/c/d/1498
card_eecd1072,竜将ドラゴンガイア,6,ユニット,魔法使い,ドラゴン,True,召喚時：手札にコスト3以上の特技カードがあるなら縦一列にいる全ての敵ユニットに2ダメージ、それらのユニットを次のターン終了時まで攻撃不能にする,召喚時|ダメージ|コスト,6,,4,MEDIUM_IMPLEMENTED_NAME_PRESENT,https://gameconductor.com/dqrivals/c/d/1499
card_c666df58,まもののツボ,6,特技,魔法使い,,True,3種類のコスト6〜7のユニットの中から1枚を選び手札に加える。このターン中そのカードのコストを0にする,手札に加える|コスト,5,,2,MEDIUM_IMPLEMENTED_NAME_PRESENT,https://gameconductor.com/dqrivals/c/d/1500
card_1ee8d46f,ジャミ&ゴンズ,3,ユニット,魔法使い,なし,True,選択：・HP-2 カードを1枚引く、敵リーダーに2ダメージ・攻撃力-2 におうだちを得る、味方リーダーのテンション+1,選択|カードを1枚引く|ダメージ,6,choice_engine+keyword,1,MEDIUM_IMPLEMENTED_NAME_PRESENT,https://gameconductor.com/dqrivals/c/d/1563
card_58f0d9cb,邪教の使徒ゲマ,5,ユニット,魔法使い,ゾンビ,True,召喚時：次の相手のターン開始時相手は受ける効果を選ぶ・味方リーダーに5ダメージ、味方リーダーのテンション-3・攻撃力が最も高いランダムな味方ユニット1体を死亡させる,召喚時|相手のターン開始時|ダメージ|ランダム,3,,2,MEDIUM_IMPLEMENTED_NAME_PRESENT,https://gameconductor.com/dqrivals/c/d/1564
card_dc1b77fa,かくとうパンサー,1,ユニット,武闘家,なし,True,召喚時：武術カード1枚を手札に加える,召喚時|手札に加える,1,,1,MEDIUM_IMPLEMENTED_NAME_PRESENT,https://gameconductor.com/dqrivals/c/d/225
card_04060a1e,ちからの指輪,1,特技,武闘家,,True,このターン中敵か味方1体の攻撃力+2,,4,,1,MEDIUM_IMPLEMENTED_NAME_PRESENT,https://gameconductor.com/dqrivals/c/d/226
card_71f11ff6,ぬすっとウサギ,3,ユニット,武闘家,なし,True,攻撃対象が敵リーダーの場合カードを1枚引く,カードを1枚引く,1,,0,MEDIUM_IMPLEMENTED_NAME_PRESENT,https://gameconductor.com/dqrivals/c/d/227
card_696c1471,はやてのリング,3,特技,武闘家,,True,ユニット1体に2回攻撃を付与する。,,2,basic_keyword_generic,0,LOW_NO_EFFECT_OR_BASIC,https://gameconductor.com/dqrivals/c/d/228
card_de458c06,おたけび,2,特技,武闘家,,True,前列にいるユニット1体を手札に戻す,,1,,0,MEDIUM_IMPLEMENTED_NAME_PRESENT,https://gameconductor.com/dqrivals/c/d/229
card_1fd03920,さそりばち,3,ユニット,武闘家,なし,True,速攻、自分がコスト1以下の手札を使う度このターン中攻撃力+1,コスト,3,keyword,2,MEDIUM_IMPLEMENTED_NAME_PRESENT,https://gameconductor.com/dqrivals/c/d/230
card_0cb23ff2,キラーピアス,4,武器,武闘家,,True,2回攻撃,,0,basic_keyword_generic,0,LOW_NO_EFFECT_OR_BASIC,https://gameconductor.com/dqrivals/c/d/231
card_079b9a84,ナイトフォックス,5,ユニット,武闘家,なし,True,自分の特技カードのコスト-1,コスト,1,,2,MEDIUM_IMPLEMENTED_NAME_PRESENT,https://gameconductor.com/dqrivals/c/d/232
card_bfa13f5b,あしばらい,1,特技,武闘家,,True,ユニット1体の攻撃力-2、そのユニットの位置を前後入れ替える,,2,,0,MEDIUM_IMPLEMENTED_NAME_PRESENT,https://gameconductor.com/dqrivals/c/d/233
card_aaaa8a91,きあいため,1,特技,武闘家,,True,味方リーダーのテンション+1,,1,,0,MEDIUM_IMPLEMENTED_NAME_PRESENT,https://gameconductor.com/dqrivals/c/d/234
card_295e49ed,どくろあらい,2,ユニット,武闘家,なし,True,攻撃対象が敵リーダーの場合このターン中攻撃力+2,,1,,1,MEDIUM_IMPLEMENTED_NAME_PRESENT,https://gameconductor.com/dqrivals/c/d/235
card_ffd715bf,ビッグスロース,2,ユニット,武闘家,なし,True,自分がコスト1以下の手札を使う度+1/+1,コスト,3,,1,MEDIUM_IMPLEMENTED_NAME_PRESENT,https://gameconductor.com/dqrivals/c/d/236
card_5f00cdfa,武術稽古,2,特技,武闘家,,True,武術カード2枚を手札に加える,手札に加える,1,,0,MEDIUM_IMPLEMENTED_NAME_PRESENT,https://gameconductor.com/dqrivals/c/d/237
card_cd154c66,不撓不屈,2,特技,武闘家,,True,カードを2枚引いた後1枚捨てる,,1,,0,MEDIUM_IMPLEMENTED_NAME_PRESENT,https://gameconductor.com/dqrivals/c/d/238
card_b2a611b5,かいしんの息吹,3,特技,武闘家,,True,ユニット1体の攻撃力+3「攻撃時：武術カードを手札に加える」を付与する。,攻撃時|手札に加える,2,,1,MEDIUM_IMPLEMENTED_NAME_PRESENT,https://gameconductor.com/dqrivals/c/d/239
card_f88acedb,まわしげり,3,特技,武闘家,,True,前列にいる全てのユニットに4ダメージ,ダメージ,1,,1,MEDIUM_IMPLEMENTED_NAME_PRESENT,https://gameconductor.com/dqrivals/c/d/240
card_0dd4fb1f,タイガークロー,2,特技,武闘家,,True,ユニット1体に1ダメージを3回与える,ダメージ,2,,0,MEDIUM_IMPLEMENTED_NAME_PRESENT,https://gameconductor.com/dqrivals/c/d/241
card_d6fed6a4,ぶんしんけん,2,特技,武闘家,,True,このターン中味方リーダーを攻撃力+1、攻撃対象の上下にいるユニットにもダメージを与える,ダメージ,3,,1,MEDIUM_IMPLEMENTED_NAME_PRESENT,https://gameconductor.com/dqrivals/c/d/242
card_0ee31dd0,だいおうキッズ,3,ユニット,武闘家,なし,True,召喚時：次のターン相手はユニットを後列に召喚できない。,召喚時,1,,1,MEDIUM_IMPLEMENTED_NAME_PRESENT,https://gameconductor.com/dqrivals/c/d/243
card_33bd80ef,ムーンキメラ,4,ユニット,武闘家,なし,True,召喚時：後列にいる全ての敵ユニットを前列に移動させる。,召喚時,1,,2,MEDIUM_IMPLEMENTED_NAME_PRESENT,https://gameconductor.com/dqrivals/c/d/244
card_9d45a818,ダーティラビッツ,6,ユニット,武闘家,なし,True,攻撃対象が敵リーダーの場合攻撃力が2倍になる。,,3,,0,MEDIUM_IMPLEMENTED_NAME_PRESENT,https://gameconductor.com/dqrivals/c/d/245
card_8beb207f,ゴールドフィンガー,6,特技,武闘家,,True,ユニット1体を封印し6ダメージを与える,封印|ダメージ,2,,1,MEDIUM_IMPLEMENTED_NAME_PRESENT,https://gameconductor.com/dqrivals/c/d/246
card_681404ee,せいけん突き,2,特技,武闘家,,True,前列にいるユニット1体に5ダメージ,ダメージ,2,,0,MEDIUM_IMPLEMENTED_NAME_PRESENT,https://gameconductor.com/dqrivals/c/d/247
card_e0b8a114,おうごんのつめ,3,武器,武闘家,,True,召喚時：敵の場に3/3のミイラおとこを出す,召喚時,4,,1,MEDIUM_IMPLEMENTED_NAME_PRESENT,https://gameconductor.com/dqrivals/c/d/248
card_5ecc885f,きりさきピエロ,4,ユニット,武闘家,なし,True,召喚時：敵ユニット1体につき武術カード1枚を手札に加える。,召喚時|手札に加える,1,,1,MEDIUM_IMPLEMENTED_NAME_PRESENT,https://gameconductor.com/dqrivals/c/d/249
card_77b1f2af,キラーマシン,5,ユニット,武闘家,なし,True,2回攻撃、召喚時：敵ユニット1体に2ダメージ,召喚時|ダメージ,18,,1,MEDIUM_IMPLEMENTED_NAME_PRESENT,https://gameconductor.com/dqrivals/c/d/250
card_1892eaf3,閃光烈火拳,7,特技,武闘家,,True,必殺技：敵1体に3ダメージ与える、このターン中自分が使う度与えるダメージが2増える,ダメージ,2,,1,MEDIUM_IMPLEMENTED_NAME_PRESENT,https://gameconductor.com/dqrivals/c/d/251
card_091f03b4,アークデーモン,7,ユニット,武闘家,なし,True,召喚時：前列にいる全ての敵ユニットに3ダメージ,召喚時|ダメージ,1,,2,MEDIUM_IMPLEMENTED_NAME_PRESENT,https://gameconductor.com/dqrivals/c/d/252
card_39dc8feb,ハッサン,6,ユニット,武闘家,冒険者,True,召喚時：前列に召喚した場合1マス前にいる敵ユニットに5ダメージ,召喚時|ダメージ,3,,1,MEDIUM_IMPLEMENTED_NAME_PRESENT,https://gameconductor.com/dqrivals/c/d/253
card_979017aa,キングレオ,8,ユニット,武闘家,なし,True,速攻,,1,basic_keyword_generic,0,LOW_NO_EFFECT_OR_BASIC,https://gameconductor.com/dqrivals/c/d/254
card_879047ed,モリー,6,ユニット,武闘家,冒険者,True,自分が特技を使う度味方リーダーのテンション+1 スキルブースト:+2/+2,特技を使う,4,,1,MEDIUM_IMPLEMENTED_NAME_PRESENT,https://gameconductor.com/dqrivals/c/d/386
card_44193806,はりせんもぐら,1,ユニット,武闘家,なし,True,死亡時：味方リーダーのテンション+1,死亡時,3,,1,MEDIUM_IMPLEMENTED_NAME_PRESENT,https://gameconductor.com/dqrivals/c/d/387
card_ca3dfe20,ふくめんバニー,3,ユニット,武闘家,なし,True,攻撃対象が敵リーダーの場合武術カード1枚を手札に加える,手札に加える,1,,0,MEDIUM_IMPLEMENTED_NAME_PRESENT,https://gameconductor.com/dqrivals/c/d/408
card_40a53d1d,デュラハンナイト,5,ユニット,武闘家,ゾンビ,True,召喚時：このユニット以下の攻撃力を持つ敵ユニット1体を相手の手札に戻す、スキルブースト:攻撃力+1,召喚時,3,,1,MEDIUM_IMPLEMENTED_NAME_PRESENT,https://gameconductor.com/dqrivals/c/d/410
card_6e4b69dd,めいそう,1,特技,武闘家,,True,味方リーダーのHPを5回復,回復,2,,0,MEDIUM_IMPLEMENTED_NAME_PRESENT,https://gameconductor.com/dqrivals/c/d/411
card_5338b90d,パワーナックル,3,武器,武闘家,,True,味方ユニットの攻撃対象が敵リーダーの場合味方リーダーのテンション+1、武器の耐久力を-1する。,,3,,0,MEDIUM_IMPLEMENTED_NAME_PRESENT,https://gameconductor.com/dqrivals/c/d/412
card_9ecaec78,一喝,10,特技,武闘家,,True,全てのユニットをお互いの手札に戻す。スキルブースト:コスト-1,コスト,1,,2,MEDIUM_IMPLEMENTED_NAME_PRESENT,https://gameconductor.com/dqrivals/c/d/434
card_d9404380,ベスキング,4,ユニット,武闘家,スライム,True,テンションリンク：2/1のスライムベスを出す,テンションリンク,1,,1,MEDIUM_IMPLEMENTED_NAME_PRESENT,https://gameconductor.com/dqrivals/c/d/435
card_f7efee48,無念無想,4,特技,武闘家,,True,このターン中の自分の特技カードのコスト-1,コスト,1,,3,MEDIUM_IMPLEMENTED_NAME_PRESENT,https://gameconductor.com/dqrivals/c/d/436
card_354aa51c,とうこん討ち,2,特技,武闘家,,True,おうえん、ユニット1体に2ダメージを与える,ダメージ,1,basic_keyword_generic,0,LOW_NO_EFFECT_OR_BASIC,https://gameconductor.com/dqrivals/c/d/463
card_3edbc97b,背水の陣,2,特技,武闘家,,True,後列にいる全てのユニットのマスの地形をすべる床に変える。,,1,,1,MEDIUM_IMPLEMENTED_NAME_PRESENT,https://gameconductor.com/dqrivals/c/d/478
card_8c131215,キラーファング,4,ユニット,武闘家,なし,True,このユニットが移動する度2/-1,このユニットが,1,,0,MEDIUM_IMPLEMENTED_NAME_PRESENT,https://gameconductor.com/dqrivals/c/d/479
card_aa235f4f,マイユ,9,ユニット,武闘家,冒険者,True,召喚時:合計3ダメージをランダムな敵に割り振る。 この対戦の間自分のターン中にユニットが移動する度ダメージ+1,召喚時|ダメージ|ランダム,5,,2,MEDIUM_IMPLEMENTED_NAME_PRESENT,https://gameconductor.com/dqrivals/c/d/495
card_a4c5f8ef,とうのへいたい,1,ユニット,武闘家,なし,True,におうだち、召喚時:後列１マスの地形をすべる床に変える。 この効果で地形の上書きはできない。,召喚時,0,keyword,1,MEDIUM_GENERIC_ENGINE_ONLY,https://gameconductor.com/dqrivals/c/d/496
card_a7de014b,無鉄砲な作戦,1,特技,武闘家,,True,両プレイヤーは全ての味方ユニットをランダムな味方マスに移動させる,ランダム,7,,2,MEDIUM_IMPLEMENTED_NAME_PRESENT,https://gameconductor.com/dqrivals/c/d/518
card_2124c67b,グリズリー,2,ユニット,武闘家,なし,True,召喚時:味方リーダーのテンションの数以下の攻撃力を持つ前列の味方ユニット1体を相手の手札に戻す。,召喚時,6,,1,MEDIUM_IMPLEMENTED_NAME_PRESENT,https://gameconductor.com/dqrivals/c/d/519
card_61988626,しのどれい,3,ユニット,武闘家,ゾンビ,True,召喚時:このユニットがいる横一列の後列マスの地形を全てすべる床に変える。 この効果は地形の上書きはできない。,召喚時|このユニットが,1,,2,MEDIUM_IMPLEMENTED_NAME_PRESENT,https://gameconductor.com/dqrivals/c/d/520
card_c3c7e67e,稽古相手,2,特技,武闘家,,True,指定の味方マスに1/1のマッスルアニマルを出す。 このターン中自分が手札を使う度+1/+1,,4,,1,MEDIUM_IMPLEMENTED_NAME_PRESENT,https://gameconductor.com/dqrivals/c/d/556
card_72f86ddf,シルバークロー,4,武器,武闘家,,True,,,3,no_text,0,LOW_NO_EFFECT_OR_BASIC,https://gameconductor.com/dqrivals/c/d/557
card_73fdd471,アカリリス,5,ユニット,武闘家,なし,True,このユニットが移動する度速攻2/1のいっかくうさぎを出す,このユニットが,1,basic_keyword_generic,0,LOW_NO_EFFECT_OR_BASIC,https://gameconductor.com/dqrivals/c/d/558
card_d9991cf8,スライムフィーバー,0,特技,武闘家,,True,自分の手札になる全ての特技カードをランダムなスライム系のユニットカードに変える。,ランダム,6,,3,MEDIUM_IMPLEMENTED_NAME_PRESENT,https://gameconductor.com/dqrivals/c/d/583
card_630dfc15,キラーエイプ,4,ユニット,武闘家,なし,True,パワフルバッジ：スライム系の味方ユニットの攻撃力+1,パワフルバッジ,1,badge_engine,1,MEDIUM_IMPLEMENTED_NAME_PRESENT,https://gameconductor.com/dqrivals/c/d/584
card_5a30ca9a,グランスライム,5,ユニット,武闘家,スライム,True,このユニットを除くスライム系の味方ユニット全てを+1/+1。 自分の手札にあるスライム系のユニットカードのコスト-1。,コスト,1,,2,MEDIUM_IMPLEMENTED_NAME_PRESENT,https://gameconductor.com/dqrivals/c/d/585
card_1ab031b9,必中拳,4,特技,武闘家,,True,ユニット1体に4ダメージを与える。スライム系の味方ユニットの数分コスト-1。,ダメージ|コスト,2,,1,MEDIUM_IMPLEMENTED_NAME_PRESENT,https://gameconductor.com/dqrivals/c/d/595
card_b2e0fd4a,いしのツメ,3,武器,武闘家,,True,スライム系の味方ユニットが場に出る度このターン中攻撃力+1を得る,場に出る,1,,1,MEDIUM_IMPLEMENTED_NAME_PRESENT,https://gameconductor.com/dqrivals/c/d/615
card_ea0ff430,せいけん爆撃,3,特技,武闘家,,True,前列にいるユニット1体に7ダメージ,ダメージ,2,,0,MEDIUM_IMPLEMENTED_NAME_PRESENT,https://gameconductor.com/dqrivals/c/d/616
card_c98ba358,ドンガラドン,6,ユニット,武闘家,なし,True,パワフルバッジ：スライム系のユニットカードを使う度味方リーダーのテンション+1,パワフルバッジ,0,badge_engine,1,MEDIUM_GENERIC_ENGINE_ONLY,https://gameconductor.com/dqrivals/c/d/617
card_f6b9b3de,はねスライム,2,ユニット,武闘家,スライム,True,召喚時：スライム系の味方ユニット1体手札に戻す。 その後2回攻撃を得る。,召喚時,4,,1,MEDIUM_IMPLEMENTED_NAME_PRESENT,https://gameconductor.com/dqrivals/c/d/656
card_b0e2d3b1,スライムホイッスル,2,特技,武闘家,,True,自分のデッキからスライム系のユニットカードをランダムに2枚手札に加える。,手札に加える|ランダム,1,,2,MEDIUM_IMPLEMENTED_NAME_PRESENT,https://gameconductor.com/dqrivals/c/d/657
card_e4f79767,エンゼルスライム,5,ユニット,武闘家,スライム,True,召喚時：自分のデッキの上から3枚のカードを公開する。 その中にあるスライム系のユニットカードを全て手札に加え、残りのカードを捨てる。,召喚時,3,,3,MEDIUM_IMPLEMENTED_NAME_PRESENT,https://gameconductor.com/dqrivals/c/d/658
card_c05416f1,マッスルアニマル,0,ユニット,武闘家,なし,False,,,2,no_text,0,LOW_NO_EFFECT_OR_BASIC,https://gameconductor.com/dqrivals/c/d/696
card_2f9f7e7c,武術：飛び蹴り,0,特技,武闘家,,False,ユニット１体の位置を前後入れ替える,,3,,0,MEDIUM_IMPLEMENTED_NAME_PRESENT,https://gameconductor.com/dqrivals/c/d/728
card_2c9322d6,武術：ストレートパンチ,0,特技,武闘家,,False,１ダメージを与える,ダメージ,4,,0,MEDIUM_IMPLEMENTED_NAME_PRESENT,https://gameconductor.com/dqrivals/c/d/729
card_51be9348,武術：精神統一,1,ユニット,武闘家,なし,False,カードを１枚引く,,3,,0,MEDIUM_IMPLEMENTED_NAME_PRESENT,https://gameconductor.com/dqrivals/c/d/730
card_2fac5ab9,クイーンモーモン,5,ユニット,武闘家,なし,True,味方ヒーローがいる場合自分のターン中味方リーダーの攻撃力+2,,1,,0,MEDIUM_IMPLEMENTED_NAME_PRESENT,https://gameconductor.com/dqrivals/c/d/748
card_836e9b18,せんとうからはずす,1,特技,武闘家,,True,味方ユニット1体を手札に戻す,,2,,0,MEDIUM_IMPLEMENTED_NAME_PRESENT,https://gameconductor.com/dqrivals/c/d/757
card_f36e8634,マリンスライム,2,ユニット,武闘家,スライム,True,スキルブースト：攻撃力+1,,4,,0,MEDIUM_IMPLEMENTED_NAME_PRESENT,https://gameconductor.com/dqrivals/c/d/766
card_a9428141,心頭滅却,0,特技,武闘家,,True,必殺技、自分の手札の特技カードを1枚選ぶ。そのカードのコスト-4、カードを1枚引く,カードを1枚引く|コスト,2,,2,MEDIUM_IMPLEMENTED_NAME_PRESENT,https://gameconductor.com/dqrivals/c/d/779
card_bd1c41e5,プラズママウス,2,ユニット,武闘家,なし,True,味方ヒーローがいる場合速攻を得る,,4,basic_keyword_generic,0,LOW_NO_EFFECT_OR_BASIC,https://gameconductor.com/dqrivals/c/d/798
card_868656b8,ゲルダ,3,ユニット,武闘家,冒険者,True,ステルス、正面にいる敵ユニットからダメージを受けない。攻撃時:攻撃対象が敵ユニットの場合その正面に移動する。,攻撃時|ダメージ,3,keyword,1,MEDIUM_IMPLEMENTED_NAME_PRESENT,https://gameconductor.com/dqrivals/c/d/799
card_f607e3ee,はげしいおたけび,5,特技,武闘家,,True,前列にいる攻撃力が4以下の敵ユニット全てを手札に戻す。,,1,,1,MEDIUM_IMPLEMENTED_NAME_PRESENT,https://gameconductor.com/dqrivals/c/d/800
card_ca6bd1c5,モリーもりもり,1,特技,武闘家,,True,後列にいる全ての敵ユニットを前列に移動させる,,1,,1,MEDIUM_IMPLEMENTED_NAME_PRESENT,https://gameconductor.com/dqrivals/c/d/819
card_895d67be,ほのおのせんし,4,ユニット,武闘家,なし,True,召喚時：前列に召喚した場合味方ヒーローがいるなら１マス前にいる敵ユニットに4ダメージ,召喚時|ダメージ,1,,1,MEDIUM_IMPLEMENTED_NAME_PRESENT,https://gameconductor.com/dqrivals/c/d/842
card_ef688639,古武道のツメ,5,武器,武闘家,,True,攻撃時：武術カードを３種１枚ずつ手札に加える,攻撃時|手札に加える,2,,1,MEDIUM_IMPLEMENTED_NAME_PRESENT,https://gameconductor.com/dqrivals/c/d/843
card_71835864,スライムスカウト,1,特技,武闘家,,True,1/1のスライムを2体出す,,1,,0,MEDIUM_IMPLEMENTED_NAME_PRESENT,https://gameconductor.com/dqrivals/c/d/872
card_d817358a,あばれザル,2,ユニット,武闘家,なし,True,絶好調、死亡時：このユニットが絶好調状態ならカードを1枚引く,死亡時|このユニットが|カードを1枚引く,2,,1,MEDIUM_IMPLEMENTED_NAME_PRESENT,https://gameconductor.com/dqrivals/c/d/873
card_3dc5fbef,スマイルロック,1,ユニット,武闘家,なし,True,絶好調、攻撃時：このユニットが絶好調状態ならテンション+1,攻撃時|このユニットが,2,,1,MEDIUM_IMPLEMENTED_NAME_PRESENT,https://gameconductor.com/dqrivals/c/d/874
card_083a2a12,ファイトいっぱつ,2,特技,武闘家,,True,このターン中全ての味方の攻撃力+1、全ての味方ユニットを絶好調状態に戻す。,,2,,2,MEDIUM_IMPLEMENTED_NAME_PRESENT,https://gameconductor.com/dqrivals/c/d/897
card_af0589df,プオーン,2,ユニット,武闘家,なし,True,召喚時：自分のデッキからコストが最も高い武闘家のカードを手札に1枚加える,召喚時|コスト,4,,3,MEDIUM_IMPLEMENTED_NAME_PRESENT,https://gameconductor.com/dqrivals/c/d/902
card_d2a62390,キャットクロー,2,武器,武闘家,,True,味方リーダーが攻撃をした後このターン中ランダムな味方ユニット1体の攻撃力+1,ランダム,1,,2,MEDIUM_IMPLEMENTED_NAME_PRESENT,https://gameconductor.com/dqrivals/c/d/925
card_d94ba760,マッドプラント,2,ユニット,武闘家,なし,True,召喚時：味方ユニット1体を次の相手のターン中ステルスにする,召喚時,2,keyword,1,MEDIUM_IMPLEMENTED_NAME_PRESENT,https://gameconductor.com/dqrivals/c/d/926
card_71e1d7db,シルバーマント,4,ユニット,武闘家,ゾンビ,True,絶好調、絶好調状態の味方ユニットが攻撃する度そのユニットは攻撃力+1を得る,,3,basic_keyword_generic,0,LOW_NO_EFFECT_OR_BASIC,https://gameconductor.com/dqrivals/c/d/954
card_66362a6d,勇猛果敢,2,特技,武闘家,,True,おうえん、全てのみかたユニットを絶好調状態に戻す。カードを1枚引く,カードを1枚引く,1,,1,MEDIUM_IMPLEMENTED_NAME_PRESENT,https://gameconductor.com/dqrivals/c/d/955
card_b2ce9309,アームライオン,5,ユニット,武闘家,なし,True,絶好調、絶好調状態の味方ユニットは速攻を得る,,1,basic_keyword_generic,0,LOW_NO_EFFECT_OR_BASIC,https://gameconductor.com/dqrivals/c/d/956
card_0090138b,冒険の準備,3,特技,武闘家,,True,自分のデッキから冒険者カード1枚と武器カード1枚をランダムに手札に加える,手札に加える|ランダム,1,,2,MEDIUM_IMPLEMENTED_NAME_PRESENT,https://gameconductor.com/dqrivals/c/d/992
card_61a6fbdb,ベストスマイル,3,特技,武闘家,,True,必殺技：両プレイヤーは手札が7枚になるようにカードを引く,カードを引く,1,,0,MEDIUM_IMPLEMENTED_NAME_PRESENT,https://gameconductor.com/dqrivals/c/d/993
card_784fcb08,イエティ,3,ユニット,武闘家,なし,True,自分がコスト1以下の手札を使う度攻撃力+1,コスト,2,,1,MEDIUM_IMPLEMENTED_NAME_PRESENT,https://gameconductor.com/dqrivals/c/d/994
card_c78b03ab,はやぶさのツメ,5,武器,武闘家,,True,2回攻撃、自分の場に冒険者がいるならコスト-2,コスト,1,,1,MEDIUM_IMPLEMENTED_NAME_PRESENT,https://gameconductor.com/dqrivals/c/d/1017
card_0ae4cc87,ひしょうけん,1,特技,武闘家,,True,敵ユニット1体に1ダメージ。このターン中に使った武術カードの枚数分ダメージ+1,ダメージ,2,,1,MEDIUM_IMPLEMENTED_NAME_PRESENT,https://gameconductor.com/dqrivals/c/d/1045
card_f43d58ae,コトブキーノ,4,ユニット,武闘家,なし,True,召喚時：自分のデッキから特技カードをランダムに1枚手札に加える。自分の場に冒険者がいるなら代わりに2枚手札に加える。,召喚時|手札に加える|ランダム,1,,4,MEDIUM_IMPLEMENTED_NAME_PRESENT,https://gameconductor.com/dqrivals/c/d/1046
card_7af39ca8,ブライ,2,ユニット,武闘家,冒険者,True,特技ダメージ+1、召喚時：このターン味方1体の攻撃力+2,召喚時|ダメージ,2,,3,MEDIUM_IMPLEMENTED_NAME_PRESENT,https://gameconductor.com/dqrivals/c/d/1047
card_de6fe436,神官クリフト,3,ユニット,武闘家,冒険者,True,召喚時：味方1体のHPを3回復した後「次の相手のターン終了時まで受けるダメージ-2」を付与する,召喚時|相手のターン終了時|ダメージ|回復,1,,2,MEDIUM_IMPLEMENTED_NAME_PRESENT,https://gameconductor.com/dqrivals/c/d/1048
card_ac3c90f7,リカントマムル,2,ユニット,武闘家,なし,True,召喚時&死亡時：武術カード1枚を手札に加える,召喚時|死亡時|手札に加える,8,,2,MEDIUM_IMPLEMENTED_NAME_PRESENT,https://gameconductor.com/dqrivals/c/d/1083
card_51602015,ストロングアニマル,3,ユニット,武闘家,なし,True,召喚時：味方ユニット1体を手札に戻す。それが冒険者ならさらにコストを-2する。,召喚時|コスト,2,,2,MEDIUM_IMPLEMENTED_NAME_PRESENT,https://gameconductor.com/dqrivals/c/d/1084
card_0e96c20c,特訓の成果,0,特技,武闘家,,True,このターン中味方リーダーの攻撃力+1。特訓の成果1枚を自分のデッキに混ぜる。この対戦中に自分がこのカードを使用した数分コストと攻撃力+1,コスト,2,,4,MEDIUM_IMPLEMENTED_NAME_PRESENT,https://gameconductor.com/dqrivals/c/d/1085
card_346411a5,ゴールドシャワー,2,特技,武闘家,,True,合計5ダメージを縦一列のランダムなマスに割り振る。自分の手札にあるコインの枚数分+1ダメージ,ダメージ|ランダム,1,,1,MEDIUM_IMPLEMENTED_NAME_PRESENT,https://gameconductor.com/dqrivals/c/d/1121
card_90ff25ad,アサシンクロー,4,ユニット,武闘家,なし,True,召喚時：GET(1)。BET：武術カードを1枚手札に加える。,召喚時|BET|GET|手札に加える,3,bet_engine+get_engine,3,MEDIUM_IMPLEMENTED_NAME_PRESENT,https://gameconductor.com/dqrivals/c/d/1122
card_6ad49a58,ギガデーモン,8,ユニット,武闘家,ドラゴン,True,こうげきできない、BET：速攻と「このターン中攻撃可能になる」を得る。自分のターン終了時GET(1),BET|GET|自分のターン終了時,4,bet_engine+get_engine+keyword,3,MEDIUM_IMPLEMENTED_NAME_PRESENT,https://gameconductor.com/dqrivals/c/d/1123
card_41758536,武闘家の交換所,0,特技,武闘家,,True,手札のコインを消費して以下の景品と交換する。1枚：ちからの指輪 、2枚:コスト3のシルバークロー、3枚：ほしふるうでわ その後カードを1枚引く,カードを1枚引く|コスト,2,,1,MEDIUM_IMPLEMENTED_NAME_PRESENT,https://gameconductor.com/dqrivals/c/d/1148
card_8ae971ee,カンダタこぶん,2,ユニット,武闘家,なし,True,召喚時：GET(1)。BET：このターン中、次に使用するテンションカードのコストが0になる。,召喚時|BET|GET|コスト,10,bet_engine+get_engine,5,MEDIUM_COMPLEX_IMPLEMENTED_RECHECK,https://gameconductor.com/dqrivals/c/d/1149
card_23fa1f42,サキュバスウィンク,2,特技,武闘家,,True,味方リーダーのHPを5回復、その後GET(1),GET|回復,0,get_engine,1,MEDIUM_GENERIC_ENGINE_ONLY,https://gameconductor.com/dqrivals/c/d/1150
card_7cec7648,ほしふるうでわ,2,ユニット,武闘家,なし,True,ユニット1体に「攻撃力が4以下の間速攻と2回攻撃を得る」を付与する,,7,basic_keyword_generic,0,LOW_NO_EFFECT_OR_BASIC,https://gameconductor.com/dqrivals/c/d/1151
card_a5cfea29,ゴレオン将軍,5,ユニット,武闘家,なし,True,スキルリンク：GET(1)、BET:攻撃力+1、自分がコインを使う度味方リーダーのテンション+1,スキルリンク|BET|GET,2,bet_engine+get_engine,3,MEDIUM_IMPLEMENTED_NAME_PRESENT,https://gameconductor.com/dqrivals/c/d/1178
card_f7af8484,ゴルゴンゾーラ,3,ユニット,武闘家,なし,True,召喚時：GET(1)。BET：このユニット自身のHPを3回復する。,召喚時|BET|GET|回復,9,bet_engine+get_engine,3,MEDIUM_IMPLEMENTED_NAME_PRESENT,https://gameconductor.com/dqrivals/c/d/1190
card_809856eb,かすみがくれ,3,特技,武闘家,,True,全ての味方ユニットは次の相手のターン中ステルスになる,,1,keyword,1,MEDIUM_IMPLEMENTED_NAME_PRESENT,https://gameconductor.com/dqrivals/c/d/1191
card_d12a3c7c,カンダタ,4,ユニット,武闘家,なし,True,召喚時&攻撃時:敵の手札コイン1枚を盗む。盗めなかった場合攻撃力+1、自分の手札のコインの数分このユニットの攻撃力+1,召喚時|攻撃時,12,,2,MEDIUM_IMPLEMENTED_NAME_PRESENT,https://gameconductor.com/dqrivals/c/d/1192
card_99408259,フェアリーバット,1,ユニット,武闘家,なし,True,召喚時：後列にいるすべての敵ユニットを前列に移動させる。,召喚時,1,,1,MEDIUM_IMPLEMENTED_NAME_PRESENT,https://gameconductor.com/dqrivals/c/d/1264
card_64609c1d,わらいぐさ,1,ユニット,武闘家,なし,True,死亡時：自分のデッキからユニットカードを1枚引く,死亡時|カードを1枚引く,3,,2,MEDIUM_IMPLEMENTED_NAME_PRESENT,https://gameconductor.com/dqrivals/c/d/1265
card_30a68de9,もりもりベス,2,ユニット,武闘家,スライム,True,れんけい：味方の1マスを選択し、2/1のスライムベスを1体出す。,れんけい|選択,2,choice_engine+renkei_engine,2,MEDIUM_IMPLEMENTED_NAME_PRESENT,https://gameconductor.com/dqrivals/c/d/1266
card_95997a26,しんくうげり,2,特技,武闘家,,True,前列にいる全ての敵ユニットに3ダメージ,ダメージ,1,,1,MEDIUM_IMPLEMENTED_NAME_PRESENT,https://gameconductor.com/dqrivals/c/d/1267
card_41916861,オオワシのツメ,2,武器,武闘家,,True,反撃ダメージを受けない。ダメージを与えたユニットの位置を前後入れ替える,ダメージ,2,,0,MEDIUM_IMPLEMENTED_NAME_PRESENT,https://gameconductor.com/dqrivals/c/d/1268
card_0576ef69,シルバーベア,3,ユニット,武闘家,なし,True,れんけい：このターン中速攻と「敵リーダーを攻撃できない」を得る。スキルブースト:攻撃力+1,れんけい,4,keyword+renkei_engine,2,MEDIUM_IMPLEMENTED_NAME_PRESENT,https://gameconductor.com/dqrivals/c/d/1269
card_772275ee,魅惑のマルティナ,3,ユニット,武闘家,冒険者,True,れんけい：後列にいる全ての敵ユニットを前列に移動させる。スキルリンク：合計7ダメージを敵前列のランダムなマスに振り分ける。,スキルリンク|れんけい|ダメージ|ランダム,7,renkei_engine,4,MEDIUM_IMPLEMENTED_NAME_PRESENT,https://gameconductor.com/dqrivals/c/d/1270
card_9f17bc20,ブラッドミスト,4,ユニット,武闘家,なし,True,ステルス、スキルブースト:攻撃力+1,,2,keyword,0,MEDIUM_IMPLEMENTED_NAME_PRESENT,https://gameconductor.com/dqrivals/c/d/1271
card_d1e8df66,ニマ大師,4,ユニット,武闘家,冒険者,True,召喚時：味方リーダーのテンションスキルを灼熱とうこん討ちに変える,召喚時,1,,1,MEDIUM_IMPLEMENTED_NAME_PRESENT,https://gameconductor.com/dqrivals/c/d/1272
card_dbb66c60,特訓場,1,建物,武闘家,,True,自分のターン終了時耐久値-1し味方リーダーのテンション+1,自分のターン終了時,1,,0,MEDIUM_IMPLEMENTED_NAME_PRESENT,https://gameconductor.com/dqrivals/c/d/1359
card_17f1c245,サンダーラット,2,ユニット,武闘家,なし,True,テンションリンク：敵リーダーに1ダメージ,テンションリンク|ダメージ,2,,1,MEDIUM_IMPLEMENTED_NAME_PRESENT,https://gameconductor.com/dqrivals/c/d/1360
card_37c6d619,ジャイアントバット,2,ユニット,武闘家,なし,True,召喚時：このユニットにさくせんを出す。自分のターン中このユニットが戦闘ダメージを与えた敵を次のターン終了時まで攻撃不能にする,召喚時|このユニットが|ダメージ,4,,1,MEDIUM_IMPLEMENTED_NAME_PRESENT,https://gameconductor.com/dqrivals/c/d/1361
card_55ddd506,おおにわとり,2,ユニット,武闘家,なし,True,召喚時：ランダムなコスト2以下の味方建物1つの耐久値+1、味方建物がないなら自分のデッキからコスト2以下の建物カードを1枚引く,召喚時|カードを1枚引く|コスト|ランダム,2,,4,MEDIUM_IMPLEMENTED_NAME_PRESENT,https://gameconductor.com/dqrivals/c/d/1362
card_9a8f3b7f,メタッツ,3,ユニット,武闘家,スライム,True,メタルボディ、速攻、召喚時：味方建物があるならこのユニットにさくせんを出す,召喚時,1,keyword,1,MEDIUM_IMPLEMENTED_NAME_PRESENT,https://gameconductor.com/dqrivals/c/d/1363
card_6c050775,キラーリカント,5,ユニット,武闘家,なし,True,おうえん、におうだち、死亡時：味方リーダーのテンション+1,死亡時,1,keyword,1,MEDIUM_IMPLEMENTED_NAME_PRESENT,https://gameconductor.com/dqrivals/c/d/1364
card_9b4f1346,マミムメモリー,5,ユニット,武闘家,冒険者,True,自分がコスト1以上のカードを使う度味方リーダーのテンションが、使用したカードのコストの数分上がる。スキルリンク:+1/+1,スキルリンク|コスト,1,,2,MEDIUM_IMPLEMENTED_NAME_PRESENT,https://gameconductor.com/dqrivals/c/d/1365
card_41a103c1,ばくれつけん,6,特技,武闘家,,True,おうえん、ランダムな敵ユニット1体に2ダメージ、これを4回繰り返す,ダメージ|ランダム,1,,1,MEDIUM_IMPLEMENTED_NAME_PRESENT,https://gameconductor.com/dqrivals/c/d/1366
card_5a0bddb6,ブオーン,11,ユニット,武闘家,なし,True,このユニットは移動せず手札に戻らない。このユニットの攻撃は他の全ての敵にも同時にダメージを与える スキルブースト:コスト-1,ダメージ|コスト,7,,2,MEDIUM_IMPLEMENTED_NAME_PRESENT,https://gameconductor.com/dqrivals/c/d/1367
card_41ba8d52,灼熱とうこん討ち,0,トークン,武闘家,,False,敵1体に2ダメージ。このテンションスキルで対象のユニットが死亡した場合味方リーダーのテンションを+1して武器カード1枚を手札に加える,手札に加える|ダメージ,1,,0,MEDIUM_IMPLEMENTED_NAME_PRESENT,https://gameconductor.com/dqrivals/c/d/1422
card_50186816,百獣の王キングレオ,12,ユニット,武闘家,なし,True,速攻、この対戦中に自分が味方にさくせんを出した回数分手札のこのカードのコスト-1,コスト,1,keyword,2,MEDIUM_IMPLEMENTED_NAME_PRESENT,https://gameconductor.com/dqrivals/c/d/1439
card_b2641ee7,追撃のキラーマシン,5,ユニット,武闘家,なし,True,2回攻撃、召喚時:このユニットにさくせんを出す。自分がさくせんを出した後、1ターンに2回までランダムな敵ユニット1体に2ダメージ,召喚時|ダメージ|ランダム,4,,2,MEDIUM_IMPLEMENTED_NAME_PRESENT,https://gameconductor.com/dqrivals/c/d/1448
card_3db909f1,コスモスライム,1,ユニット,武闘家,スライム,True,召喚時：敵ユニット1体に2ダメージ、死亡時：ランダムな味方ユニット1体に2ダメージ,召喚時|死亡時|ダメージ|ランダム,2,,3,MEDIUM_IMPLEMENTED_NAME_PRESENT,https://gameconductor.com/dqrivals/c/d/1501
card_fbbeab37,ピラミッド,1,建物,武闘家,,True,ダンジョン(耐久値11で踏破)、自分が武闘家のカードを使う度耐久値+1、踏破時：おうごんのつめ1枚を手札に加える。3/3のミイラおとこを2体出す,手札に加える,1,,0,MEDIUM_IMPLEMENTED_NAME_PRESENT,https://gameconductor.com/dqrivals/c/d/1502
card_a9ef80f3,ウィングブロウ,2,特技,武闘家,,True,ユニット1体に1ダメージを2回与える。武術カードの中から1枚を選び手札に加える,手札に加える|ダメージ,2,,0,MEDIUM_IMPLEMENTED_NAME_PRESENT,https://gameconductor.com/dqrivals/c/d/1503
card_99cbce10,丸太小屋,2,建物,武闘家,,True,自分のターン終了時耐久値-1し前後にいる味方ユニットを+1/+1,自分のターン終了時,1,,0,MEDIUM_IMPLEMENTED_NAME_PRESENT,https://gameconductor.com/dqrivals/c/d/1504
card_04ea5b09,ケミカルゼリー,3,ユニット,武闘家,なし,True,召喚時：敵ユニット1体に2ダメージ、そのユニットが前列にいる場合代わりに4ダメージ,召喚時|前列にいる場合|ダメージ,1,,1,MEDIUM_IMPLEMENTED_NAME_PRESENT,https://gameconductor.com/dqrivals/c/d/1505
card_5f6a3720,ミステリピラー,3,ユニット,武闘家,なし,True,召喚時：自分のデッキからコスト1以下のカードを1枚引く,召喚時|カードを1枚引く|コスト,1,,3,MEDIUM_IMPLEMENTED_NAME_PRESENT,https://gameconductor.com/dqrivals/c/d/1506
card_4b08d696,デビルロード,4,ユニット,武闘家,なし,True,2回攻撃、ねらい撃ち、このユニットが敵リーダーを攻撃した後「このターン中敵リーダーを攻撃できない」を得る,攻撃した後|このユニットが,3,keyword,1,MEDIUM_IMPLEMENTED_NAME_PRESENT,https://gameconductor.com/dqrivals/c/d/1507
card_0b92ff96,大工の息子ハッサン,4,ユニット,武闘家,冒険者,True,召喚時：自分のデッキからコスト2以下の建物カードの中でコストが最大のもの1枚を指定の味方マスに出す,召喚時|コスト,2,,3,MEDIUM_IMPLEMENTED_NAME_PRESENT,https://gameconductor.com/dqrivals/c/d/1508
card_29dd2f9d,イエローファット,5,ユニット,武闘家,ドラゴン,True,召喚時：味方リーダーのテンションを全て消費する。消費した数と同じだけ速攻1/1のファーラットを出す,召喚時,3,keyword,2,MEDIUM_IMPLEMENTED_NAME_PRESENT,https://gameconductor.com/dqrivals/c/d/1509
card_c837e8a2,Sキラーマシン,8,ユニット,武闘家,なし,True,速攻、このユニットの攻撃で敵ユニットが死亡する度　攻撃力+1 さらにこのターン中このユニットはもう一度攻撃できるようになる,,3,keyword,1,MEDIUM_IMPLEMENTED_NAME_PRESENT,https://gameconductor.com/dqrivals/c/d/1510
card_4aaadec4,ハンターフライ,5,ユニット,武闘家,なし,True,先制、死亡時：味方リーダーのテンション+1、スキルブースト:コスト-1,死亡時|コスト,2,,2,MEDIUM_IMPLEMENTED_NAME_PRESENT,https://gameconductor.com/dqrivals/c/d/1565
card_1d6748d8,ベロリンマン,5,ユニット,武闘家,なし,True,おうえん、召喚時&スキルリンク:ベロリンマンを1体出す,召喚時|スキルリンク,2,,2,MEDIUM_IMPLEMENTED_NAME_PRESENT,https://gameconductor.com/dqrivals/c/d/1566
card_4431eb76,ホイミ,0,特技,僧侶,,True,HPを3回復,回復,13,,0,MEDIUM_IMPLEMENTED_NAME_PRESENT,https://gameconductor.com/dqrivals/c/d/255
card_dc7773b0,パワースナイプ,1,特技,僧侶,,True,2ダメージを与える,ダメージ,2,,0,MEDIUM_IMPLEMENTED_NAME_PRESENT,https://gameconductor.com/dqrivals/c/d/256
card_f4edd38d,スカラ,1,特技,僧侶,,True,ユニット1体のHPを+3,,2,,0,MEDIUM_IMPLEMENTED_NAME_PRESENT,https://gameconductor.com/dqrivals/c/d/257
card_cd4a652a,ショートボウ,2,武器,僧侶,,True,ねらい撃ち、敵ユニットから反撃をうけない,,0,basic_keyword_generic,0,LOW_NO_EFFECT_OR_BASIC,https://gameconductor.com/dqrivals/c/d/258
card_077f70d7,皮肉な笑い,2,特技,僧侶,,True,ユニット1体の攻撃力をHPと同じ値にする,,2,,0,MEDIUM_IMPLEMENTED_NAME_PRESENT,https://gameconductor.com/dqrivals/c/d/259
card_9db74cd2,ザオラル,4,特技,僧侶,,True,ランダムな味方ユニット1体を指定の味方マスに復活させる。,復活|ランダム,1,,2,MEDIUM_IMPLEMENTED_NAME_PRESENT,https://gameconductor.com/dqrivals/c/d/260
card_e502a350,グレムリン,3,ユニット,僧侶,なし,True,味方が回復する度攻撃力+1,味方が|回復,2,,0,MEDIUM_IMPLEMENTED_NAME_PRESENT,https://gameconductor.com/dqrivals/c/d/261
card_c5db9b7a,ザキ,5,特技,僧侶,,True,ユニット1体を死亡させる,,2,,0,MEDIUM_IMPLEMENTED_NAME_PRESENT,https://gameconductor.com/dqrivals/c/d/262
card_13658a44,ふゆうじゅ,1,ユニット,僧侶,なし,True,死亡時：ランダムな味方ユニット1体のHP+1,死亡時|ランダム,1,,2,MEDIUM_IMPLEMENTED_NAME_PRESENT,https://gameconductor.com/dqrivals/c/d/263
card_09cd85f8,ボーンバット,2,ユニット,僧侶,ゾンビ,True,召喚時：このユニットに2ダメージを与える,召喚時|ダメージ,4,,1,MEDIUM_IMPLEMENTED_NAME_PRESENT,https://gameconductor.com/dqrivals/c/d/264
card_5752c537,どんぐりベビー,2,ユニット,僧侶,なし,True,味方リーダーのHPが回復する度カードを1枚引く,カードを1枚引く|回復,5,,0,MEDIUM_IMPLEMENTED_NAME_PRESENT,https://gameconductor.com/dqrivals/c/d/265
card_3745f350,ピンクモーモン,2,ユニット,僧侶,なし,True,このユニットの攻撃で与えたダメージ分味方リーダーのHPを回復する,ダメージ|回復,2,,0,MEDIUM_IMPLEMENTED_NAME_PRESENT,https://gameconductor.com/dqrivals/c/d/266
card_91fd1040,天使の守り,2,特技,僧侶,,True,味方ユニット1体に死亡時：同じマスに復活するを付与する,死亡時|復活,2,,2,MEDIUM_IMPLEMENTED_NAME_PRESENT,https://gameconductor.com/dqrivals/c/d/267
card_99fccc22,キャタピラー,3,ユニット,僧侶,なし,True,召喚時：味方ユニット1体のHP+2,召喚時,1,,1,MEDIUM_IMPLEMENTED_NAME_PRESENT,https://gameconductor.com/dqrivals/c/d/268
card_de1ee7e6,ベホマラー,3,特技,僧侶,,True,縦一列にいる全ての味方ユニットのHPを3回復 味方ユニットが回復する度カードを1枚引く,カードを1枚引く|回復,3,,1,MEDIUM_IMPLEMENTED_NAME_PRESENT,https://gameconductor.com/dqrivals/c/d/269
card_d2a5382b,スターキメラ,5,ユニット,僧侶,なし,True,味方が回復する度攻撃力+2,味方が|回復,1,,0,MEDIUM_IMPLEMENTED_NAME_PRESENT,https://gameconductor.com/dqrivals/c/d/270
card_e83282a4,ベホイミ,2,特技,僧侶,,True,HPを4回復、カードを1枚引く,カードを1枚引く|回復,7,,0,MEDIUM_IMPLEMENTED_NAME_PRESENT,https://gameconductor.com/dqrivals/c/d/271
card_db46b9b9,イーブルフライ,4,ユニット,僧侶,なし,True,召喚時：ユニット1体の攻撃力をHPと同じ値にする,召喚時,2,,1,MEDIUM_IMPLEMENTED_NAME_PRESENT,https://gameconductor.com/dqrivals/c/d/272
card_45a4d7c5,エビルチクリン,4,ユニット,僧侶,なし,True,におうだち、召喚時：味方ユニット1体ににおうだちを付与する,召喚時,2,keyword,1,MEDIUM_IMPLEMENTED_NAME_PRESENT,https://gameconductor.com/dqrivals/c/d/273
card_ce06208f,リトルライバーン,4,ユニット,僧侶,ドラゴン,True,味方が回復する度ランダムな敵1体に2ダメージ,味方が|ダメージ|回復|ランダム,3,,1,MEDIUM_IMPLEMENTED_NAME_PRESENT,https://gameconductor.com/dqrivals/c/d/274
card_8f217813,ホーリーライト,4,特技,僧侶,,True,ユニット1体に4ダメージ、味方リーダーのHPを2回復,ダメージ|回復,2,,0,MEDIUM_IMPLEMENTED_NAME_PRESENT,https://gameconductor.com/dqrivals/c/d/275
card_0b64dae7,ふしぎなタンバリン,4,特技,僧侶,,True,おうえん、横一列にいる全ての味方ユニットに攻撃力+1と速攻を付与する。,,1,keyword,1,MEDIUM_IMPLEMENTED_NAME_PRESENT,https://gameconductor.com/dqrivals/c/d/276
card_b1cab6e3,グランドクロス,5,特技,僧侶,,True,必殺技、敵の後列中央を中心に十字架型に5ダメージを与える,ダメージ,1,,0,MEDIUM_IMPLEMENTED_NAME_PRESENT,https://gameconductor.com/dqrivals/c/d/277
card_25adc7fc,ベホマ,5,特技,僧侶,,True,HPを7回復、カードを2枚引く,回復,4,,0,MEDIUM_IMPLEMENTED_NAME_PRESENT,https://gameconductor.com/dqrivals/c/d/278
card_cba34087,キラーデーモン,6,ユニット,僧侶,なし,True,召喚時：味方ユニット1体を+1/+1した後におうだちを付与する,召喚時,1,keyword,1,MEDIUM_IMPLEMENTED_NAME_PRESENT,https://gameconductor.com/dqrivals/c/d/279
card_f59cb8cd,エビルトレント,6,ユニット,僧侶,,True,このユニットを除く全ての味方ユニットの攻撃力をHPと同じ値にする,,3,,1,MEDIUM_IMPLEMENTED_NAME_PRESENT,https://gameconductor.com/dqrivals/c/d/280
card_8220ee99,ザラキ,7,特技,僧侶,,True,縦一列にいる全ての敵ユニットを死亡させる,,3,,1,MEDIUM_IMPLEMENTED_NAME_PRESENT,https://gameconductor.com/dqrivals/c/d/281
card_5e60cd6b,ケイロンの弓,7,武器,僧侶,,True,ねらい撃ち、味方リーダーが攻撃をした後すべての味方ユニットのHPを1回復、敵ユニットから反撃を受けない。,回復,0,basic_keyword_generic,0,LOW_NO_EFFECT_OR_BASIC,https://gameconductor.com/dqrivals/c/d/282
card_445bf658,クリフト,5,ユニット,僧侶,冒険者,True,召喚時：ランダムな2マスにいる敵ユニットを死亡させる,召喚時|ランダム,2,,2,MEDIUM_IMPLEMENTED_NAME_PRESENT,https://gameconductor.com/dqrivals/c/d/283
card_fb7db451,ベリアル,7,ユニット,僧侶,なし,True,召喚時：すべての敵ユニットに2ダメージ、倒したユニット数の2倍分味方リーダーのHPを回復,召喚時|ダメージ|回復,2,,1,MEDIUM_IMPLEMENTED_NAME_PRESENT,https://gameconductor.com/dqrivals/c/d/284
card_b7f05143,ほうおう,7,ユニット,僧侶,なし,True,他のすべての味方ユニットのHP+1、スキルブースト:味方ユニットのHP+1,,2,,0,MEDIUM_IMPLEMENTED_NAME_PRESENT,https://gameconductor.com/dqrivals/c/d/393
card_df3467f7,ニフラム,4,特技,僧侶,,True,攻撃力2以下の敵ユニット全てを死亡させる。,,2,,1,MEDIUM_IMPLEMENTED_NAME_PRESENT,https://gameconductor.com/dqrivals/c/d/394
card_b8c0c041,いやしの風,1,特技,僧侶,,True,おうえん、ダメージを受けているランダムな味方1体のHPを1回復する。 これを2回繰り返す。,ダメージ|回復|ランダム,1,,1,MEDIUM_IMPLEMENTED_NAME_PRESENT,https://gameconductor.com/dqrivals/c/d/395
card_e71077f4,ザオリク,6,特技,僧侶,,True,コストが最も高いランダムな味方ユニット1体を指定の味方マスに復活させる。,復活|コスト|ランダム,1,,3,MEDIUM_IMPLEMENTED_NAME_PRESENT,https://gameconductor.com/dqrivals/c/d/409
card_0c785b70,セーニャ,9,ユニット,僧侶,冒険者,True,召喚時：対戦中に死亡した味方ユニット1体をランダムに復活させる。スキルブースト:+1体,召喚時|復活|ランダム,1,,3,MEDIUM_IMPLEMENTED_NAME_PRESENT,https://gameconductor.com/dqrivals/c/d/421
card_c1482e48,ランドゲーロ,2,ユニット,僧侶,なし,True,召喚時：前列に召喚した場合攻撃力が1になる。後列に召喚した場合HPが１になる。,召喚時,5,,1,MEDIUM_IMPLEMENTED_NAME_PRESENT,https://gameconductor.com/dqrivals/c/d/464
card_b4071e6a,福音の杖,2,武器,僧侶,,True,テンションリンク：ダメージを受けているランダムな味方1体のHPを2回復する、武器の耐久力を-1する。,テンションリンク|ダメージ|回復|ランダム,2,,2,MEDIUM_IMPLEMENTED_NAME_PRESENT,https://gameconductor.com/dqrivals/c/d/465
card_ad086f39,ともしびこぞう,4,ユニット,僧侶,なし,True,死亡時：ランダムな敵1体に2ダメージ、スキルブースト:+1ダメージ,死亡時|ダメージ|ランダム,1,,2,MEDIUM_IMPLEMENTED_NAME_PRESENT,https://gameconductor.com/dqrivals/c/d/466
card_c9cc581c,カロン,6,ユニット,僧侶,なし,True,テンションリンク：対戦中に死亡したランダムな味方ユニットを手札に1枚加える,テンションリンク|ランダム,1,,2,MEDIUM_IMPLEMENTED_NAME_PRESENT,https://gameconductor.com/dqrivals/c/d/467
card_67850347,妖精の祝福,2,特技,僧侶,,True,横一列にいる全ての味方ユニットを+1/+1した後それらのユニットのHPを2回復,回復,2,,1,MEDIUM_IMPLEMENTED_NAME_PRESENT,https://gameconductor.com/dqrivals/c/d/469
card_78b75767,グレンデル,3,ユニット,僧侶,なし,True,におうだち　召喚時:味方リーダーのテンションを1消費する。消費した後+1/+1を得る。,召喚時,1,keyword,1,MEDIUM_IMPLEMENTED_NAME_PRESENT,https://gameconductor.com/dqrivals/c/d/480
card_312ce074,スピリットリンク,3,特技,僧侶,,True,敵か見方の横1列のマスの地形を全て祝福の聖域に変える,,3,,1,MEDIUM_IMPLEMENTED_NAME_PRESENT,https://gameconductor.com/dqrivals/c/d/501
card_420e6962,いやしの雨,1,特技,僧侶,,True,敵味方全体のHPを2回復,回復,1,,0,MEDIUM_IMPLEMENTED_NAME_PRESENT,https://gameconductor.com/dqrivals/c/d/521
card_9a32c89a,テンツク,2,ユニット,僧侶,なし,True,死亡時:死亡したマスの地形を祝福の聖域に変える。 この効果で地形の上書きはできない。,死亡時,4,,1,MEDIUM_IMPLEMENTED_NAME_PRESENT,https://gameconductor.com/dqrivals/c/d/522
card_b1f5ae69,ユニコーン,5,ユニット,僧侶,なし,True,召喚時:HPを4回復,召喚時|回復,1,,1,MEDIUM_IMPLEMENTED_NAME_PRESENT,https://gameconductor.com/dqrivals/c/d/523
card_4217939b,冥界の霧,2,特技,僧侶,,True,このターン中全ての敵は回復の効果で代わりにダメージを受ける,ダメージ|回復,3,,2,MEDIUM_IMPLEMENTED_NAME_PRESENT,https://gameconductor.com/dqrivals/c/d/559
card_a3ef00ea,聖銀のレイピア,3,武器,僧侶,,True,味方が回復する度このターン中攻撃力+1を得る,味方が|回復,2,,1,MEDIUM_IMPLEMENTED_NAME_PRESENT,https://gameconductor.com/dqrivals/c/d/560
card_efa89063,ましょうぐも,3,ユニット,僧侶,なし,True,すべての敵は回復の効果で代わりにダメージを受ける,ダメージ|回復,1,,0,MEDIUM_IMPLEMENTED_NAME_PRESENT,https://gameconductor.com/dqrivals/c/d/561
card_b5d334a0,フォレストドラゴ,4,ユニット,僧侶,ドラゴン,True,自分のターン終了時味方リーダーのHPを2回復,自分のターン終了時|回復,2,,0,MEDIUM_IMPLEMENTED_NAME_PRESENT,https://gameconductor.com/dqrivals/c/d/562
card_63714a60,魔道士ウルノーガ,7,ユニット,僧侶,魔王,True,すべての敵は回復の効果で代わりにダメージを受ける。 このユニットが前列にいる場合敵ユニットが死亡する度カードを1枚引く,前列にいる場合|このユニットが|カードを1枚引く|ダメージ|回復,4,,0,MEDIUM_IMPLEMENTED_NAME_PRESENT,https://gameconductor.com/dqrivals/c/d/563
card_798cf045,精霊の矢,6,特技,僧侶,,True,ユニット1体に3ダメージを与える。 この特技で対象が死亡した場合、味方リーダーのMPがこのカードのコスト分回復する。,ダメージ|回復|コスト,2,,2,MEDIUM_IMPLEMENTED_NAME_PRESENT,https://gameconductor.com/dqrivals/c/d/586
card_fd9f76f6,スクルト,2,特技,僧侶,,True,縦一列にいる全てのユニットのHP+2,,2,,1,MEDIUM_IMPLEMENTED_NAME_PRESENT,https://gameconductor.com/dqrivals/c/d/618
card_ee05ec16,リンリン,2,ユニット,僧侶,なし,True,死亡時：ランダムなコスト1のドラゴン系ユニット1体をこのマスに出す。スキルブースト：ユニットのコスト+1,死亡時|コスト|ランダム,4,,3,MEDIUM_IMPLEMENTED_NAME_PRESENT,https://gameconductor.com/dqrivals/c/d/619
card_8a601bff,ドラゴンバゲージ,7,ユニット,僧侶,ドラゴン,True,におうだち、自分のターン終了時味方リーダーのテンション+1,自分のターン終了時,2,basic_keyword_generic,0,LOW_NO_EFFECT_OR_BASIC,https://gameconductor.com/dqrivals/c/d/620
card_88da197d,たつのこナイト,5,ユニット,僧侶,ドラゴン,True,パワフルバッジ：自分の手札にあるドラゴン系のユニットカードのコスト-1。,パワフルバッジ|コスト,1,badge_engine,2,MEDIUM_IMPLEMENTED_NAME_PRESENT,https://gameconductor.com/dqrivals/c/d/630
card_a6ad5317,グレイナル,7,ユニット,僧侶,ドラゴン,True,召喚時：竜戦士の装具を手札に加える。ドラゴン系の味方ユニットが攻撃して敵ユニットを倒す度味方リーダーのテンション+1,召喚時|手札に加える,3,,1,MEDIUM_IMPLEMENTED_NAME_PRESENT,https://gameconductor.com/dqrivals/c/d/634
card_04b7fc17,しっぷうのレイピア,4,武器,僧侶,,True,この武器が壊れた時ランダムなドラゴン系のユニットカードを手札に1枚加える,ランダム,1,,1,MEDIUM_IMPLEMENTED_NAME_PRESENT,https://gameconductor.com/dqrivals/c/d/659
card_ede734f2,冷たい笑み,6,特技,僧侶,,True,お互いの全てのユニットの攻撃力をHPと同じ値にする,,1,,1,MEDIUM_IMPLEMENTED_NAME_PRESENT,https://gameconductor.com/dqrivals/c/d/660
card_bbde5aef,ダックスビル,3,ユニット,僧侶,なし,True,パワフルバッジ：ドラゴン系の味方ユニットのHP+1,パワフルバッジ,0,badge_engine,1,MEDIUM_GENERIC_ENGINE_ONLY,https://gameconductor.com/dqrivals/c/d/661
card_b2acd5a0,竜のうろこ,2,特技,僧侶,,True,ユニット1体を+1/+2。対象がドラゴン系のユニットの場合カードを1枚引く。,カードを1枚引く,2,,0,MEDIUM_IMPLEMENTED_NAME_PRESENT,https://gameconductor.com/dqrivals/c/d/662
card_4feadef0,竜戦士の装具,4,特技,僧侶,,False,味方リーダーのHPを8回復。味方リーダーのテンションスキルを英雄竜の祝福に変える。,回復,5,,0,MEDIUM_IMPLEMENTED_NAME_PRESENT,https://gameconductor.com/dqrivals/c/d/686
card_5095257f,英雄竜の祝福,0,テンションスキル,僧侶,,False,味方全員（味方ユニット・味方リーダー）のHPを3回復する。自分の死亡プールからドラゴン系ユニットを1体ランダムに場に出す（召喚ではない）。,場に出す|回復|ランダム,9,,2,MEDIUM_IMPLEMENTED_NAME_PRESENT,https://gameconductor.com/dqrivals/c/d/687
card_4879b13c,ウィングタイガー,4,ユニット,僧侶,なし,True,召喚時：味方ヒーローがいる場合敵ユニット1体の攻撃力を-2,召喚時,2,,1,MEDIUM_IMPLEMENTED_NAME_PRESENT,https://gameconductor.com/dqrivals/c/d/741
card_6de32cec,アンドレアル,8,ユニット,僧侶,ドラゴン,True,スキルリンク：5/5のグリーンドラゴンを1体出す。 スキルブースト：コスト-1,スキルリンク|コスト,2,,2,MEDIUM_IMPLEMENTED_NAME_PRESENT,https://gameconductor.com/dqrivals/c/d/749
card_d3b270fb,せいれいのうた,9,特技,僧侶,,True,この対戦中に死亡した3コスト以下のユニットを3体復活させる。 スキルブースト:+1体,復活|コスト,1,,3,MEDIUM_IMPLEMENTED_NAME_PRESENT,https://gameconductor.com/dqrivals/c/d/758
card_9c78e919,グリーンドラゴン,5,ユニット,僧侶,ドラゴン,True,効果なし,,3,,0,MEDIUM_IMPLEMENTED_NAME_PRESENT,https://gameconductor.com/dqrivals/c/d/770
card_8c3f9abb,ニードルショット,0,特技,僧侶,,True,必殺技、攻撃力3以下の敵ユニット1体を死亡させる,,2,,0,MEDIUM_IMPLEMENTED_NAME_PRESENT,https://gameconductor.com/dqrivals/c/d/781
card_3e373c4a,スーパーテンツク,3,ユニット,僧侶,なし,True,召喚時:味方ヒーローがいる場合自分のデッキから武器カードまたは必殺技を持つカードを手札に加える。,召喚時|手札に加える,3,,2,MEDIUM_IMPLEMENTED_NAME_PRESENT,https://gameconductor.com/dqrivals/c/d/801
card_5cb8a16c,エロスの弓,3,武器,僧侶,,True,おうえん、ねらい撃ち、反撃ダメージを受けない,ダメージ,3,basic_keyword_generic,0,LOW_NO_EFFECT_OR_BASIC,https://gameconductor.com/dqrivals/c/d/802
card_e9ef1767,天使の眼差し,3,特技,僧侶,,True,自分のデッキからコストが最も低いユニットカード1枚を手札に加える,手札に加える|コスト,1,,2,MEDIUM_IMPLEMENTED_NAME_PRESENT,https://gameconductor.com/dqrivals/c/d/818
card_7d7bd537,チャモロ,7,ユニット,僧侶,冒険者,True,召喚時：HPを3回復、死亡時：ゲントの杖を装備する、スキルブースト： コストー1,召喚時|死亡時|回復|コスト,2,,3,MEDIUM_IMPLEMENTED_NAME_PRESENT,https://gameconductor.com/dqrivals/c/d/828
card_f503ba07,おおドラキー,2,ユニット,僧侶,なし,True,ねらい撃ち、召喚時：味方ヒーローがいる場合2/1のドラキーを1体出す,召喚時,3,keyword,1,MEDIUM_IMPLEMENTED_NAME_PRESENT,https://gameconductor.com/dqrivals/c/d/844
card_58a07f93,マッドオックス,3,ユニット,僧侶,なし,True,召喚時：正面にいるランダムな敵ユニット1体に１ダメージを与える。スキルブースト:+1ダメージ,召喚時|ダメージ|ランダム,1,,2,MEDIUM_IMPLEMENTED_NAME_PRESENT,https://gameconductor.com/dqrivals/c/d/845
card_9bb7d892,ゲントの杖,3,武器,僧侶,,True,テンションリンク：ダメージを受けているランダムな味方1体のHPを4回復する。カードを1枚引く。武器の耐久力を-1する。,テンションリンク|カードを1枚引く|ダメージ|回復|ランダム,1,,2,MEDIUM_IMPLEMENTED_NAME_PRESENT,https://gameconductor.com/dqrivals/c/d/852
card_3e5ba706,ケンタラウス,2,ユニット,僧侶,なし,True,召喚時：味方ヒーローがいる場合このターン中味方リーダーは攻撃力+1を得る,召喚時,2,,2,MEDIUM_IMPLEMENTED_NAME_PRESENT,https://gameconductor.com/dqrivals/c/d/875
card_6fa5d265,アイアンナイト,5,ユニット,僧侶,なし,True,におうだち、死亡時：ランダムな味方ユニット1体を味方ヒーローのレベルの数分+1/+1,死亡時|ランダム,1,keyword,2,MEDIUM_IMPLEMENTED_NAME_PRESENT,https://gameconductor.com/dqrivals/c/d/876
card_fdaa6bf8,しんごんのじゅず,3,特技,僧侶,,True,この対戦中の間味方ユニットは復活した後+1/+1を得る,復活,2,,2,MEDIUM_IMPLEMENTED_NAME_PRESENT,https://gameconductor.com/dqrivals/c/d/877
card_bf520fa8,フォズ大神官,3,ユニット,僧侶,冒険者,True,自分のターン終了時味方リーダーのテンションスキルを別の職業のものに変更しテンション+2,自分のターン終了時,8,,0,MEDIUM_IMPLEMENTED_NAME_PRESENT,https://gameconductor.com/dqrivals/c/d/878
card_5f683184,ふっかつの杖,7,武器,僧侶,,True,味方リーダーが攻撃した後この大戦中に死亡したランダムな味方ユニット1体を復活させる,攻撃した後|復活|ランダム,1,,2,MEDIUM_IMPLEMENTED_NAME_PRESENT,https://gameconductor.com/dqrivals/c/d/896
card_d68f6415,プチプリースト,1,ユニット,僧侶,なし,True,シンクロ：①攻撃力+1、②HP+1、攻撃力+1、③死亡時：味方リーダーのHPを4回復,死亡時|回復,1,,1,MEDIUM_IMPLEMENTED_NAME_PRESENT,https://gameconductor.com/dqrivals/c/d/927
card_8837928e,ニードルラッシュ,5,特技,僧侶,,True,ランダムな敵ユニット1体を死亡させる。味方ヒーローのレベルの数分コスト-1,コスト|ランダム,1,,2,MEDIUM_IMPLEMENTED_NAME_PRESENT,https://gameconductor.com/dqrivals/c/d/928
card_683cc9b8,ウドラー,6,ユニット,僧侶,なし,True,シンクロ:①攻撃力+1、②におうだち、③死亡時：この対戦中に死亡したコスト2以下のユニットを2体復活させる,死亡時|復活|コスト,1,keyword,4,MEDIUM_IMPLEMENTED_NAME_PRESENT,https://gameconductor.com/dqrivals/c/d/936
card_7d9dc67b,ミラクルソード,2,特技,僧侶,,True,ユニット1体に3ダメージ。ランダムな味方1体のHPを2回復する,ダメージ|回復|ランダム,2,,1,MEDIUM_IMPLEMENTED_NAME_PRESENT,https://gameconductor.com/dqrivals/c/d/957
card_9e4a118c,ごくらくちょう,4,ユニット,僧侶,なし,True,シンクロ:①HP+1、②ねらい撃ち、③死亡時:味方リーダーのHPを3回復、敵リーダーに3ダメージ,死亡時|ダメージ|回復,1,keyword,1,MEDIUM_IMPLEMENTED_NAME_PRESENT,https://gameconductor.com/dqrivals/c/d/958
card_bd691484,アモールの雨,0,特技,僧侶,,True,全ての味方のHPを2回復,回復,1,,1,MEDIUM_IMPLEMENTED_NAME_PRESENT,https://gameconductor.com/dqrivals/c/d/995
card_1b860372,シャイニングボウ,0,特技,僧侶,,True,必殺技：この対戦中味方ユニットが回復する度ランダムな敵1体に1ダメージ。カードを2枚引く。,ダメージ|回復|ランダム,3,,2,MEDIUM_IMPLEMENTED_NAME_PRESENT,https://gameconductor.com/dqrivals/c/d/996
card_5b8941e3,ベビーニュート,5,ユニット,僧侶,ドラゴン,True,味方ユニットのHPが回復する度ランダムな敵1体に1ダメージを与えた後カードを1枚引く,カードを1枚引く|ダメージ|回復|ランダム,3,,1,MEDIUM_IMPLEMENTED_NAME_PRESENT,https://gameconductor.com/dqrivals/c/d/997
card_89a146ee,マルチェロ,7,ユニット,僧侶,なし,True,におうだち、召喚時：敵の後列中央を中心に十字型に4ダメージを与える,召喚時|ダメージ,1,keyword,1,MEDIUM_IMPLEMENTED_NAME_PRESENT,https://gameconductor.com/dqrivals/c/d/1014
card_f9a9e164,はくあいの杖,2,武器,僧侶,,True,味方リーダーが攻撃した後全ての味方ユニットのHPを1回復,攻撃した後|回復,1,,1,MEDIUM_IMPLEMENTED_NAME_PRESENT,https://gameconductor.com/dqrivals/c/d/1023
card_1727eb71,友愛の心,2,特技,僧侶,,True,敵ユニット1体の攻撃力-3。自分の場に冒険者がいるなら代わりに攻撃力-6,,2,,0,MEDIUM_IMPLEMENTED_NAME_PRESENT,https://gameconductor.com/dqrivals/c/d/1049
card_7e3cc362,バギマ,2,特技,僧侶,,True,縦一列にいる全ての敵ユニットに1ダメージ。自分の場に冒険者がいるなら代わりに3ダメージ。,ダメージ,2,,1,MEDIUM_IMPLEMENTED_NAME_PRESENT,https://gameconductor.com/dqrivals/c/d/1050
card_aec8d6e1,ヤンガス,3,ユニット,僧侶,冒険者,True,自分のターン終了時残りMPを全て消費する。消費したMPが1以上の場合その数と同じコストのランダムユニットを1体出す。,自分のターン終了時|コスト|ランダム,4,,3,MEDIUM_IMPLEMENTED_NAME_PRESENT,https://gameconductor.com/dqrivals/c/d/1051
card_f6aadd3b,パールスライム,3,ユニット,僧侶,スライム,True,召喚時：味方ユニット1体のHP+2、それが冒険者ならさらにカードを1枚引く,召喚時|カードを1枚引く,1,,1,MEDIUM_IMPLEMENTED_NAME_PRESENT,https://gameconductor.com/dqrivals/c/d/1086
card_fa60bb4c,ブラックマンティス,2,ユニット,僧侶,なし,True,におうだち、召喚時：敵ユニット1体の攻撃力-1,召喚時,4,keyword,1,MEDIUM_IMPLEMENTED_NAME_PRESENT,https://gameconductor.com/dqrivals/c/d/1087
card_c504381c,きりかぶおばけ,2,ユニット,僧侶,なし,True,召喚時：GET(1)。BET：1ターンに1回のみ、他のランダムな味方ユニットのHP+2。,召喚時|BET|GET|ランダム,5,bet_engine+get_engine,4,MEDIUM_IMPLEMENTED_NAME_PRESENT,https://gameconductor.com/dqrivals/c/d/1124
card_140b92ae,転生の祈り,2,特技,僧侶,,True,GET(1)、その後手札のコインの枚数以下にコストを持つ。この対戦中に死亡した敵ユニットの中からコストが最大のもの1体を味方として復活させる,GET|復活|コスト,2,get_engine,4,MEDIUM_IMPLEMENTED_NAME_PRESENT,https://gameconductor.com/dqrivals/c/d/1125
card_44e719fd,クラウンヘッド,3,ユニット,僧侶,なし,True,におうだち。召喚時：GET(1)。BET：HP+1、次の相手のターン終了時まで受けるダメージ-1。このユニットへのBETは1ターン1回,召喚時|BET|GET|相手のターン終了時|ダメージ,10,bet_engine+get_engine+keyword,4,MEDIUM_IMPLEMENTED_NAME_PRESENT,https://gameconductor.com/dqrivals/c/d/1126
card_41be5300,ベビーサラマンダ,4,ユニット,僧侶,ドラゴン,True,攻撃時：GET(1)、BET:攻撃力+1、このBETが4回発動した後超貫通8/8のサラマンダーに変身する,攻撃時|BET|GET|変身,5,bet_engine+get_engine+keyword,4,MEDIUM_IMPLEMENTED_NAME_PRESENT,https://gameconductor.com/dqrivals/c/d/1138
card_86f8054a,僧侶の交換所,0,特技,僧侶,,True,手札のコインを消費して以下の景品と交換する。1枚:福音の杖、2枚:コスト2のエロスの弓、3枚：しんぴのよろい その後カードを1枚引く,カードを1枚引く|コスト,3,,1,MEDIUM_IMPLEMENTED_NAME_PRESENT,https://gameconductor.com/dqrivals/c/d/1152
card_a2e4dad1,ズッシード,2,特技,僧侶,,True,全ての味方ユニットにHP+1と「このユニットは移動せず手札に戻らない」を付与する,,1,,1,MEDIUM_IMPLEMENTED_NAME_PRESENT,https://gameconductor.com/dqrivals/c/d/1153
card_69bd35ef,しんぴのよろい,2,ユニット,僧侶,なし,True,この対戦の間味方リーダーは「自分のターン終了時味方リーダーのHPを2回復する」を得る,自分のターン終了時|回復,5,,0,MEDIUM_IMPLEMENTED_NAME_PRESENT,https://gameconductor.com/dqrivals/c/d/1154
card_57348016,チャゴス王子,2,ユニット,僧侶,冒険者,True,召喚時：GET(1)。BET：速攻を得る。このユニットが攻撃対象として選択された時、手札に戻る,召喚時|BET|GET|選択|このユニットが,11,bet_engine+choice_engine+get_engine+keyword,4,MEDIUM_IMPLEMENTED_NAME_PRESENT,https://gameconductor.com/dqrivals/c/d/1182
card_73a8aa40,まもりのふえ,2,特技,僧侶,,True,全ての味方に「このターン中受けるダメージ-2」を付与する,ダメージ,2,,2,MEDIUM_IMPLEMENTED_NAME_PRESENT,https://gameconductor.com/dqrivals/c/d/1194
card_1959447b,むげんの弓,3,武器,僧侶,,True,攻撃時の反撃ダメージを受けない。BET：耐久力+1。自分のターン終了時GET(1)。,攻撃時|BET|GET|自分のターン終了時|ダメージ,5,bet_engine+get_engine,3,MEDIUM_IMPLEMENTED_NAME_PRESENT,https://gameconductor.com/dqrivals/c/d/1195
card_fd9a621e,チョメ,4,ユニット,僧侶,なし,True,速攻,,1,basic_keyword_generic,0,LOW_NO_EFFECT_OR_BASIC,https://gameconductor.com/dqrivals/c/d/1196
card_5ee583f1,マリンフェアリー,5,ユニット,僧侶,なし,True,召喚時:手札にあるコインをランダムに1枚捨てる。そうした場合この対戦中に死亡した4コスト以下の味方ユニット3種類の中から1体を選んで復活させる,召喚時|復活|コスト|ランダム,8,,5,MEDIUM_COMPLEX_IMPLEMENTED_RECHECK,https://gameconductor.com/dqrivals/c/d/1197
card_fa1f0c80,セラフィ,5,ユニット,僧侶,冒険者,True,召喚時：指定の味方マスに速攻3/3のチョメを1体出す。自分のターン終了時全ての味方のHPを1回復,召喚時|自分のターン終了時|回復,2,keyword,2,MEDIUM_IMPLEMENTED_NAME_PRESENT,https://gameconductor.com/dqrivals/c/d/1198
card_2b361299,豊作のじんめんじゅ,3,ユニット,僧侶,なし,True,ステルス、自分のターン終了時1/1のガップリンを1体出す。このユニットは1ダメージを受ける,自分のターン終了時|ダメージ,1,basic_keyword_generic,0,LOW_NO_EFFECT_OR_BASIC,https://gameconductor.com/dqrivals/c/d/1273
card_1a74c072,ベルザブル,4,ユニット,僧侶,なし,True,テンションリンク:このユニットは1ダメージを受ける。その後このユニットのHPが1以上あるならカードを1枚引く,テンションリンク|カードを1枚引く|ダメージ,1,,1,MEDIUM_IMPLEMENTED_NAME_PRESENT,https://gameconductor.com/dqrivals/c/d/1274
card_c590982e,決意の聖賢セーニャ,4,ユニット,僧侶,冒険者,True,れんけい：全ての味方のHPを3回復する。味方ユニットのHPが回復する度、ランダムな敵1体に2ダメージ。,れんけい|ダメージ|回復|ランダム,1,renkei_engine,3,MEDIUM_IMPLEMENTED_NAME_PRESENT,https://gameconductor.com/dqrivals/c/d/1275
card_721fe799,オベルジーヌ,2,ユニット,僧侶,なし,True,味方ユニットのHPが回復する度+1/+1,回復,2,,0,MEDIUM_IMPLEMENTED_NAME_PRESENT,https://gameconductor.com/dqrivals/c/d/1276
card_352061b3,マクロベータ,2,ユニット,僧侶,なし,True,れんけい:縦1列にいる全てのユニットに1ダメージ,れんけい|ダメージ,3,renkei_engine,2,MEDIUM_IMPLEMENTED_NAME_PRESENT,https://gameconductor.com/dqrivals/c/d/1277
card_aba0da7d,シャール,2,ユニット,僧侶,冒険者,True,味方ユニットのHPが回復する度他のランダムな味方ユニット1体を+1/+1,回復|ランダム,2,,1,MEDIUM_IMPLEMENTED_NAME_PRESENT,https://gameconductor.com/dqrivals/c/d/1278
card_74679897,ブラストアロー,3,特技,僧侶,,True,敵の後列中央を中心に十字型に2ダメージ。カードを1枚引く。,カードを1枚引く|ダメージ,1,,0,MEDIUM_IMPLEMENTED_NAME_PRESENT,https://gameconductor.com/dqrivals/c/d/1279
card_39803cd0,テンペラーソード,2,武器,僧侶,,True,味方リーダーが攻撃した後味方リーダーのテンション+1,攻撃した後,1,,0,MEDIUM_IMPLEMENTED_NAME_PRESENT,https://gameconductor.com/dqrivals/c/d/1280
card_0afd4359,マージリンリン,3,ユニット,僧侶,なし,True,れんけい：におうだち1/3のフーセンドラゴンを1体出す,れんけい,2,keyword+renkei_engine,1,MEDIUM_IMPLEMENTED_NAME_PRESENT,https://gameconductor.com/dqrivals/c/d/1281
card_39de0670,ジュエルン,2,ユニット,僧侶,なし,True,召喚時：自分のデッキからコスト3以下の建物カードを1枚引く。そのカードのコストを-1,召喚時|カードを1枚引く|コスト,2,,3,MEDIUM_IMPLEMENTED_NAME_PRESENT,https://gameconductor.com/dqrivals/c/d/1368
card_2348db66,宿屋,2,建物,僧侶,,True,自分のターン終了時耐久値-1し隣接する全ての味方ユニットのHPを1回復。その後子のターン中HPを回復した味方ユニットがいるならカードを1枚引く,自分のターン終了時|カードを1枚引く|回復,1,,1,MEDIUM_IMPLEMENTED_NAME_PRESENT,https://gameconductor.com/dqrivals/c/d/1369
card_9ba4ca11,いしにんぎょう,3,ユニット,僧侶,なし,True,前列召喚時：ユニット1体のHP+2、後列召喚時:ユニット1体の攻撃力をHPと同じ値にする,召喚時,1,,1,MEDIUM_IMPLEMENTED_NAME_PRESENT,https://gameconductor.com/dqrivals/c/d/1370
card_65ef27dd,いどまじん,3,ユニット,僧侶,なし,True,におうだち、相手のターン中このユニットがダメージを受ける度、ターン終了時までステルスを得る。召喚時：対戦中に味方建物が3つ以上出ていたら+2/+2,召喚時|このユニットが|ダメージ,3,keyword,1,MEDIUM_IMPLEMENTED_NAME_PRESENT,https://gameconductor.com/dqrivals/c/d/1371
card_0e16006a,運命の天使ラヴィエル,3,ユニット,僧侶,冒険者,True,前列召喚時：自分のデッキからコスト1以下のユニットを1体出す。後列召喚時：+2/+2相手の手札から相手の場にランダムなユニットを1体出す,召喚時|コスト|ランダム,3,,4,MEDIUM_IMPLEMENTED_NAME_PRESENT,https://gameconductor.com/dqrivals/c/d/1372
card_ee6eb93b,修道院,3,建物,僧侶,,True,召喚時：味方ユニット1体のHP+1、隣接する全ての味方ユニットの攻撃力をHPと同じ値にする。自分のターン終了時耐久値-1,召喚時|自分のターン終了時,3,,2,MEDIUM_IMPLEMENTED_NAME_PRESENT,https://gameconductor.com/dqrivals/c/d/1373
card_af131657,マージマタンゴ,4,ユニット,僧侶,なし,True,召喚時:HPを3回復,召喚時|回復,1,,1,MEDIUM_IMPLEMENTED_NAME_PRESENT,https://gameconductor.com/dqrivals/c/d/1374
card_15820bca,強奪のくびかりぞく,4,ユニット,僧侶,なし,True,召喚時：味方リーダーのテンションが2以上あるならこのユニットにさくせんを出す。このユニットの攻撃で敵ユニットが死亡する度カードを1枚引く,召喚時|カードを1枚引く,1,,1,MEDIUM_IMPLEMENTED_NAME_PRESENT,https://gameconductor.com/dqrivals/c/d/1375
card_94068a9a,アクバー,7,ユニット,僧侶,魔王,True,他の味方ユニットが死亡する度そのユニットを復活させ「死亡する場合代わりに消滅する」を付与する,復活|消滅,4,,2,MEDIUM_IMPLEMENTED_NAME_PRESENT,https://gameconductor.com/dqrivals/c/d/1376
card_f64215af,ガップリン,1,ユニット,僧侶,なし,True,豊作のじんめんじゅの効果で場に出るユニット,場に出る,1,,0,MEDIUM_IMPLEMENTED_NAME_PRESENT,https://gameconductor.com/dqrivals/c/d/1423
card_26b61b11,フーセンドラゴン,2,ユニット,僧侶,ドラゴン,True,におうだち,,4,basic_keyword_generic,0,LOW_NO_EFFECT_OR_BASIC,https://gameconductor.com/dqrivals/c/d/1424
card_0a619d77,悪霊の神々ベリアル,7,ユニット,僧侶,なし,True,召喚時：「次のターン終了時まで受けるダメージ-1」を得る。さらに全ての敵ユニットに2ダメージ。死亡したユニットの数分HP+1,召喚時|ダメージ,1,,2,MEDIUM_IMPLEMENTED_NAME_PRESENT,https://gameconductor.com/dqrivals/c/d/1445
card_faeb0dbb,共鳴のどんぐりベビー,1,ユニット,僧侶,なし,True,召喚時：味方リーダーのテンションの数と同じ攻撃力になる。死亡時:このユニットの攻撃力が3以上ならカードを1枚引く,召喚時|死亡時|カードを1枚引く,3,,2,MEDIUM_IMPLEMENTED_NAME_PRESENT,https://gameconductor.com/dqrivals/c/d/1449
card_55b2b15d,執念のひとくいサーベル,1,ユニット,僧侶,なし,True,死亡時：自分のデッキからコスト4以下の武器カードをランダムに1枚引く,死亡時|コスト|ランダム,1,,4,MEDIUM_IMPLEMENTED_NAME_PRESENT,https://gameconductor.com/dqrivals/c/d/1511
card_12c0c735,ロンダルキアへの洞くつ,1,建物,僧侶,,True,ダンジョン（耐久値7で踏破)、テンションリンク:耐久値+1、踏破時：ランダムなコスト2のユニットを3体出し速攻を与える,テンションリンク|コスト|ランダム,1,keyword,3,MEDIUM_IMPLEMENTED_NAME_PRESENT,https://gameconductor.com/dqrivals/c/d/1512
card_ea7f35ec,石炭つむり,2,ユニット,僧侶,スライム,True,味方建物がある間におうだちと「死亡時：味方リーダーのテンション+1」を得る,死亡時,3,keyword,1,MEDIUM_IMPLEMENTED_NAME_PRESENT,https://gameconductor.com/dqrivals/c/d/1513
card_60e5b640,メダル王女,4,ユニット,僧侶,冒険者,True,召喚時：相手のターン終了時までステルスを得る、テンションリンク：ランダムなコスト2以下のスライム系のユニットを1体出す,召喚時|テンションリンク|相手のターン終了時|コスト|ランダム,2,keyword,4,MEDIUM_IMPLEMENTED_NAME_PRESENT,https://gameconductor.com/dqrivals/c/d/1514
card_1b4f98fc,じめじめバブル,3,ユニット,僧侶,スライム,True,召喚時：敵ユニットが2体以上いるなら敵ユニット1体の攻撃力-1,召喚時,1,,1,MEDIUM_IMPLEMENTED_NAME_PRESENT,https://gameconductor.com/dqrivals/c/d/1515
card_32394054,しっぷうの旋律,3,特技,僧侶,,True,ユニット1体に3ダメージ、この特技で対象が死亡した場合味方リーダーのテンション+2,ダメージ,2,,1,MEDIUM_IMPLEMENTED_NAME_PRESENT,https://gameconductor.com/dqrivals/c/d/1516
card_3fb9f41e,ザオの杖,4,武器,僧侶,,True,味方リーダーが攻撃した後この対戦中に死亡したコスト2以下のランダムな味方ユニット1体を復活させる,攻撃した後|復活|コスト|ランダム,1,,4,MEDIUM_IMPLEMENTED_NAME_PRESENT,https://gameconductor.com/dqrivals/c/d/1517
card_4ab6f01f,ガメゴンレジェンド,7,ユニット,僧侶,ドラゴン,True,におうだち、召喚時：ランダムな敵1体に1ダメージ。これを3回繰り返す。スキルブースト：繰り返す回数+1,召喚時|ダメージ|ランダム,3,keyword,2,MEDIUM_IMPLEMENTED_NAME_PRESENT,https://gameconductor.com/dqrivals/c/d/1518
card_75c0f22c,スライムジェネラル,8,ユニット,僧侶,スライム,True,おうえん、召喚時：味方リーダーのテンションスキルを将軍の秘技に変える,召喚時,2,,1,MEDIUM_IMPLEMENTED_NAME_PRESENT,https://gameconductor.com/dqrivals/c/d/1519
card_9c9ba49d,ザラキーマ,13,特技,僧侶,,True,ランダムな敵ユニット3体を死亡させる。スキルブースト:コスト-1,コスト|ランダム,1,,2,MEDIUM_IMPLEMENTED_NAME_PRESENT,https://gameconductor.com/dqrivals/c/d/1520
card_d1236b7f,フォレスドン,5,ユニット,僧侶,なし,True,召喚時：対戦中に死亡したコスト4以上の味方ユニット3種類の中から1体を選んで復活させ「ターン終了時このユニットは死亡する」を付与する,召喚時|復活|コスト,3,,3,MEDIUM_IMPLEMENTED_NAME_PRESENT,https://gameconductor.com/dqrivals/c/d/1567
card_906a83ec,怨恨のバラモスゾンビ,10,ユニット,僧侶,ゾンビ,True,速攻、死亡時:ランダムな敵ユニット1体を死亡させる。味方リーダーのテンション+2、対戦中に味方が復活した数分手札のこのカードのコスト-1,死亡時|味方が|復活|コスト|ランダム,2,keyword,4,MEDIUM_IMPLEMENTED_NAME_PRESENT,https://gameconductor.com/dqrivals/c/d/1568
card_773b2a31,つちわらし,1,ユニット,商人,なし,True,召喚時：ターン終了時このユニットの前後に自身のコピーを出す,召喚時,4,,1,MEDIUM_IMPLEMENTED_NAME_PRESENT,https://gameconductor.com/dqrivals/c/d/285
card_4a9e16a8,超ちからのたね,1,特技,商人,,True,ユニット1体に攻撃力+2と貫通を付与する,,5,basic_keyword_generic,0,LOW_NO_EFFECT_OR_BASIC,https://gameconductor.com/dqrivals/c/d/286
card_81da80ae,ヘルホーネット,2,ユニット,商人,なし,True,召喚時：味方ユニット1体の攻撃力+1,召喚時,2,,1,MEDIUM_IMPLEMENTED_NAME_PRESENT,https://gameconductor.com/dqrivals/c/d/287
card_71619353,ダンビラムーチョ,4,ユニット,商人,なし,True,テンションリンク：ランダムな味方ユニット1体の攻撃力+1,テンションリンク|ランダム,1,,2,MEDIUM_IMPLEMENTED_NAME_PRESENT,https://gameconductor.com/dqrivals/c/d/288
card_8c5590a2,しあわせの巻物,2,特技,商人,,True,ユニット1体を+1/+1した後道具カード1枚を手札に加える,手札に加える,2,,0,MEDIUM_IMPLEMENTED_NAME_PRESENT,https://gameconductor.com/dqrivals/c/d/289
card_09526dbf,変化の杖,2,特技,商人,,True,ユニット1体をコストが1低いランダムなユニットに変身させる,変身|コスト|ランダム,2,,3,MEDIUM_IMPLEMENTED_NAME_PRESENT,https://gameconductor.com/dqrivals/c/d/290
card_e1cf8f66,商人のそろばん,3,武器,商人,,True,味方リーダーの攻撃で敵ユニットを倒す度道具カード1枚を手札に加える。,手札に加える,1,,0,MEDIUM_IMPLEMENTED_NAME_PRESENT,https://gameconductor.com/dqrivals/c/d/291
card_82fa2f94,おどるほうせき,5,ユニット,商人,なし,True,このユニットに自分が特技を使う度カードを1枚引く,特技を使う|カードを1枚引く,1,,1,MEDIUM_IMPLEMENTED_NAME_PRESENT,https://gameconductor.com/dqrivals/c/d/292
card_ee9e205b,封印の杖,0,特技,商人,,True,ユニット1体を封印する,封印,2,,1,MEDIUM_IMPLEMENTED_NAME_PRESENT,https://gameconductor.com/dqrivals/c/d/293
card_8b4c096a,成長の果実,1,特技,商人,,True,ユニット1体にHP+2とにおうだちを付与する,,0,basic_keyword_generic,0,LOW_NO_EFFECT_OR_BASIC,https://gameconductor.com/dqrivals/c/d/294
card_4e7aecfd,クックルー,2,ユニット,商人,なし,True,死亡時：道具カード1枚を手札に加える,死亡時|手札に加える,2,,1,MEDIUM_IMPLEMENTED_NAME_PRESENT,https://gameconductor.com/dqrivals/c/d/295
card_581e47bf,あおだけ童子,2,ユニット,商人,なし,True,召喚時：このカード以外の自分の手札が6枚以上ある場合攻撃力+2,召喚時,2,,1,MEDIUM_IMPLEMENTED_NAME_PRESENT,https://gameconductor.com/dqrivals/c/d/296
card_9b4fa427,かなしばりの杖,0,特技,商人,,True,縦一列にいるすべての敵ユニットを次のターン攻撃不能にする。,,2,,0,MEDIUM_IMPLEMENTED_NAME_PRESENT,https://gameconductor.com/dqrivals/c/d/297
card_9e1023b9,ごろつき,4,ユニット,商人,なし,True,召喚時：自分のデッキから攻撃力1のユニットを1枚引く,召喚時,1,,2,MEDIUM_IMPLEMENTED_NAME_PRESENT,https://gameconductor.com/dqrivals/c/d/298
card_f0ff5c53,ヘルボックル,4,ユニット,商人,なし,True,召喚時:1/1のきりかぶこぞう1体を指定の味方マスに出す,召喚時,1,,1,MEDIUM_IMPLEMENTED_NAME_PRESENT,https://gameconductor.com/dqrivals/c/d/299
card_97689893,タコメット,7,ユニット,商人,なし,True,貫通、召喚時：このカード以外の自分の手札が6枚以上ある場合タコメットを2体出す。,召喚時,3,keyword,1,MEDIUM_IMPLEMENTED_NAME_PRESENT,https://gameconductor.com/dqrivals/c/d/300
card_5c99d0da,バシルーラの杖,3,特技,商人,,True,敵ユニット1体を相手の手札に戻す,,3,,0,MEDIUM_IMPLEMENTED_NAME_PRESENT,https://gameconductor.com/dqrivals/c/d/301
card_9d7bfdeb,バイキルトの巻物,3,特技,商人,,True,このターン中縦一列にいる全ての味方ユニットの攻撃力+2,,2,,2,MEDIUM_IMPLEMENTED_NAME_PRESENT,https://gameconductor.com/dqrivals/c/d/302
card_03e2ad7e,いかずちの杖,4,特技,商人,,True,横一列にいる全ての敵ユニットに4ダメージを与える,ダメージ,1,,1,MEDIUM_IMPLEMENTED_NAME_PRESENT,https://gameconductor.com/dqrivals/c/d/303
card_8a416ddd,オーシャンクロー,5,ユニット,商人,なし,True,このユニットに自分が特技を使う度+1/+1,特技を使う,1,,1,MEDIUM_IMPLEMENTED_NAME_PRESENT,https://gameconductor.com/dqrivals/c/d/304
card_1bf08aef,魔法のツボ,5,特技,商人,,True,カードを3枚引く,,1,,0,MEDIUM_IMPLEMENTED_NAME_PRESENT,https://gameconductor.com/dqrivals/c/d/305
card_94068f21,バロンジャッカル,6,ユニット,商人,なし,True,このカード以外の自分の手札が6枚以上ある場合コスト-2,コスト,1,,1,MEDIUM_IMPLEMENTED_NAME_PRESENT,https://gameconductor.com/dqrivals/c/d/306
card_5d901bd6,ザバン,3,ユニット,商人,なし,True,召喚時：道具カードを手札に1枚加える,召喚時,3,,1,MEDIUM_IMPLEMENTED_NAME_PRESENT,https://gameconductor.com/dqrivals/c/d/307
card_50e86ffa,マジカルハット,3,ユニット,商人,なし,True,他の味方ユニットに自分が特技を使う度その特技と同じ効果がこのユニットに対しても発動する。,特技を使う,12,,1,MEDIUM_IMPLEMENTED_NAME_PRESENT,https://gameconductor.com/dqrivals/c/d/308
card_fe374675,マネマネ,5,ユニット,商人,なし,True,召喚時：他のユニット1体に変身する,召喚時|変身,5,,2,MEDIUM_IMPLEMENTED_NAME_PRESENT,https://gameconductor.com/dqrivals/c/d/309
card_1863b52b,覚醒の果実,5,特技,商人,,True,このユニット1体を+3/+3、このカード以外の自分の手札が6枚以上ある場合コスト-2,コスト,2,,1,MEDIUM_IMPLEMENTED_NAME_PRESENT,https://gameconductor.com/dqrivals/c/d/310
card_d57b3c43,あらくれ呼び,6,特技,商人,,True,必殺技、速攻3/1のあらくれを3体出す,,1,keyword,0,MEDIUM_IMPLEMENTED_NAME_PRESENT,https://gameconductor.com/dqrivals/c/d/311
card_1e7ef496,せいぎのそろばん,6,武器,商人,,True,召喚時：このカード以外の自分の手札が6枚以上ある場合攻撃力+2,召喚時,1,,1,MEDIUM_IMPLEMENTED_NAME_PRESENT,https://gameconductor.com/dqrivals/c/d/312
card_6dbafc11,リッカ,3,ユニット,商人,冒険者,True,味方ユニットが場に出る度カードを1枚引く,場に出る|カードを1枚引く,3,,0,MEDIUM_IMPLEMENTED_NAME_PRESENT,https://gameconductor.com/dqrivals/c/d/313
card_d56c30af,キラーマジンガ,8,ユニット,商人,なし,True,2回攻撃、召喚時：このカード以外の自分の手札が6枚以上ある場合ランダムな的に2ダメージを計4回与える。,召喚時|ダメージ|ランダム,3,,2,MEDIUM_IMPLEMENTED_NAME_PRESENT,https://gameconductor.com/dqrivals/c/d/314
card_11ec895a,シーメーダ,3,ユニット,商人,なし,True,おうえん、このユニットに自分が特技を使う度味方リーダーのHPを1回復,特技を使う|回復,4,,1,MEDIUM_IMPLEMENTED_NAME_PRESENT,https://gameconductor.com/dqrivals/c/d/404
card_bc148e39,たたかいのドラム,7,特技,商人,,True,すべての味方ユニットの攻撃力+1、スキルブースト:攻撃力+1,,1,,0,MEDIUM_IMPLEMENTED_NAME_PRESENT,https://gameconductor.com/dqrivals/c/d/405
card_67e83d6f,宝の小箱,3,特技,商人,,True,おうえん、ランダムな商人の特技カードを手札に2枚加える,ランダム,2,,2,MEDIUM_IMPLEMENTED_NAME_PRESENT,https://gameconductor.com/dqrivals/c/d/406
card_c690525a,トロデ,4,ユニット,商人,冒険者,True,このユニットに自分が特技を使う度その特技と同じ効果が他の全ての味方ユニットに対しても発動する。,特技を使う,5,,2,MEDIUM_IMPLEMENTED_NAME_PRESENT,https://gameconductor.com/dqrivals/c/d/407
card_45283c5a,マッスルウータン,6,ユニット,商人,なし,True,テンションリンク:前後にいる味方ユニットの攻撃力+2,テンションリンク,1,,1,MEDIUM_IMPLEMENTED_NAME_PRESENT,https://gameconductor.com/dqrivals/c/d/415
card_03f0774f,はがねのそろばん,4,武器,商人,,True,スキルブースト:攻撃力+1,,2,,0,MEDIUM_IMPLEMENTED_NAME_PRESENT,https://gameconductor.com/dqrivals/c/d/422
card_911a6db3,アロードッグ,2,ユニット,商人,なし,True,召喚時：このカード以外の自分の手札が6枚以上ある場合敵1体に2ダメージ,召喚時|ダメージ,2,,1,MEDIUM_IMPLEMENTED_NAME_PRESENT,https://gameconductor.com/dqrivals/c/d/443
card_bb6e10d8,しあわせの杖,2,特技,商人,,True,味方ユニット1体をコストが2高いランダムなユニットに変身させる。,変身|コスト|ランダム,3,,3,MEDIUM_IMPLEMENTED_NAME_PRESENT,https://gameconductor.com/dqrivals/c/d/444
card_06c05da2,もみじこぞう,5,ユニット,商人,なし,True,召喚時：2/2のもみじこぞうを1体出す。スキルブースト:+1体,召喚時,2,,1,MEDIUM_IMPLEMENTED_NAME_PRESENT,https://gameconductor.com/dqrivals/c/d/445
card_465ce864,変化の巻物,3,特技,商人,,True,横一列にいる敵味方全てのユニットをコストが1低いランダムなユニットに変身させる。,変身|コスト|ランダム,2,,4,MEDIUM_IMPLEMENTED_NAME_PRESENT,https://gameconductor.com/dqrivals/c/d/468
card_98bf3b6b,くものきょじん,2,ユニット,商人,なし,True,死亡時:死亡したマスの地形を宝箱に変える。 この効果で地形の上書きはできない。,死亡時,5,,1,MEDIUM_IMPLEMENTED_NAME_PRESENT,https://gameconductor.com/dqrivals/c/d/481
card_6e62f271,キーファ,2,ユニット,商人,冒険者,True,死亡時:自分がこのユニットに使った特技カード全てを自分の手札に加える。,死亡時|手札に加える,11,,3,MEDIUM_IMPLEMENTED_NAME_PRESENT,https://gameconductor.com/dqrivals/c/d/493
card_5e63b922,たからのにおい,2,特技,商人,,True,敵か味方の横1列のマスの地形を全て宝箱に変える,,2,,1,MEDIUM_IMPLEMENTED_NAME_PRESENT,https://gameconductor.com/dqrivals/c/d/524
card_8b93b221,ベンガルクーン,3,ユニット,商人,なし,True,召喚時:宝箱に召喚された場合、宝箱から4/4のミミックがあらわれる。,召喚時,2,,1,MEDIUM_IMPLEMENTED_NAME_PRESENT,https://gameconductor.com/dqrivals/c/d/525
card_6e9c6bb6,ゴールドマン,4,ユニット,商人,なし,True,召喚時:上下のマスの地形を宝箱に変える。 この効果で地形の上書きはできない。,召喚時,1,,1,MEDIUM_IMPLEMENTED_NAME_PRESENT,https://gameconductor.com/dqrivals/c/d/526
card_a739d46c,分裂の杖,5,特技,商人,,True,味方ユニット1体をコピーして場に出す。 攻撃力とHPPは4/4になる。,場に出す,2,,1,MEDIUM_IMPLEMENTED_NAME_PRESENT,https://gameconductor.com/dqrivals/c/d/527
card_416d11bf,てんばつの杖,2,特技,商人,,True,ユニット1体に味方ユニットの数と同じダメージを与える,ダメージ,2,,0,MEDIUM_IMPLEMENTED_NAME_PRESENT,https://gameconductor.com/dqrivals/c/d/564
card_35b807bd,まほうのそろばん,2,武器,商人,,True,味方ユニットが敵リーダーを攻撃した後そのユニットをコストが1高いランダムなユニットに変身させる。 武器の耐久力を-1する。,攻撃した後|変身|コスト|ランダム,1,,3,MEDIUM_IMPLEMENTED_NAME_PRESENT,https://gameconductor.com/dqrivals/c/d/565
card_d000adb5,エンタシスマン,5,ユニット,商人,なし,True,におうだち、このカード以外の自分の手札が6枚以上ある場合コスト-2,コスト,1,keyword,1,MEDIUM_IMPLEMENTED_NAME_PRESENT,https://gameconductor.com/dqrivals/c/d/566
card_f39676c9,かぶとこぞう,6,ユニット,商人,なし,True,召喚時:地形マスに召喚された場合、におうだち2/2のはさみくわがたを2体出す,召喚時,1,keyword,1,MEDIUM_IMPLEMENTED_NAME_PRESENT,https://gameconductor.com/dqrivals/c/d/567
card_e230dd2d,覚醒の巻物,4,特技,商人,,True,ユニット1体に貫通、におうだち、+1/+1を付与する。 スキルブースト:+1/+1,,1,keyword,0,MEDIUM_IMPLEMENTED_NAME_PRESENT,https://gameconductor.com/dqrivals/c/d/587
card_e9215650,メタルブラザーズ,4,ユニット,商人,スライム,True,メタルボディ、死亡時：メタルスライムを手札に2枚加える。,死亡時,1,,1,MEDIUM_IMPLEMENTED_NAME_PRESENT,https://gameconductor.com/dqrivals/c/d/621
card_4b221727,からくりエッグ,3,ユニット,商人,なし,True,パワフルバッジ：メタルボディもしくはハードメタルボディを持つ味方ユニットと武器の攻撃力+1,パワフルバッジ,0,badge_engine,1,MEDIUM_GENERIC_ENGINE_ONLY,https://gameconductor.com/dqrivals/c/d/622
card_f39cd500,メタルのそろばん,1,武器,商人,,True,メタルボディ、相手のターン中この武器のメタルボディは効果を失う,,2,,0,MEDIUM_IMPLEMENTED_NAME_PRESENT,https://gameconductor.com/dqrivals/c/d/623
card_96e3bdd2,てっこうまじん,4,ユニット,商人,なし,True,味方が持つメタルボディはハードメタルボディに強化される,味方が,1,,0,MEDIUM_IMPLEMENTED_NAME_PRESENT,https://gameconductor.com/dqrivals/c/d/632
card_42a688f2,メタルの巻物,1,特技,商人,,True,メタルボディもしくはハードメタルボディを持つランダムなカードを手札に1枚加える。,ランダム,1,,1,MEDIUM_IMPLEMENTED_NAME_PRESENT,https://gameconductor.com/dqrivals/c/d/663
card_89304f74,痛みわけの杖,4,特技,商人,,True,お互いの全てのユニットに3ダメージ,ダメージ,3,,1,MEDIUM_IMPLEMENTED_NAME_PRESENT,https://gameconductor.com/dqrivals/c/d/664
card_f9052df2,スペクタクルショー,6,特技,商人,,True,縦1列にいる全てのユニットをメタルボディもしくはハードメタルボディを持つランダムなユニットに変身させる。,変身|ランダム,2,,3,MEDIUM_IMPLEMENTED_NAME_PRESENT,https://gameconductor.com/dqrivals/c/d/665
card_c612bd27,デュランダル,4,ユニット,商人,なし,True,パワフルバッジ：自分の手札にあるメタルボディもしくはハードメタルボディを持つユニットカードと武器のカード残すと-1,パワフルバッジ,2,badge_engine,1,MEDIUM_IMPLEMENTED_NAME_PRESENT,https://gameconductor.com/dqrivals/c/d/666
card_c4e07996,ダイヤモンドスライム,7,ユニット,商人,スライム,True,ハードメタルボディ。召喚時：自分のデッキからメタルボディを持つユニットカードか武器カードを各コストから1枚ずつ手札に加える。,召喚時|手札に加える|コスト,1,,3,MEDIUM_IMPLEMENTED_NAME_PRESENT,https://gameconductor.com/dqrivals/c/d/667
card_2cb4a0a1,はさみくわがた,1,ユニット,商人,なし,False,におうだち,,2,basic_keyword_generic,0,LOW_NO_EFFECT_OR_BASIC,https://gameconductor.com/dqrivals/c/d/697
card_3dbf85fa,きりかぶこぞう,3,ユニット,商人,なし,False,,,1,no_text,0,LOW_NO_EFFECT_OR_BASIC,https://gameconductor.com/dqrivals/c/d/715
card_cd19e6cb,あらくれ,3,ユニット,商人,なし,False,速攻,,4,basic_keyword_generic,0,LOW_NO_EFFECT_OR_BASIC,https://gameconductor.com/dqrivals/c/d/716
card_ce558ab3,道具：ちからのたね,0,特技,商人,なし,False,ユニット1体の攻撃力+1,,2,,0,MEDIUM_IMPLEMENTED_NAME_PRESENT,https://gameconductor.com/dqrivals/c/d/731
card_4551fa99,道具：いのちのきのみ,0,特技,商人,,False,ユニット1体のHP+1,,2,,0,MEDIUM_IMPLEMENTED_NAME_PRESENT,https://gameconductor.com/dqrivals/c/d/732
card_ece92ef0,道具：しあわせのたね,1,特技,商人,なし,False,ユニット1体を+1/+1,,2,,0,MEDIUM_IMPLEMENTED_NAME_PRESENT,https://gameconductor.com/dqrivals/c/d/733
card_d6a7e4f6,かれくさネズミ,2,ユニット,商人,なし,True,味方ヒーローのヒーロースキルが発動する度メタルスライムを1体出す,,3,,0,MEDIUM_IMPLEMENTED_NAME_PRESENT,https://gameconductor.com/dqrivals/c/d/742
card_c245e2de,レッドプレデター,8,ユニット,商人,なし,True,におうだち、この対戦中に自分が使った特技カードの枚数と同じだけ攻撃力を上げる。 召喚時：敵ユニット1体に自身の攻撃力と同じダメージを与える,召喚時|ダメージ,3,keyword,3,MEDIUM_IMPLEMENTED_NAME_PRESENT,https://gameconductor.com/dqrivals/c/d/750
card_31f97e5b,祈りの巻物,2,特技,商人,,True,縦一列にいる全ての味方ユニットを+1/+1,,2,,1,MEDIUM_IMPLEMENTED_NAME_PRESENT,https://gameconductor.com/dqrivals/c/d/767
card_26431972,超しあわせの杖,2,特技,商人,,True,必殺技、全ての味方ユニットをコストが2高いランダムなユニットに変身させる,変身|コスト|ランダム,1,,4,MEDIUM_IMPLEMENTED_NAME_PRESENT,https://gameconductor.com/dqrivals/c/d/780
card_6c6d847b,大砲の壺,2,特技,商人,,True,敵ユニット1体に2ダメージを与える。道具カード1枚を手札に加える。,手札に加える|ダメージ,2,,0,MEDIUM_IMPLEMENTED_NAME_PRESENT,https://gameconductor.com/dqrivals/c/d/803
card_a7588e12,大風の巻物,4,特技,商人,,True,敵ユニット1体を相手の手札に戻る。カードを1枚引く。,カードを1枚引く,3,,0,MEDIUM_IMPLEMENTED_NAME_PRESENT,https://gameconductor.com/dqrivals/c/d/804
card_1822d75c,てっきゅうまじん,6,ユニット,商人,なし,True,自分の場と手札にいる冒険者の数だけコストが下がる,コスト,2,,1,MEDIUM_IMPLEMENTED_NAME_PRESENT,https://gameconductor.com/dqrivals/c/d/805
card_6d7a2f86,ルイーダ,2,ユニット,商人,冒険者,True,自分のターン終了時ランダムな冒険者1枚を手札に加える,自分のターン終了時|手札に加える|ランダム,11,,1,MEDIUM_IMPLEMENTED_NAME_PRESENT,https://gameconductor.com/dqrivals/c/d/822
card_62a3fe56,トンブレロ,4,ユニット,商人,なし,True,召喚時：味方ヒーローがいる場合味方ユニット1体を+2/+2,召喚時,2,,1,MEDIUM_IMPLEMENTED_NAME_PRESENT,https://gameconductor.com/dqrivals/c/d/846
card_42fc1c83,豪商のそろばん,5,武器,商人,,True,自分の場と手札にいる冒険者の数だけコストが下がる,コスト,1,,1,MEDIUM_IMPLEMENTED_NAME_PRESENT,https://gameconductor.com/dqrivals/c/d/847
card_3c798f4d,いやしのうでわ,1,特技,商人,,True,味方ユニット1体に「攻撃時：味方リーダーのHPを4回復」を付与する,攻撃時|回復,2,,1,MEDIUM_IMPLEMENTED_NAME_PRESENT,https://gameconductor.com/dqrivals/c/d/879
card_911f1f11,おたからさがしのすず,2,特技,商人,,True,道具カードを3枚手札に加える,手札に加える,1,,0,MEDIUM_IMPLEMENTED_NAME_PRESENT,https://gameconductor.com/dqrivals/c/d/880
card_0ca59650,デスパロット,3,ユニット,商人,なし,True,味方ヒーローのヒーロースキルが発動した後道具カード2枚を手札に加える,手札に加える,6,,0,MEDIUM_IMPLEMENTED_NAME_PRESENT,https://gameconductor.com/dqrivals/c/d/881
card_b8415842,おどる宝石のそろばん,2,武器,商人,,True,この武器が壊れた時道具カード1枚を手札に加える,手札に加える,3,,0,MEDIUM_IMPLEMENTED_NAME_PRESENT,https://gameconductor.com/dqrivals/c/d/899
card_46595921,ケダモン,2,ユニット,商人,なし,True,速攻、召喚時:このターン中味方リーダーが攻撃力+1を得る,召喚時,2,keyword,2,MEDIUM_IMPLEMENTED_NAME_PRESENT,https://gameconductor.com/dqrivals/c/d/929
card_c8f82f53,レジェンドホーン,7,ユニット,商人,なし,True,シンクロ：①召喚時：味方リーダーのHPを6回復、②このユニットの召喚コスト-2、③におうだち,召喚時|回復|コスト,1,keyword,2,MEDIUM_IMPLEMENTED_NAME_PRESENT,https://gameconductor.com/dqrivals/c/d/930
card_2cdcf87d,道具：大きなパン,0,特技,商人,,False,このターン中に「大きなパン」を使用していないならこのターン中MPが1増える,,12,,1,MEDIUM_IMPLEMENTED_NAME_PRESENT,https://gameconductor.com/dqrivals/c/d/959
card_020b67d1,道具：弟切草,1,特技,商人,なし,False,HPを3回復,回復,3,,0,MEDIUM_IMPLEMENTED_NAME_PRESENT,https://gameconductor.com/dqrivals/c/d/960
card_e6268038,道具：火炎草,2,特技,商人,なし,False,ユニット1体に3ダメージ,ダメージ,3,,0,MEDIUM_IMPLEMENTED_NAME_PRESENT,https://gameconductor.com/dqrivals/c/d/961
card_8e278c93,超しあわせのたね,3,特技,商人,,True,ユニット1体を+1/+1する。味方ヒーローがいる場合代わりにそのレベルの数分+1/+1する,,2,,0,MEDIUM_IMPLEMENTED_NAME_PRESENT,https://gameconductor.com/dqrivals/c/d/962
card_b67f808e,ソードファントム,2,ユニット,商人,ゾンビ,True,シンクロ:①ステルス、②死亡時:全てのユニットに1ダメージ、③攻撃力+2,死亡時|ダメージ,1,keyword,2,MEDIUM_IMPLEMENTED_NAME_PRESENT,https://gameconductor.com/dqrivals/c/d/963
card_b460061c,ブラバニクイーン,4,ユニット,商人,なし,True,シンクロ：①貫通、②速攻、③攻撃力+1,,1,keyword,0,MEDIUM_IMPLEMENTED_NAME_PRESENT,https://gameconductor.com/dqrivals/c/d/964
card_f33b0a12,少年ヤンガス,1,ユニット,商人,冒険者,True,召喚時：この対戦の間味方の効果で手に入る道具カードは「弟切草」「火炎草」「大きなパン」になる,召喚時,2,,1,MEDIUM_IMPLEMENTED_NAME_PRESENT,https://gameconductor.com/dqrivals/c/d/965
card_4f51ef82,さつじんえい,1,ユニット,商人,なし,True,死亡時：道具カード1枚を手札に加える,死亡時|手札に加える,1,,1,MEDIUM_IMPLEMENTED_NAME_PRESENT,https://gameconductor.com/dqrivals/c/d/998
card_7ffb0ed2,分裂のツボ,3,特技,商人,,True,必殺技：このターン中直前に使用したカードと同じカード1枚を手札に加える。そのカードのコスト-7,手札に加える|コスト,5,,2,MEDIUM_IMPLEMENTED_NAME_PRESENT,https://gameconductor.com/dqrivals/c/d/999
card_9d2a7e1f,獣魔将ガルレイ,5,ユニット,商人,なし,True,召喚時：正面にいるランダムな敵ユニット1体に2ダメージ。自分の場に冒険者がいるなら代わりに4ダメージ,召喚時|ダメージ|ランダム,1,,2,MEDIUM_IMPLEMENTED_NAME_PRESENT,https://gameconductor.com/dqrivals/c/d/1000
card_0de2e801,スタミナのたね,2,特技,商人,,True,味方ユニット1体を+2/+2した後HPを2回復する,回復,2,,0,MEDIUM_IMPLEMENTED_NAME_PRESENT,https://gameconductor.com/dqrivals/c/d/1009
card_f469314b,ネネ,3,ユニット,商人,冒険者,True,召喚時：この対戦中「お宝発見」で手に入る道具カードの数+2枚,召喚時,2,,2,MEDIUM_IMPLEMENTED_NAME_PRESENT,https://gameconductor.com/dqrivals/c/d/1025
card_664131db,へんげのステッキ,3,特技,商人,,True,敵ユニット1体をコストが1低いランダムなユニットに変身させる。自分の場に冒険者がいるなら代わりにコストが3低いランダムなユニットに変身させる。,変身|コスト|ランダム,2,,3,MEDIUM_IMPLEMENTED_NAME_PRESENT,https://gameconductor.com/dqrivals/c/d/1052
card_93b7f095,ちからのそろばん,7,武器,商人,,True,味方リーダーがこの武器で攻撃した後速攻3/1のあらくれを1体出す,攻撃した後,0,basic_keyword_generic,0,LOW_NO_EFFECT_OR_BASIC,https://gameconductor.com/dqrivals/c/d/1053
card_b9560247,ロクサーヌ,4,ユニット,商人,冒険者,True,召喚時：好きなカードパックを選んで手札に加える,召喚時|手札に加える,3,,1,MEDIUM_IMPLEMENTED_NAME_PRESENT,https://gameconductor.com/dqrivals/c/d/1054
card_02b71123,おばけねずみ,3,ユニット,商人,なし,True,自分のターン終了時1/1のやまねずみを1体出す,自分のターン終了時,1,,0,MEDIUM_IMPLEMENTED_NAME_PRESENT,https://gameconductor.com/dqrivals/c/d/1088
card_9aebfa46,とうぞくのツボ,4,特技,商人,,True,カードを2枚引く。自分の場に冒険者がいるならコスト-2,コスト,1,,1,MEDIUM_IMPLEMENTED_NAME_PRESENT,https://gameconductor.com/dqrivals/c/d/1089
card_f09aa71a,ジェリーマン,6,ユニット,商人,なし,True,召喚時：自分の手札にあるランダムなユニットカード1枚と同じユニットを2/2にして場に出す。それが冒険者カードなら代わりにコピーを場に出す。,召喚時|場に出す|ランダム,1,,3,MEDIUM_IMPLEMENTED_NAME_PRESENT,https://gameconductor.com/dqrivals/c/d/1090
card_0a9eb550,マグマロン,4,ユニット,商人,なし,True,召喚時：GET(1)、BET:攻撃力+1と「次の相手のターン終了時まで効果の対象にならない」を得る,召喚時|BET|GET|相手のターン終了時,1,bet_engine+get_engine,4,MEDIUM_IMPLEMENTED_NAME_PRESENT,https://gameconductor.com/dqrivals/c/d/1127
card_0728d656,福招きのそろばん,4,武器,商人,,True,召喚時とこの武器が壊れた時にGET(1)。BET：耐久力-1してカードを1枚引く。,召喚時|BET|GET|カードを1枚引く,8,bet_engine+get_engine,3,MEDIUM_IMPLEMENTED_NAME_PRESENT,https://gameconductor.com/dqrivals/c/d/1128
card_cbec0cee,ゴールドなげ,6,特技,商人,,True,すべての敵ユニットに1ダメージ。自分の手札にあるコインの枚数分+1ダメージ。その後コインを2枚捨てる。,ダメージ,1,,0,MEDIUM_IMPLEMENTED_NAME_PRESENT,https://gameconductor.com/dqrivals/c/d/1129
card_0a952d0b,ルドマン,3,ユニット,商人,冒険者,True,召喚時：GET(1)。BET：道具カードを1枚手札に加える。味方のBETが4回発動する度に、手札/山札からコスト3以下のユニット1体を場に出す。,召喚時|BET|GET|手札に加える|場に出す|コスト,13,bet_engine+get_engine,6,MEDIUM_COMPLEX_IMPLEMENTED_RECHECK,https://gameconductor.com/dqrivals/c/d/1137
card_821071fd,商人の交換所,0,特技,商人,,True,手札のコインを消費して以下の景品と交換する。1枚:超ちからのたね、2枚:コスト2のバシルーラの杖、3枚:ブレッドハンド その後カードを1枚引く,カードを1枚引く|コスト,1,,1,MEDIUM_IMPLEMENTED_NAME_PRESENT,https://gameconductor.com/dqrivals/c/d/1155
card_e529f564,コインのたね,1,特技,商人,,True,ユニット1体の攻撃力+1、その後GET(1),GET,5,get_engine,1,MEDIUM_IMPLEMENTED_NAME_PRESENT,https://gameconductor.com/dqrivals/c/d/1156
card_9ae14791,ブレッドハンド,1,武器,商人,,True,この武器の攻撃で敵ユニットが死亡した場合大きなパン1枚を手札に加える,手札に加える,3,,0,MEDIUM_IMPLEMENTED_NAME_PRESENT,https://gameconductor.com/dqrivals/c/d/1157
card_36fe0d52,まだらイチョウ,6,ユニット,商人,なし,True,BET：1/2のブラックタヌーを1体場に出す。このBETが3回発動する度に、このユニットを除く全ての味方ユニットを+1/+1する。カウントはターンを跨いで継続する。,BET|場に出す,2,bet_engine,3,MEDIUM_IMPLEMENTED_NAME_PRESENT,https://gameconductor.com/dqrivals/c/d/1158
token_black_tanuki,ブラックタヌー,1,ユニット,共通,なし,False,,,1,no_text,0,LOW_NO_EFFECT_OR_BASIC,https://gameconductor.com/dqrivals/c/d/1159
card_7f950171,プラチナキング,7,ユニット,商人,スライム,True,メタルボディ、召喚時:1/2のメタルスライムを2体出す。味方が持つメタルボディはハードメタルボディに強化される。,召喚時|味方が,1,,1,MEDIUM_IMPLEMENTED_NAME_PRESENT,https://gameconductor.com/dqrivals/c/d/1181
card_5156900b,かなしばりの巻物,1,特技,商人,,True,敵ユニット1体を封印し次のターン終了時まで攻撃不能にする,封印,2,,1,MEDIUM_IMPLEMENTED_NAME_PRESENT,https://gameconductor.com/dqrivals/c/d/1199
card_ea5d50ab,ぷちメタル,2,ユニット,商人,スライム,True,メタルボディ、BET:1ターンに1回のみ攻撃力+1と速攻を得る、自分のターン終了時GET(1)、この効果は一度しか発動しない,BET|GET|自分のターン終了時,8,bet_engine+get_engine+keyword,2,MEDIUM_IMPLEMENTED_NAME_PRESENT,https://gameconductor.com/dqrivals/c/d/1200
card_30ebb9e9,ドラゴメタル,3,ユニット,商人,スライム,True,メタルボディ,,1,,0,MEDIUM_IMPLEMENTED_NAME_PRESENT,https://gameconductor.com/dqrivals/c/d/1201
card_0858651f,おばけパラソル,2,ユニット,商人,なし,True,れんけい：敵1体に2ダメージ,れんけい|ダメージ,2,renkei_engine,1,MEDIUM_IMPLEMENTED_NAME_PRESENT,https://gameconductor.com/dqrivals/c/d/1282
card_e16f1bd0,タイプG,2,ユニット,商人,なし,True,スキルブースト:+1/+1、自身の攻撃力にあわせて場にいる間、以下の効果を得る。 攻撃力3以上:貫通、攻撃力5以上:ねらい撃ち、攻撃力10以上:2回攻撃,場にいる間,2,keyword,0,MEDIUM_IMPLEMENTED_NAME_PRESENT,https://gameconductor.com/dqrivals/c/d/1283
card_93022096,シーライオン,3,ユニット,商人,なし,True,におうだち、自分のターン終了時このユニットのHPを2回復,自分のターン終了時|回復,1,basic_keyword_generic,0,LOW_NO_EFFECT_OR_BASIC,https://gameconductor.com/dqrivals/c/d/1284
card_5a752ec8,亡国の先王ロウ,3,ユニット,商人,冒険者,True,れんけい：使用コスト1以上の特技カード2枚を手札に加える。自分がコスト1以上の特技を使用した後、同じコストのランダムなユニットを1体場に出す。,れんけい|手札に加える|場に出す|コスト|ランダム,10,renkei_engine,5,MEDIUM_COMPLEX_IMPLEMENTED_RECHECK,https://gameconductor.com/dqrivals/c/d/1285
card_4da5d548,しあわせのそろばん,3,武器,商人,,True,味方ユニットが場に出た後そのユニットを+1/+1、武器の耐久力-1する,,2,,0,MEDIUM_IMPLEMENTED_NAME_PRESENT,https://gameconductor.com/dqrivals/c/d/1286
card_e7f8c5b2,ベロベロ,4,ユニット,商人,なし,True,れんけい：+1/+1。召喚時と自分のターン終了時に、このユニットの前後にコピーを出す。,召喚時|れんけい|自分のターン終了時,2,renkei_engine,2,MEDIUM_IMPLEMENTED_NAME_PRESENT,https://gameconductor.com/dqrivals/c/d/1287
card_9318b43f,デンダ,5,ユニット,商人,なし,True,召喚時:前列に召喚した場合1/1のデンダの子分を3体出す。後列に召喚した場合全ての味方ユニットを+1/+1,召喚時,2,,2,MEDIUM_IMPLEMENTED_NAME_PRESENT,https://gameconductor.com/dqrivals/c/d/1288
card_b6ca0892,ハンフリー,5,ユニット,商人,なし,True,召喚時:ユニット1体の攻撃力とHPを吸い取り自身の攻撃力とHPを同じ値にする。そのユニットを2/2にする,召喚時,4,,1,MEDIUM_IMPLEMENTED_NAME_PRESENT,https://gameconductor.com/dqrivals/c/d/1289
card_00b5533a,きせきのきのみ,7,特技,商人,,True,ユニット1体の攻撃力とHPを2倍にする,,2,,0,MEDIUM_IMPLEMENTED_NAME_PRESENT,https://gameconductor.com/dqrivals/c/d/1290
card_fff5c7df,炎のメイジドラキー,1,ユニット,商人,なし,True,死亡時：正面にいるランダムな敵ユニット1体にこのユニットの攻撃力と同じ数分のダメージ,死亡時|ダメージ|ランダム,1,,2,MEDIUM_IMPLEMENTED_NAME_PRESENT,https://gameconductor.com/dqrivals/c/d/1377
card_90378248,さくせんがえ,2,特技,商人,,True,縦一列にいる全ての味方ユニットにさくせんを出す,,2,,1,MEDIUM_IMPLEMENTED_NAME_PRESENT,https://gameconductor.com/dqrivals/c/d/1378
card_5d3ee766,道具屋,2,建物,商人,,True,召喚時：道具カード１枚を手札に加える。自分のターン終了時、耐久値-1し道具カード1枚を手札に加える,召喚時|自分のターン終了時|手札に加える,1,,1,MEDIUM_IMPLEMENTED_NAME_PRESENT,https://gameconductor.com/dqrivals/c/d/1379
card_8af73add,美容院,2,建物,商人,,True,自分のターン終了時耐久値-1し前後にいるHP1以上の味方ユニットをコストが1高いランダムなユニットに変身させる,自分のターン終了時|変身|コスト|ランダム,1,,3,MEDIUM_IMPLEMENTED_NAME_PRESENT,https://gameconductor.com/dqrivals/c/d/1380
card_bf35ede9,マペットマン,3,ユニット,商人,なし,True,召喚時：味方ユニット1体にさくせんを出す,召喚時,1,,1,MEDIUM_IMPLEMENTED_NAME_PRESENT,https://gameconductor.com/dqrivals/c/d/1381
card_d945e36b,おおねずみ,3,ユニット,商人,なし,True,死亡時：1/1のやまねずみを2体出す。対戦中に味方建物が3つ以上出ていたら代わりに2/2のやまねずみを2体出す,死亡時,1,,1,MEDIUM_IMPLEMENTED_NAME_PRESENT,https://gameconductor.com/dqrivals/c/d/1382
card_219aca1f,怪獣プスゴン,3,ユニット,商人,ドラゴン,True,召喚時：指定の敵の空きマスにイチゴ爆弾を1つ出す。死亡時：正面のランダムな敵の空きマスにイチゴ爆弾を1つ出す,召喚時|死亡時|ランダム,12,,3,MEDIUM_IMPLEMENTED_NAME_PRESENT,https://gameconductor.com/dqrivals/c/d/1383
card_4ece55e1,ヨージス,4,ユニット,商人,なし,True,味方建物の数分手札にあるこのカードのコスト-1,コスト,1,,1,MEDIUM_IMPLEMENTED_NAME_PRESENT,https://gameconductor.com/dqrivals/c/d/1384
card_938d85b9,宿王リッカ,4,ユニット,商人,冒険者,True,召喚時：次の相手のターン終了時までステルスを得る。 味方ユニットが場に出た後そのユニットを+1/+1,召喚時|相手のターン終了時,1,keyword,2,MEDIUM_IMPLEMENTED_NAME_PRESENT,https://gameconductor.com/dqrivals/c/d/1385
card_9f7964cb,デンダの子分,1,ユニット,商人,なし,True,,,1,no_text,0,LOW_NO_EFFECT_OR_BASIC,https://gameconductor.com/dqrivals/c/d/1433
card_653054d1,魔神機キラーマジンガ,8,ユニット,商人,なし,True,2回攻撃、自分のターン終了時ランダムな敵に2ダメージを2回与える。召喚時：このカード以外に自分の手札が6枚以上ある場合魔神機キラーマジンガを1体出す,召喚時|自分のターン終了時|ダメージ|ランダム,2,,2,MEDIUM_IMPLEMENTED_NAME_PRESENT,https://gameconductor.com/dqrivals/c/d/1442
card_0f004dd9,変貌のくものきょじん,2,ユニット,商人,なし,True,召喚時：味方ユニット1体をランダムなコストが1高いランダムなユニットに変身させる,召喚時|変身|コスト|ランダム,4,,4,MEDIUM_IMPLEMENTED_NAME_PRESENT,https://gameconductor.com/dqrivals/c/d/1450
card_2f73a37d,不思議のダンジョン,1,建物,商人,,True,ダンジョン(耐久値9で踏破)、味方ユニットが場に出る度耐久値+1、踏破時：しあわせの箱1枚を手札に加える,場に出る|手札に加える,2,,0,MEDIUM_IMPLEMENTED_NAME_PRESENT,https://gameconductor.com/dqrivals/c/d/1521
card_35914b0d,しましまキャット,2,ユニット,商人,なし,True,召喚時&死亡時：しあわせのたね1枚を手札に加える,召喚時|死亡時|手札に加える,4,,2,MEDIUM_IMPLEMENTED_NAME_PRESENT,https://gameconductor.com/dqrivals/c/d/1522
card_c5e37b2c,たんすミミック,2,ユニット,商人,なし,True,召喚時：このカード以外の自分の手札が6枚以上ある場合敵ユニット1体をコストが1低いランダムなユニットに変身させる。,召喚時|変身|コスト|ランダム,4,,4,MEDIUM_IMPLEMENTED_NAME_PRESENT,https://gameconductor.com/dqrivals/c/d/1523
card_c45094d3,ヘンリー,2,ユニット,商人,冒険者,True,シンクロ：(1)HP+1、(2)味方のヒーロースキルのコストは1下がる、(3)味方のヒーロースキルを1ターンに2回まで発動できる,コスト,5,,1,MEDIUM_IMPLEMENTED_NAME_PRESENT,https://gameconductor.com/dqrivals/c/d/1524
card_7d1e0182,ツボック,3,ユニット,商人,なし,True,死亡時：自分のデッキに特技カードが無いなら味方リーダーのテンション+2,死亡時,1,,3,MEDIUM_IMPLEMENTED_NAME_PRESENT,https://gameconductor.com/dqrivals/c/d/1525
card_5c3c6888,打ち出のそろばん,4,武器,商人,,True,この武器で攻撃した後ランダムな商人の特技カードを手札に1枚加える,攻撃した後|ランダム,2,,2,MEDIUM_IMPLEMENTED_NAME_PRESENT,https://gameconductor.com/dqrivals/c/d/1526
card_e7d0bd0d,キラークリムゾン,5,ユニット,商人,なし,True,選択:・味方リーダーのテンション+2・コスト2のはがねのそろばん1枚を手札に加える,選択|手札に加える|コスト,4,choice_engine,2,MEDIUM_IMPLEMENTED_NAME_PRESENT,https://gameconductor.com/dqrivals/c/d/1527
card_297a6d36,バイキルトのツボ,6,特技,商人,,True,このターン中全ての味方の攻撃力+2,,3,,2,MEDIUM_IMPLEMENTED_NAME_PRESENT,https://gameconductor.com/dqrivals/c/d/1528
card_96d212c9,スラリンガル,7,ユニット,商人,なし,True,貫通、選択:+1/+1と速攻とこのターン中「敵リーダーを攻撃できずダメージを受けない」を得る。・このターンの終了時攻撃力とHPが2倍になる,選択|ダメージ,16,choice_engine+keyword,2,MEDIUM_IMPLEMENTED_NAME_PRESENT,https://gameconductor.com/dqrivals/c/d/1529
card_66c6772c,モンスターハウスだ!,8,特技,商人,,True,自分の場にはコスト4〜6の相手の場にはコスト2〜4のランダムな冒険者以外のユニットをそれぞれ6体ずつ出す,コスト|ランダム,1,,2,MEDIUM_IMPLEMENTED_NAME_PRESENT,https://gameconductor.com/dqrivals/c/d/1530
card_b4ffdc6a,支援のかれくさネズミ,3,ユニット,商人,なし,True,召喚時:味方リーダーが武器を装備していない場合+1/+1 味方リーダーにおどる宝石のそろばんを装備する 武器を装備している場合はぐれメタルを1体出す,召喚時,1,,1,MEDIUM_IMPLEMENTED_NAME_PRESENT,https://gameconductor.com/dqrivals/c/d/1569
card_006d555f,高潔な王パパス,5,ユニット,商人,冒険者,True,味方リーダーが敵ユニットを攻撃した後同じユニットに2ダメージ。味方リーダーのHPを2回復。召喚時:このターン中味方リーダーの攻撃力+2,召喚時|攻撃した後|ダメージ|回復,2,,2,MEDIUM_IMPLEMENTED_NAME_PRESENT,https://gameconductor.com/dqrivals/c/d/1570
card_14926367,デスファレーナ,1,ユニット,占い師,なし,True,占い：(1)攻撃力+2、(2)HP+2,占い,1,fortune_engine,1,MEDIUM_IMPLEMENTED_NAME_PRESENT,https://gameconductor.com/dqrivals/c/d/315
card_7052acf3,節制のタロット,1,特技,占い師,,True,占い:(1)1/1のスライムを2体出す、(2)カードを1枚引く,占い|カードを1枚引く,0,fortune_engine,1,MEDIUM_GENERIC_ENGINE_ONLY,https://gameconductor.com/dqrivals/c/d/316
card_98b3bd16,ベルフェゴル,4,ユニット,占い師,なし,True,自分が占いを持つ手札を使う度+1/+1,占い,2,fortune_engine,1,MEDIUM_IMPLEMENTED_NAME_PRESENT,https://gameconductor.com/dqrivals/c/d/317
card_d8835650,太陽のタロット,4,特技,占い師,,True,占い：(1)全ての敵ユニットに2ダメージ、(2)味方リーダーのHPを7回復,占い|ダメージ|回復,6,fortune_engine,2,MEDIUM_IMPLEMENTED_NAME_PRESENT,https://gameconductor.com/dqrivals/c/d/318
card_3bcff462,きめんどうし,2,ユニット,占い師,なし,True,召喚時：自分のデッキの上からカードを2枚見る。1枚をデッキの上に戻し残りをデッキの下に戻す。,召喚時,4,,2,MEDIUM_IMPLEMENTED_NAME_PRESENT,https://gameconductor.com/dqrivals/c/d/319
card_89f3f077,風の導き,2,特技,占い師,,True,ユニット1体に3ダメージ。デッキの一番上のカードを見てデッキの一番下に移動させることができる。,ダメージ,5,,1,MEDIUM_IMPLEMENTED_NAME_PRESENT,https://gameconductor.com/dqrivals/c/d/320
card_ad894718,銀のタロット,2,特技,占い師,,True,運命の輪を手札に加える。味方リーダーは必中モードになる。既に必中モードの場合テンション+2。,手札に加える,3,,0,MEDIUM_IMPLEMENTED_NAME_PRESENT,https://gameconductor.com/dqrivals/c/d/321
card_028880ce,星のタロット,3,特技,占い師,,True,占い：(1)カードを2枚引く(2)におうだち3/3ビッグフェイスを出す,占い,1,fortune_engine+keyword,1,MEDIUM_IMPLEMENTED_NAME_PRESENT,https://gameconductor.com/dqrivals/c/d/322
card_de724aa3,垣間見る未来,1,特技,占い師,,True,カードを1枚引いた後手札1枚をデッキの一番上に置く,,2,,1,MEDIUM_IMPLEMENTED_NAME_PRESENT,https://gameconductor.com/dqrivals/c/d/323
card_13e70e19,スキッパー,2,ユニット,占い師,なし,True,テンションリンク：デッキの一番上のカードのコストが奇数ならそのカードを手札に加える。,テンションリンク|手札に加える|コスト,2,,3,MEDIUM_IMPLEMENTED_NAME_PRESENT,https://gameconductor.com/dqrivals/c/d/324
card_2f9c499f,塔のタロット,2,特技,占い師,,True,占い：(1)ユニット1体のHPを1にする、(2)ユニット1体に1ダメージを与えた後カードを1枚引く,占い|カードを1枚引く|ダメージ,0,fortune_engine,1,MEDIUM_GENERIC_ENGINE_ONLY,https://gameconductor.com/dqrivals/c/d/325
card_f4ffe012,悪夢の訪れ,2,特技,占い師,,True,次のターン相手プレイヤーの特技カードのコスト+7,コスト,2,,2,MEDIUM_IMPLEMENTED_NAME_PRESENT,https://gameconductor.com/dqrivals/c/d/326
card_2e9d61a8,びっくりサタン,3,ユニット,占い師,なし,True,自分の占いで(1)の効果が発動する度カードを1枚引く,占い|カードを1枚引く,1,fortune_engine,1,MEDIUM_IMPLEMENTED_NAME_PRESENT,https://gameconductor.com/dqrivals/c/d/327
card_52cde336,ケセランパセラン,3,ユニット,占い師,なし,True,自分の占いで(1)の効果が発動する度味方リーダーのHPを2回復,占い|回復,1,fortune_engine,1,MEDIUM_IMPLEMENTED_NAME_PRESENT,https://gameconductor.com/dqrivals/c/d/328
card_67bf89ae,インキュバス,3,ユニット,占い師,なし,True,召喚時：デッキの一番上のカードのコストが奇数なら+1/+1、偶数なら-1/-1,召喚時|コスト,1,,3,MEDIUM_IMPLEMENTED_NAME_PRESENT,https://gameconductor.com/dqrivals/c/d/329
card_700c487c,皇帝のタロット,3,特技,占い師,,True,占い：(1)ユニット1体を+2/+3、(2)ユニット1体に速攻と貫通を付与,占い,2,fortune_engine+keyword,1,MEDIUM_IMPLEMENTED_NAME_PRESENT,https://gameconductor.com/dqrivals/c/d/330
card_d329867b,パペットこぞう,2,ユニット,占い師,なし,True,占い：(1)味方リーダーのテンション-1、(2)+1/+1を得る,占い,1,fortune_engine,1,MEDIUM_IMPLEMENTED_NAME_PRESENT,https://gameconductor.com/dqrivals/c/d/331
card_2b2db1f2,タロットショット,3,特技,占い師,,True,ユニット1体に4ダメージを与える,ダメージ,2,,0,MEDIUM_IMPLEMENTED_NAME_PRESENT,https://gameconductor.com/dqrivals/c/d/332
card_0fb5ba79,エビルドライブ,4,ユニット,占い師,ゾンビ,True,占い：(1)カードを1枚引く、(2)攻撃力+3,占い|カードを1枚引く,6,fortune_engine,1,MEDIUM_IMPLEMENTED_NAME_PRESENT,https://gameconductor.com/dqrivals/c/d/333
card_15c67702,ワンダーフール,4,ユニット,占い師,なし,True,召喚時：デッキの一番上のカードのコストが奇数なら+1/+1と貫通を得る。偶数なら-1/-1とにおうだちを得る,召喚時|コスト,1,keyword,3,MEDIUM_IMPLEMENTED_NAME_PRESENT,https://gameconductor.com/dqrivals/c/d/334
card_725483e4,おばけトマト,5,ユニット,占い師,なし,True,占い：(1)敵ユニット1体の攻撃力を1にする、(2)敵ユニット1体のHPを1にする,占い,2,fortune_engine,1,MEDIUM_IMPLEMENTED_NAME_PRESENT,https://gameconductor.com/dqrivals/c/d/335
card_a3f1284b,隠者のタロット,5,特技,占い師,,True,占い:(1)ユニットのコピーを自分の手札に加える、(2)ユニット1体を1/1のスライムに返信,占い|手札に加える,2,fortune_engine,1,MEDIUM_IMPLEMENTED_NAME_PRESENT,https://gameconductor.com/dqrivals/c/d/336
card_dc741aca,暴風雨,4,特技,占い師,,True,合計5ダメージをランダムな敵に割り振る,ダメージ|ランダム,1,,1,MEDIUM_IMPLEMENTED_NAME_PRESENT,https://gameconductor.com/dqrivals/c/d/337
card_8a0ef03c,アルカナバースト,4,特技,占い師,,True,カードを1枚引く、ユニット1体に2ダメージ。引いたカードのコストが奇数なら代わりに6ダメージ,カードを1枚引く|ダメージ|コスト,2,,1,MEDIUM_IMPLEMENTED_NAME_PRESENT,https://gameconductor.com/dqrivals/c/d/338
card_5f6a5488,ダイス・ド・デビル,6,ユニット,占い師,なし,True,占い：(1)1/1のスライムを出す、(2)4/4のホースデビルを出す,占い,0,fortune_engine,1,MEDIUM_GENERIC_ENGINE_ONLY,https://gameconductor.com/dqrivals/c/d/339
card_3ac76f82,デュラハーン,7,ユニット,占い師,ゾンビ,True,召喚時：自分のデッキからコスト3のユニットを1体出す,召喚時|コスト,1,,3,MEDIUM_IMPLEMENTED_NAME_PRESENT,https://gameconductor.com/dqrivals/c/d/340
card_4b2ece59,悪魔のタロット,8,特技,占い師,,True,占い：(1)全ての敵ユニットに4ダメージ、(2)4/4のホースデビルを2体出す,占い|ダメージ,0,fortune_engine,2,MEDIUM_GENERIC_ENGINE_ONLY,https://gameconductor.com/dqrivals/c/d/341
card_c3ff9942,天変地異,8,特技,占い師,,True,必殺技、味方リーダーは超必中モードになる。 ランダムな敵ユニットに3ダメージを計4回与える。,ダメージ|ランダム,2,,1,MEDIUM_IMPLEMENTED_NAME_PRESENT,https://gameconductor.com/dqrivals/c/d/342
card_6e786fdd,ミレーユ,5,ユニット,占い師,冒険者,True,召喚時&攻撃時:自分のデッキの上からカードを2枚見る。1枚を手札に加え残りをデッキの上に戻す。,召喚時|攻撃時,3,,3,MEDIUM_IMPLEMENTED_NAME_PRESENT,https://gameconductor.com/dqrivals/c/d/343
card_ec0b6371,ジュリアンテ,7,ユニット,占い師,なし,True,占い：(1)他の全ての味方ユニット+2/+2、(2)ランダムな敵3体を次のターン攻撃不能にする,占い|ランダム,4,fortune_engine,3,MEDIUM_IMPLEMENTED_NAME_PRESENT,https://gameconductor.com/dqrivals/c/d/344
card_1c4a519c,キラーグース,2,ユニット,占い師,なし,True,おうえん、召喚時：相手は50%の確率でカードを1枚引く,召喚時|カードを1枚引く,5,,1,MEDIUM_IMPLEMENTED_NAME_PRESENT,https://gameconductor.com/dqrivals/c/d/397
card_e084603d,あばれうしどり,1,ユニット,占い師,なし,True,占い：①攻撃力+1と貫通を得る、②速攻を得る,占い,0,fortune_engine+keyword,1,MEDIUM_GENERIC_ENGINE_ONLY,https://gameconductor.com/dqrivals/c/d/398
card_3d8e1905,シャイニング,3,ユニット,占い師,なし,True,召喚時：自分が次に使用する占いカードは発動する効果を選べるようになる。,召喚時|占い,7,fortune_engine,2,MEDIUM_IMPLEMENTED_NAME_PRESENT,https://gameconductor.com/dqrivals/c/d/399
card_a280038d,ロウ,3,ユニット,占い師,冒険者,True,テンションリンク:味方リーダーのテンションの数と同じ効果が発動する。①カードを1枚引く②ランダムな敵1体に2ダメージ、3コストのユニット1体を出す,テンションリンク|カードを1枚引く|ダメージ|コスト|ランダム,38,,3,MEDIUM_IMPLEMENTED_NAME_PRESENT,https://gameconductor.com/dqrivals/c/d/414
card_582b846a,愚者のタロット,4,特技,占い師,,True,占い:①全ての敵ユニットの攻撃力を1にする②全ての敵ユニットのHPを1にする,占い,2,fortune_engine,2,MEDIUM_IMPLEMENTED_NAME_PRESENT,https://gameconductor.com/dqrivals/c/d/416
card_1d34412c,インスピレーション,2,特技,占い師,,True,おうえん、カードを1枚引く,カードを1枚引く,0,basic_keyword_generic,0,LOW_NO_EFFECT_OR_BASIC,https://gameconductor.com/dqrivals/c/d/430
card_4a3e3606,わかめ王子,6,ユニット,占い師,なし,True,召喚時：デッキの一番上のカードのコストが奇数なら対象に3ダメージ、偶数なら対象を+2/+2,召喚時|ダメージ|コスト,1,,3,MEDIUM_IMPLEMENTED_NAME_PRESENT,https://gameconductor.com/dqrivals/c/d/447
card_105828a9,レッサーデーモン,4,ユニット,占い師,なし,True,テンションリンク：お互いのデッキの一番上にあるカードを比べ、コストが高い方のリーダーに1ダメージ。 ランダムな位置にカードを戻す。 スキルブースト：+1ダメージ,テンションリンク|ダメージ|コスト|ランダム,1,,4,MEDIUM_IMPLEMENTED_NAME_PRESENT,https://gameconductor.com/dqrivals/c/d/448
card_5944a72f,魔術師のタロット,4,特技,占い師,,True,占い：①デッキの一番上のカードのコスト-3 ②デッキの一番上のカードを手札に加える。さらにそのコピー1枚を手札に加える,占い|手札に加える|コスト,1,fortune_engine,3,MEDIUM_IMPLEMENTED_NAME_PRESENT,https://gameconductor.com/dqrivals/c/d/455
card_cca328c6,つむじかぜ,2,特技,占い師,,True,合計3ダメージをランダムな敵に割り振る。スキルブースト:+1ダメージ,ダメージ|ランダム,2,,1,MEDIUM_IMPLEMENTED_NAME_PRESENT,https://gameconductor.com/dqrivals/c/d/470
card_d27a7e95,タロットシャッフル,1,特技,占い師,,True,敵ユニット1体に4ダメージを与える。 自分の手札1枚をデッキの一番上に置く。,ダメージ,2,,1,MEDIUM_IMPLEMENTED_NAME_PRESENT,https://gameconductor.com/dqrivals/c/d/482
card_79a86f7b,マーニャ,6,ユニット,占い師,冒険者,True,召喚時:デッキの1版上のカードのコストが4以上ならドラゴラムを使う。 4以下ならそのカードのコストを0にして手札に加える。,召喚時|手札に加える|コスト,5,,3,MEDIUM_IMPLEMENTED_NAME_PRESENT,https://gameconductor.com/dqrivals/c/d/491
card_399c85ab,運命の分岐点,1,特技,占い師,,True,指定のマスの地形を天啓の神域に変える。,,3,,0,MEDIUM_IMPLEMENTED_NAME_PRESENT,https://gameconductor.com/dqrivals/c/d/503
card_63fe06e3,メイジドラキー,1,ユニット,占い師,なし,True,死亡時:死亡したマスの地形を天啓の神域に変える。 この効果で地形の上書きはできない。,死亡時,2,,1,MEDIUM_IMPLEMENTED_NAME_PRESENT,https://gameconductor.com/dqrivals/c/d/528
card_7ad22030,オーガー,3,ユニット,占い師,なし,True,天啓の神域の効果によってデッキから手札にこのカードが加わった場合、ランダムな敵ユニットに3ダメージ,ダメージ|ランダム,3,,2,MEDIUM_IMPLEMENTED_NAME_PRESENT,https://gameconductor.com/dqrivals/c/d/529
card_23452a9f,デスマーキュリー,4,ユニット,占い師,なし,True,召喚時:指定のマスの地形を天啓の神域に変える。 この効果で地形の上書きはできない。,召喚時,2,,1,MEDIUM_IMPLEMENTED_NAME_PRESENT,https://gameconductor.com/dqrivals/c/d/530
card_fe1e824d,戦車のタロット,2,特技,占い師,,True,占い:①全てのユニットに1ダメージ、②ランダムな敵1体に3ダメージ,占い|ダメージ|ランダム,0,fortune_engine,3,HIGH_COMPLEX_NO_EXPLICIT_NAME,https://gameconductor.com/dqrivals/c/d/568
card_5a4cb9b9,幸運の導き手,2,特技,占い師,,True,デッキの一番上のカードのコストが4以上なら味方リーダーのHPを7回復。4以下なら全ての味方を2回復した後そのカードを手札に加える。,手札に加える|回復|コスト,1,,3,MEDIUM_IMPLEMENTED_NAME_PRESENT,https://gameconductor.com/dqrivals/c/d/569
card_fb76dbf6,定められし未来,5,特技,占い師,,True,敵ユニット1体を相手デッキの一番上に戻す,,2,,1,MEDIUM_IMPLEMENTED_NAME_PRESENT,https://gameconductor.com/dqrivals/c/d/570
card_70c48758,ダークデーブル,6,ユニット,占い師,なし,True,におうだち、天啓の神域の効果によってデッキから手札にこのカードが加わった場合、4/4のヘルガーディアンを出す。,,0,keyword,1,MEDIUM_GENERIC_ENGINE_ONLY,https://gameconductor.com/dqrivals/c/d/571
card_9fafe305,竜の胎動,1,特技,占い師,,True,ランダムなドラゴン系のユニットカードを手札に2枚加える,ランダム,1,,1,MEDIUM_IMPLEMENTED_NAME_PRESENT,https://gameconductor.com/dqrivals/c/d/588
card_b172caa3,バルンバ,3,ユニット,占い師,ドラゴン,True,パワフルバッジ：ドラゴン系の味方ユニットはにおうだちを得る,パワフルバッジ,2,badge_engine+keyword,1,MEDIUM_IMPLEMENTED_NAME_PRESENT,https://gameconductor.com/dqrivals/c/d/589
card_33de804a,しんりゅう,8,ユニット,占い師,ドラゴン,True,召喚時:願い事を１つかなえてくれる。 味方リーダーが超必中モードの場合全ての願い事をかなえてくれる。,召喚時,13,,2,MEDIUM_IMPLEMENTED_NAME_PRESENT,https://gameconductor.com/dqrivals/c/d/590
card_ff73f13a,竜の逆鱗,1,特技,占い師,,True,ランダムな敵ユニット1体にドラゴン系の味方ユニットの中で最も高い攻撃力と同じダメージを与える,ダメージ|ランダム,1,,1,MEDIUM_IMPLEMENTED_NAME_PRESENT,https://gameconductor.com/dqrivals/c/d/592
card_5b819ac3,魂の写し身,1,特技,占い師,,True,ユニット1体を選ぶ。そのユニットと同じカード2枚を自分のデッキに混ぜる。,,3,,1,MEDIUM_IMPLEMENTED_NAME_PRESENT,https://gameconductor.com/dqrivals/c/d/624
card_f87404d2,ソルジャーブル,4,ユニット,占い師,なし,True,パワフルバッジ：ドラゴン系の味方ユニットの攻撃力+1,パワフルバッジ,1,badge_engine,1,MEDIUM_IMPLEMENTED_NAME_PRESENT,https://gameconductor.com/dqrivals/c/d/625
card_28929e32,だいまどう,5,ユニット,占い師,なし,True,特技ダメージ+1、召喚時：自分の手札にドラゴン系のユニットカードがある場合運命の輪を手札に1枚加える。,召喚時|ダメージ,1,,2,MEDIUM_IMPLEMENTED_NAME_PRESENT,https://gameconductor.com/dqrivals/c/d/626
card_23d5d5f7,力のタロット,2,特技,占い師,,True,占い：①全ての味方ユニットの攻撃力+1、②ランダムな味方ユニット1体を+3/+2,占い|ランダム,0,fortune_engine,3,HIGH_COMPLEX_NO_EXPLICIT_NAME,https://gameconductor.com/dqrivals/c/d/668
card_f8b33ead,いっかく竜,1,ユニット,占い師,ドラゴン,True,召喚時：味方リーダーのテンションスキルを竜の導きに変える,召喚時,2,,1,MEDIUM_IMPLEMENTED_NAME_PRESENT,https://gameconductor.com/dqrivals/c/d/669
card_2331f997,キースドラゴン,5,ユニット,占い師,ドラゴン,True,占い：①味方リーダーのHPを5回復、②正面にいる全ての敵ユニットに2ダメージ,占い|ダメージ|回復,4,fortune_engine,2,MEDIUM_IMPLEMENTED_NAME_PRESENT,https://gameconductor.com/dqrivals/c/d/670
card_00fd6be5,てふだをふやしたい,8,トークン,占い師,,False,自分の手札が7枚になるようにカードを引く,カードを引く,2,,0,MEDIUM_IMPLEMENTED_NAME_PRESENT,https://gameconductor.com/dqrivals/c/d/688
card_4c6e21f8,ドラゴンをだしやすくしたい,8,トークン,占い師,,False,自分の手札にあるドラゴン系のユニットカードのコスト-5,コスト,2,,1,MEDIUM_IMPLEMENTED_NAME_PRESENT,https://gameconductor.com/dqrivals/c/d/689
card_a49acf5e,ドラゴンをつよくしたい,8,トークン,占い師,,False,パワフルバッジ：ドラゴン系の味方ユニットを+2/+2,パワフルバッジ,2,badge_engine,1,MEDIUM_IMPLEMENTED_NAME_PRESENT,https://gameconductor.com/dqrivals/c/d/690
card_8d7524ea,エッチなほんがよみたい,8,トークン,占い師,,False,自分の手札にエッチな本を加える,,2,,0,MEDIUM_IMPLEMENTED_NAME_PRESENT,https://gameconductor.com/dqrivals/c/d/691
card_de2ffa5f,竜の導き,0,トークン,占い師,,False,自分の山札からドラゴン系ユニットカードをランダムに1枚手札に加える。そのカードの使用コスト-1。,手札に加える|コスト|ランダム,11,,3,MEDIUM_IMPLEMENTED_NAME_PRESENT,https://gameconductor.com/dqrivals/c/d/693
card_7a08b71e,ヘルガーディアン,5,ユニット,占い師,ゾンビ,False,,,0,no_text,0,LOW_NO_EFFECT_OR_BASIC,https://gameconductor.com/dqrivals/c/d/698
card_e317fe90,マーニャ：ドラゴラム,6,ユニット,占い師,ドラゴン,False,このユニットは攻撃できない。自分のターン終了時ランダムな横一列にいる全ての敵ユニットと敵リーダーに4ダメージ,自分のターン終了時|ダメージ|ランダム,3,,2,MEDIUM_IMPLEMENTED_NAME_PRESENT,https://gameconductor.com/dqrivals/c/d/699
card_649eb3ba,ホースデビル,4,ユニット,占い師,なし,False,,,0,no_text,0,LOW_NO_EFFECT_OR_BASIC,https://gameconductor.com/dqrivals/c/d/717
card_1f7d61c0,審判のタロット,0,特技,占い師,,False,占い：①カードを1枚引く、②味方リーダーのHPを2回復,占い|カードを1枚引く|回復,4,fortune_engine,1,MEDIUM_IMPLEMENTED_NAME_PRESENT,https://gameconductor.com/dqrivals/c/d/734
card_9fa669b2,運命の輪,1,特技,占い師,なし,False,このターン中味方リーダーは超必中モードになる。既に超必中モードの場合テンション+1,,3,,1,MEDIUM_IMPLEMENTED_NAME_PRESENT,https://gameconductor.com/dqrivals/c/d/735
card_b6efc36d,ビッグフェイス,3,ユニット,占い師,なし,True,におうだち,,0,basic_keyword_generic,0,LOW_NO_EFFECT_OR_BASIC,https://gameconductor.com/dqrivals/c/d/736
card_0e5370de,タロットフォーチュン,13,特技,占い師,,True,敵ユニット1体に7ダメージ。7/7のダースドラゴンを出す。 対戦中に自分が使った占いカードの回数分コスト-1。,占い|ダメージ|コスト,7,fortune_engine,2,MEDIUM_IMPLEMENTED_NAME_PRESENT,https://gameconductor.com/dqrivals/c/d/751
card_7f8b3f52,ポムポムボム,3,ユニット,占い師,なし,True,占いカードを使う度速攻1/1のバブリンを出す,占い,4,fortune_engine+keyword,1,MEDIUM_IMPLEMENTED_NAME_PRESENT,https://gameconductor.com/dqrivals/c/d/759
card_b1d3a142,なぞの神官,3,ユニット,占い師,なし,True,味方ヒーローがいる場合占いカードのコスト-1,占い|コスト,2,fortune_engine,2,MEDIUM_IMPLEMENTED_NAME_PRESENT,https://gameconductor.com/dqrivals/c/d/768
card_7bf5eed2,バブリン,1,ユニット,占い師,なし,True,速攻,,7,basic_keyword_generic,0,LOW_NO_EFFECT_OR_BASIC,https://gameconductor.com/dqrivals/c/d/771
card_4b5a73f5,ダースドラゴン,7,ユニット,占い師,ドラゴン,True,効果なし,,5,,0,MEDIUM_IMPLEMENTED_NAME_PRESENT,https://gameconductor.com/dqrivals/c/d/772
card_1ac5e9c5,バルーンコール,2,特技,占い師,,True,占い：①におうだち、2/3のプヨンターゲットを出す。②速攻 1/1のバブリンを2体出す,占い,3,fortune_engine+keyword,1,MEDIUM_IMPLEMENTED_NAME_PRESENT,https://gameconductor.com/dqrivals/c/d/806
card_02ebd665,ブルホーク,3,ユニット,占い師,なし,True,占い:①自分のデッキから占いカードを1枚手札に加える ② 味方リーダーのテンション+2,占い|手札に加える,1,fortune_engine,2,MEDIUM_IMPLEMENTED_NAME_PRESENT,https://gameconductor.com/dqrivals/c/d/807
card_4612393c,信託の門,4,特技,占い師,,True,必殺技、2/4のコンジャラーを2体出す,,1,,0,MEDIUM_IMPLEMENTED_NAME_PRESENT,https://gameconductor.com/dqrivals/c/d/808
card_7abb2f08,プヨンターゲット,2,ユニット,占い師,なし,True,におうだち,,2,basic_keyword_generic,0,LOW_NO_EFFECT_OR_BASIC,https://gameconductor.com/dqrivals/c/d/813
card_c17a47c9,コンジャラー,3,ユニット,占い師,なし,True,味方リーダーは超必中モードになる,,3,,0,MEDIUM_IMPLEMENTED_NAME_PRESENT,https://gameconductor.com/dqrivals/c/d/814
card_a208ad9d,運命の導き,2,特技,占い師,,True,おうえん、3枚の冒険者カードの中から1枚を選び手札に加える。味方リーダーが超必中モードの場合3枚全てを手札に加える。,手札に加える,1,,1,MEDIUM_IMPLEMENTED_NAME_PRESENT,https://gameconductor.com/dqrivals/c/d/827
card_1b3e9672,クロウズ,2,ユニット,占い師,冒険者,True,召喚時:味方リーダーは必中モードになる。攻撃時:デッキの1番上のカードを見てデッキの一番下に移動させることができる。,召喚時|攻撃時,7,,3,MEDIUM_IMPLEMENTED_NAME_PRESENT,https://gameconductor.com/dqrivals/c/d/829
card_7f903bbc,サイコロン,4,ユニット,占い師,なし,True,召喚時：味方ヒーローがいる場合合計5ダメージをこのユニット以外のランダムなユニットに割り振る,召喚時|ダメージ|ランダム,2,,2,MEDIUM_IMPLEMENTED_NAME_PRESENT,https://gameconductor.com/dqrivals/c/d/848
card_a743e254,召竜の儀式,7,特技,占い師,,True,占い:①7/7のダースドラゴンを出す ②3/3のいばらドラゴンを3体出す,占い,4,fortune_engine,1,MEDIUM_IMPLEMENTED_NAME_PRESENT,https://gameconductor.com/dqrivals/c/d/849
card_722f7f5b,いばらドラゴン,3,ユニット,占い師,ドラゴン,True,効果なし,,4,,0,MEDIUM_IMPLEMENTED_NAME_PRESENT,https://gameconductor.com/dqrivals/c/d/853
card_c41d91d2,二者択一,1,特技,占い師,,True,自分のデッキの上からカードを2枚見る。1枚を手札に加え残りをデッキの下に戻す。,,2,,1,MEDIUM_IMPLEMENTED_NAME_PRESENT,https://gameconductor.com/dqrivals/c/d/882
card_bc2c76e5,スモーク,1,ユニット,占い師,なし,True,絶好調、このユニットが絶好調状態なら攻撃力+2とにおうだちを得る,このユニットが,0,basic_keyword_generic,0,LOW_NO_EFFECT_OR_BASIC,https://gameconductor.com/dqrivals/c/d/883
card_02333bce,ホワイトパンサー,4,ユニット,占い師,なし,True,絶好調、速攻、攻撃時：このユニットが絶好調状態ならこのターン中ダメージを受けない,攻撃時|このユニットが|ダメージ,3,keyword,2,MEDIUM_IMPLEMENTED_NAME_PRESENT,https://gameconductor.com/dqrivals/c/d/884
card_3203c5f0,チャネリング,2,特技,占い師,,True,自分のデッキにある占いカードを同じカードを1枚手札に加える。そのカードのコスト-1。,占い|手札に加える|コスト,0,fortune_engine,3,MEDIUM_GENERIC_ENGINE_ONLY,https://gameconductor.com/dqrivals/c/d/903
card_7996d664,レッドプリン,1,ユニット,占い師,なし,True,絶好調、このユニットが絶好調状態なら攻撃力+1,このユニットが,0,basic_keyword_generic,0,LOW_NO_EFFECT_OR_BASIC,https://gameconductor.com/dqrivals/c/d/931
card_9fe4a6a7,幸運のおまもり,3,特技,占い師,,True,おうえん、自分のデッキからコスト2以下の絶好調を持つユニットを1体出す。全ての味方ユニットを絶好調状態に戻す。,コスト,2,,3,MEDIUM_IMPLEMENTED_NAME_PRESENT,https://gameconductor.com/dqrivals/c/d/932
card_73ecbde1,メタルドラゴン,5,ユニット,占い師,なし,True,絶好調、占い：①自分のデッキからコスト2以下の絶好調を持つユニットを2体出す、②絶好調を持つ全ての味方ユニットを+1/+1,占い|コスト,4,fortune_engine,4,MEDIUM_IMPLEMENTED_NAME_PRESENT,https://gameconductor.com/dqrivals/c/d/933
card_6446e1d9,メイジバピラス,2,ユニット,占い師,ドラゴン,True,絶好調、絶好調状態の味方ユニットが攻撃する度自分のデッキから占いカードを1枚引く,占い|カードを1枚引く,5,fortune_engine,2,MEDIUM_IMPLEMENTED_NAME_PRESENT,https://gameconductor.com/dqrivals/c/d/966
card_91dfea63,恋人のタロット,6,特技,占い師,,True,占い：①全ての味方ユニットを+2/+2、②全ての味方ユニットを絶好調状態に戻して+1/+1,占い,2,fortune_engine,2,MEDIUM_IMPLEMENTED_NAME_PRESENT,https://gameconductor.com/dqrivals/c/d/967
card_c6e27d2d,のろいのランプ,3,ユニット,占い師,なし,True,絶好調、占いを持つ特技カードを使った後このユニットが絶好調状態なら同じカードを手札に加える。その後絶好調状態ではなくなる。,占い|このユニットが|手札に加える,4,fortune_engine,2,MEDIUM_IMPLEMENTED_NAME_PRESENT,https://gameconductor.com/dqrivals/c/d/968
card_6fcffda8,リゼロッタ&ルコリア,4,ユニット,占い師,冒険者,True,占い：①この対戦中に死亡したランダムな味方ユニットを2枚手札に加える、②自分の手札とデッキの攻撃力2以下のユニットカードを+1/+1する,占い|手札に加える|ランダム,4,fortune_engine,4,MEDIUM_IMPLEMENTED_NAME_PRESENT,https://gameconductor.com/dqrivals/c/d/969
card_7fb880c7,つきのはどう,3,特技,占い師,,True,敵ユニット1体の攻撃力を1にする。自分の場に冒険者がいるなら代わりに1/1にする。,,2,,0,MEDIUM_IMPLEMENTED_NAME_PRESENT,https://gameconductor.com/dqrivals/c/d/1001
card_ff50494e,ゾディアックコード,6,特技,占い師,,True,必殺技：この対戦中超必中モードになる。自分のデッキから占いカードを1枚手札に加えてコスト-3する。無いなら代わりに審判のタロットを手札に加える。,占い|手札に加える|コスト,3,fortune_engine,4,MEDIUM_IMPLEMENTED_NAME_PRESENT,https://gameconductor.com/dqrivals/c/d/1002
card_d2b7c014,あくましんかん,2,ユニット,占い師,なし,True,占い：(1)「死亡時：この場所に復活する」を得る(2)におうだちHP+1,死亡時|占い|復活,4,fortune_engine+keyword,3,MEDIUM_IMPLEMENTED_NAME_PRESENT,https://gameconductor.com/dqrivals/c/d/1003
card_9b534fc6,ネーレウス,3,ユニット,占い師,なし,True,味方ユニットが場に出た後そのユニットの攻撃力+1、それが冒険者なら代わりに+1/+1,,3,,0,MEDIUM_IMPLEMENTED_NAME_PRESENT,https://gameconductor.com/dqrivals/c/d/1019
card_6694ca3b,グランマーズ,5,ユニット,占い師,冒険者,True,召喚時&攻撃時：自分のデッキの上からカード3枚を見る。1枚を手札に加えそのカードのコスト-2。残りをデッキの下に戻す,召喚時|攻撃時|コスト,12,,4,MEDIUM_IMPLEMENTED_NAME_PRESENT,https://gameconductor.com/dqrivals/c/d/1021
card_899f0d46,ナイトウィスプ,2,ユニット,占い師,なし,True,,,2,no_text,0,LOW_NO_EFFECT_OR_BASIC,https://gameconductor.com/dqrivals/c/d/1055
card_1de531ec,死神のタロット,5,特技,占い師,,True,占い：①全てのユニットに3ダメージ、②：2/2のナイトウィスプを3体出す,占い|ダメージ,4,fortune_engine,2,MEDIUM_IMPLEMENTED_NAME_PRESENT,https://gameconductor.com/dqrivals/c/d/1056
card_f9180cb7,たまねぎマン,3,ユニット,占い師,なし,True,占い：①ユニット1体の攻撃力を2にする②：ユニット1体のHPを2にする,占い,1,fortune_engine,1,MEDIUM_IMPLEMENTED_NAME_PRESENT,https://gameconductor.com/dqrivals/c/d/1057
card_ab91f8ac,ラグアス王子,2,ユニット,占い師,冒険者,True,おうえん、召喚時&攻撃時：相手のデッキの1番上のカードを見てデッキの一番下に移動させることができる,召喚時|攻撃時,7,,3,MEDIUM_IMPLEMENTED_NAME_PRESENT,https://gameconductor.com/dqrivals/c/d/1058
card_59727aad,教皇のタロット,3,特技,占い師,,True,占い：①全ての味方のHPを5回復、②全て飲み方に「次の相手のターン終了時まで戦闘ダメージとデッキ切れによるダメージのみ受ける」を付与する,占い|相手のターン終了時|ダメージ|回復,1,fortune_engine,4,MEDIUM_IMPLEMENTED_NAME_PRESENT,https://gameconductor.com/dqrivals/c/d/1091
card_3f027c89,魂の復活,6,特技,占い師,,True,この対戦中に死亡した3種類のランダムな冒険者の中から1体を選んで復活させる。超必中モードなら代わりに全て復活させる。,復活|ランダム,1,,4,MEDIUM_IMPLEMENTED_NAME_PRESENT,https://gameconductor.com/dqrivals/c/d/1092
card_a568a928,あくまのカガミ,6,ユニット,占い師,なし,True,召喚時：自分のデッキにある5コスト以下の冒険者と同じユニット1体ヲバに出しこのターン中速攻と「ターン終了時にこのユニットを自分のデッキに混ぜる」を付与する,召喚時|コスト,7,keyword,4,MEDIUM_IMPLEMENTED_NAME_PRESENT,https://gameconductor.com/dqrivals/c/d/1093
card_a64a1c61,まほうおばば,0,ユニット,占い師,なし,True,召喚時：自分のデッキの1番上のカード残すとが奇数ならそのカードをデッキの一番下に移動させる。偶数なら味方リーダーのHPを1回復する。,召喚時|回復,1,,2,MEDIUM_IMPLEMENTED_NAME_PRESENT,https://gameconductor.com/dqrivals/c/d/1130
card_1f4a583f,サボテンゴールド,1,ユニット,占い師,なし,True,,,0,no_text,0,LOW_NO_EFFECT_OR_BASIC,https://gameconductor.com/dqrivals/c/d/1131
card_16835f67,エドガンの錬金術,2,特技,占い師,,True,占い：(1)GET(2)、(2)0/1のサボテンゴールド1体出す。その後手札にあるコインの枚数分+1/+1,GET|占い,0,fortune_engine+get_engine,2,MEDIUM_GENERIC_ENGINE_ONLY,https://gameconductor.com/dqrivals/c/d/1132
card_9e2953ce,悪夢のルーレット,4,特技,占い師,,True,GET(1)、その後コインの枚数と同じ数のランダムな敵ユニットのHPを1にする,GET|ランダム,1,get_engine,2,MEDIUM_IMPLEMENTED_NAME_PRESENT,https://gameconductor.com/dqrivals/c/d/1133
card_d57862d2,占い師の交換所,0,特技,占い師,,True,手札のコインを消費して以下の景品と交換する。1枚:銀のタロット、2枚:コスト3の太陽のタロット、3枚:いのりのゆびわ その後カードを1枚引く,カードを1枚引く|コスト,1,,1,MEDIUM_IMPLEMENTED_NAME_PRESENT,https://gameconductor.com/dqrivals/c/d/1160
card_4ab4223a,いのりのゆびわ,0,特技,占い師,,False,味方リーダーのMPを2回復。自分のターン終了時70%の確率でいのりのゆびわを1枚手札に加える,自分のターン終了時|手札に加える|回復,3,,0,MEDIUM_IMPLEMENTED_NAME_PRESENT,https://gameconductor.com/dqrivals/c/d/1161
card_c0de3c42,インプ,2,ユニット,占い師,なし,True,召喚時：GET(1)。BET：デッキの一番上が偶数コストなら敵リーダーに2ダメージ。このユニットへのBETは1ターン1回,召喚時|BET|GET|ダメージ|コスト,14,bet_engine+get_engine,5,MEDIUM_COMPLEX_IMPLEMENTED_RECHECK,https://gameconductor.com/dqrivals/c/d/1162
card_ff657203,にじくじゃく,6,ユニット,占い師,なし,True,自分が偶数のコストの手札を使う度ランダムな敵1体に2ダメージ,ダメージ|コスト|ランダム,3,,2,MEDIUM_IMPLEMENTED_NAME_PRESENT,https://gameconductor.com/dqrivals/c/d/1163
card_ca4d3bc7,ルバンカ,4,ユニット,占い師,なし,True,におうだち。召喚時：デッキの一番上が偶数コストならGET(2)。BET：HP+1,召喚時|BET|GET|コスト,9,bet_engine+get_engine+keyword,5,MEDIUM_COMPLEX_IMPLEMENTED_RECHECK,https://gameconductor.com/dqrivals/c/d/1164
card_0df73d3b,セージももんじゃ,3,ユニット,占い師,なし,True,召喚時:自分のデッキの一番上のカードのコストが偶数なら合計3ダメージをランダムな敵ユニットに割り振る,召喚時|ダメージ|コスト|ランダム,1,,4,MEDIUM_IMPLEMENTED_NAME_PRESENT,https://gameconductor.com/dqrivals/c/d/1202
card_9b411f81,インプケイオス,5,ユニット,占い師,なし,True,召喚時：敵ユニット1体に1ダメージ。自分のデッキの一番上のカードのコストが偶数なら代わりに3ダメージ与えた後味方リーダーのHPを3回復,召喚時|ダメージ|回復|コスト,3,,3,MEDIUM_IMPLEMENTED_NAME_PRESENT,https://gameconductor.com/dqrivals/c/d/1203
card_95e4bddf,タロットフリング,7,特技,占い師,,True,全ての敵に1ダメージ。デッキの一番上のカードのコストが偶数なら代わりに4ダメージ,ダメージ|コスト,1,,3,MEDIUM_IMPLEMENTED_NAME_PRESENT,https://gameconductor.com/dqrivals/c/d/1204
card_d8cdcd29,賢者ルシェンダ,8,ユニット,占い師,冒険者,True,召喚時：GET(1)。BET：自分の山札の1番上のカードが偶数コストのユニットなら場に出す。場が埋まっている場合は不発。それ以外なら手札に加える。,召喚時|BET|GET|手札に加える|場に出す|コスト,7,bet_engine+get_engine,6,MEDIUM_COMPLEX_IMPLEMENTED_RECHECK,https://gameconductor.com/dqrivals/c/d/1205
card_91af4f14,マーマン,1,ユニット,占い師,なし,True,れんけい：速攻1/1のとつげきうおを1体出す,れんけい,1,keyword+renkei_engine,1,MEDIUM_IMPLEMENTED_NAME_PRESENT,https://gameconductor.com/dqrivals/c/d/1291
card_887207c9,スピンサタン,2,ユニット,占い師,なし,True,召喚時:自分が次に使用する占いカードは発動する効果を選べる 味方リーダーが必中モードの場合手札のこのカードのコスト-1,召喚時|占い|コスト,6,fortune_engine,3,MEDIUM_IMPLEMENTED_NAME_PRESENT,https://gameconductor.com/dqrivals/c/d/1292
card_b32cf4aa,あばれ足鳥,2,ユニット,占い師,なし,True,占い:(1)速攻と貫通を得る、(2)+1/+1,占い,1,fortune_engine+keyword,1,MEDIUM_IMPLEMENTED_NAME_PRESENT,https://gameconductor.com/dqrivals/c/d/1293
card_97548726,かみかぜ,2,特技,占い師,,True,おうえん、占い:(1)合計3ダメージをランダムな敵ユニットに割り振る(2)ランダムなコスト2のユニットを1体出す,占い|ダメージ|コスト|ランダム,4,fortune_engine,3,MEDIUM_IMPLEMENTED_NAME_PRESENT,https://gameconductor.com/dqrivals/c/d/1294
card_9b69df48,ロミア,3,ユニット,占い師,冒険者,True,召喚時:自分のデッキの上から2枚を表、もう2枚を裏にしてどちらか一方を選ぶ。選んだカードを全て引き、残りを捨てる,召喚時,6,,3,MEDIUM_IMPLEMENTED_NAME_PRESENT,https://gameconductor.com/dqrivals/c/d/1295
card_865d7b2b,ヘルプラネット,4,ユニット,占い師,なし,True,におうだち。れんけい：自分が次に使う占いカード1枚のみ効果が両方発動する。,れんけい|占い,2,fortune_engine+keyword+renkei_engine,2,MEDIUM_IMPLEMENTED_NAME_PRESENT,https://gameconductor.com/dqrivals/c/d/1297
card_6e5bff74,セレン,5,ユニット,占い師,冒険者,True,れんけい：他の全ての味方ユニットに死亡時2/2の魚を出すを付与する。攻撃力2以下の味方ユニットは速攻を得る。,死亡時|れんけい,2,keyword+renkei_engine,3,MEDIUM_IMPLEMENTED_NAME_PRESENT,https://gameconductor.com/dqrivals/c/d/1298
card_884157d9,逆転への兆し,6,特技,占い師,,True,占い：(1)全てのユニットを1/1にする(2)ランダムなコスト3のユニットを2体出す,占い|コスト|ランダム,4,fortune_engine,4,MEDIUM_IMPLEMENTED_NAME_PRESENT,https://gameconductor.com/dqrivals/c/d/1299
card_69933399,占い小屋,1,建物,占い師,,True,自分が使用する占いカードは発動する効果を選べる。自分のターン終了時耐久値-1。召喚時:ランダムな占いをもるカード1枚を手札に加える,召喚時|占い|自分のターン終了時|手札に加える|ランダム,6,fortune_engine,3,MEDIUM_IMPLEMENTED_NAME_PRESENT,https://gameconductor.com/dqrivals/c/d/1386
card_3ef6b46f,お告げのほこら,1,建物,占い師,,True,自分のターン開始時耐久値-1しデッキの一番上のカードを見てデッキの一番下に移動させることができる,自分のターン開始時,2,,1,MEDIUM_IMPLEMENTED_NAME_PRESENT,https://gameconductor.com/dqrivals/c/d/1387
card_28664aa9,スピニー,3,ユニット,占い師,なし,True,召喚時：貫通、1/2のメラリザードを1体出す。自分のデッキの一番上のカードのコストが3以上ならそのメラリザードに攻撃力+1とにおうだちを付与する,召喚時|コスト,5,keyword,3,MEDIUM_IMPLEMENTED_NAME_PRESENT,https://gameconductor.com/dqrivals/c/d/1388
card_3b440865,フウラ,3,ユニット,占い師,冒険者,True,召喚時：自分の手札を全てデッキのランダムな位置に戻す。戻した枚数に+1した数分カードを引く,召喚時|カードを引く|ランダム,1,,4,MEDIUM_IMPLEMENTED_NAME_PRESENT,https://gameconductor.com/dqrivals/c/d/1389
card_2f88f6cc,掴み取る未来,3,特技,占い師,,True,カードを3枚引いた後手札1枚をデッキの一番上に置く,,2,,1,MEDIUM_IMPLEMENTED_NAME_PRESENT,https://gameconductor.com/dqrivals/c/d/1390
card_7010d95b,ゴルドン,4,ユニット,占い師,なし,True,におうだち、召喚時：自分のデッキからコスト2以下の建物カードを1枚引く。そのカードのコストを-1,召喚時|カードを1枚引く|コスト,1,keyword,3,MEDIUM_IMPLEMENTED_NAME_PRESENT,https://gameconductor.com/dqrivals/c/d/1391
card_51d3e2e1,イブール,5,ユニット,占い師,ドラゴン,True,相手プレイヤーの手札の特技カードのコスト+1、召喚時&攻撃時:相手のデッキの一番上にイブールの本が一枚置かれる,召喚時|攻撃時|コスト,23,,5,MEDIUM_COMPLEX_IMPLEMENTED_RECHECK,https://gameconductor.com/dqrivals/c/d/1392
card_83fe681d,キラーマシン2,6,ユニット,占い師,なし,True,2回攻撃、召喚時:このユニットにさくせんを出す。耐戦中に味方建物が3つ以上出ていたら、代わりに2回さくせんを出し、出たさくせんの効果全てを得る,召喚時,5,,2,MEDIUM_IMPLEMENTED_NAME_PRESENT,https://gameconductor.com/dqrivals/c/d/1393
card_d39b2341,ヘラクライザー,7,ユニット,占い師,なし,True,におうだち、自分がデッキからカードを手札に加える度ランダムな敵1体に2ダメージ、占い：(1)カードを1枚引く、(2)味方リーダーのテンション+2,占い|カードを1枚引く|手札に加える|ダメージ|ランダム,3,fortune_engine+keyword,3,MEDIUM_IMPLEMENTED_NAME_PRESENT,https://gameconductor.com/dqrivals/c/d/1394
token_fish_2_2,魚,1,ユニット,共通,なし,False,,,4,no_text,0,LOW_NO_EFFECT_OR_BASIC,https://gameconductor.com/dqrivals/c/d/1434
card_d13eb6d5,とつげきうお,1,ユニット,占い師,なし,True,速攻,,0,basic_keyword_generic,0,LOW_NO_EFFECT_OR_BASIC,https://gameconductor.com/dqrivals/c/d/1435
card_d4a16563,魔王グラコス,4,ユニット,占い師,魔王,True,れんけい：テンタコルスを2体出す。自分のターン終了時このユニットがブロックされていないなら敵リーダーに3ダメージ,れんけい|自分のターン終了時|このユニットが|ダメージ,1,renkei_engine,1,MEDIUM_IMPLEMENTED_NAME_PRESENT,https://gameconductor.com/dqrivals/c/d/1441
card_640b6bfb,天啓のエビルドライブ,2,ユニット,占い師,なし,True,召喚時:自分のデッキの一番上のカードのコストが偶数ならそのカードを引き、その後自分の手札から1枚選び自分のデッキに混ぜこのユニットの攻撃力+3,召喚時|コスト,3,,3,MEDIUM_IMPLEMENTED_NAME_PRESENT,https://gameconductor.com/dqrivals/c/d/1451
card_a753c7d2,未熟なベビーサタン,0,ユニット,占い師,なし,True,占い：(1)イオナズンを唱える、(2)メガンテを唱える,占い,0,fortune_engine,1,MEDIUM_GENERIC_ENGINE_ONLY,https://gameconductor.com/dqrivals/c/d/1531
card_de982b53,炎のほこら,1,建物,占い師,,True,ダンジョン（耐久値7で踏破)、自分が占いカードを使う度耐久値+1、踏破時:占い三人衆を1枚ずつ手札に加えそれらのコストを1にする,占い|コスト,1,fortune_engine,2,MEDIUM_IMPLEMENTED_NAME_PRESENT,https://gameconductor.com/dqrivals/c/d/1532
card_fa51cb1d,ビッグボック,3,ユニット,占い師,なし,True,占い:(1)味方リーダーのテンション+1、このユニットのHP+1、(2)味方リーダーのテンション+2,占い,0,fortune_engine,1,MEDIUM_GENERIC_ENGINE_ONLY,https://gameconductor.com/dqrivals/c/d/1533
card_a9fe6956,デザートデーモン,3,ユニット,占い師,なし,True,召喚時:合計3ダメージをこのユニット以外のランダムなユニットに割り振る,召喚時|ダメージ|ランダム,1,,2,MEDIUM_IMPLEMENTED_NAME_PRESENT,https://gameconductor.com/dqrivals/c/d/1534
card_42052164,フォステイル,3,ユニット,占い師,冒険者,True,おうえん、自分のターン開始時ランダムな占いを持つカード1枚を手札に加える。そのカードのコスト-1。スキルリンク：1ターン先の未来へ旅立つ,スキルリンク|占い|自分のターン開始時|手札に加える|コスト|ランダム,14,fortune_engine,4,MEDIUM_IMPLEMENTED_NAME_PRESENT,https://gameconductor.com/dqrivals/c/d/1535
card_2555ed9e,タロットコンバート,4,特技,占い師,,True,ユニット1体に4ダメージ。この特技で対象が死亡した場合味方リーダーのMPを2回復,ダメージ|回復,2,,1,MEDIUM_IMPLEMENTED_NAME_PRESENT,https://gameconductor.com/dqrivals/c/d/1536
card_b1863a12,ドラゴビショップ,5,ユニット,占い師,ドラゴン,True,召喚時:カードを2枚引く、このターン中に使った占いカードの枚数分デッキと手札にあるこのカードのコスト-1,召喚時|占い|コスト,4,fortune_engine,5,MEDIUM_COMPLEX_IMPLEMENTED_RECHECK,https://gameconductor.com/dqrivals/c/d/1537
card_7b11152e,サイコマスター,6,ユニット,占い師,なし,True,この対戦中に自分が使った占いカードの枚数分攻撃力+1、召喚時:このユニットの攻撃力が4以上あるなら敵1体に4ダメージ,召喚時|占い|ダメージ,1,fortune_engine,3,MEDIUM_IMPLEMENTED_NAME_PRESENT,https://gameconductor.com/dqrivals/c/d/1538
card_8bc0d225,テーブル・ターニング,6,特技,占い師,,True,占い:(1)4/4のホースデビルを2体出す(2)2/2のモーモンを4体出す,占い,1,fortune_engine,1,MEDIUM_IMPLEMENTED_NAME_PRESENT,https://gameconductor.com/dqrivals/c/d/1539
card_19b11529,暴将 黒竜丸,8,ユニット,占い師,なし,True,占い:(1)他の全ての味方ユニットを4/4にする(2)全ての敵ユニットに3ダメージ,占い|ダメージ,4,fortune_engine,2,MEDIUM_IMPLEMENTED_NAME_PRESENT,https://gameconductor.com/dqrivals/c/d/1540
card_f794442a,うずしおキング,3,ユニット,占い師,なし,True,におうだち。れんけい：自分の山札の上から4枚を見て、れんけいを持つカードを1枚選び引く。,れんけい,10,keyword+renkei_engine,2,MEDIUM_IMPLEMENTED_NAME_PRESENT,https://gameconductor.com/dqrivals/c/d/1571
card_839c7fe2,セニカ,5,ユニット,占い師,冒険者,True,自分のターン終了時このターン戦闘以外のダメージで死亡した敵かHPを回復した味方ユニットがいるならカードを1枚引く。れんけい:敵1体に3ダメージ。全ての味方のHPを3回復,れんけい|自分のターン終了時|カードを1枚引く|ダメージ|回復,4,renkei_engine,3,MEDIUM_IMPLEMENTED_NAME_PRESENT,https://gameconductor.com/dqrivals/c/d/1572
card_8f549d0a,魔力解放,0,特技,魔剣士,,True,このターン中MPが1増える,,1,,1,MEDIUM_IMPLEMENTED_NAME_PRESENT,https://gameconductor.com/dqrivals/c/d/345
card_b4cd37c2,ベビーサタン,2,ユニット,魔剣士,なし,True,テンションリンク：自分と相手の最大MPが1増える,テンションリンク,2,,1,MEDIUM_IMPLEMENTED_NAME_PRESENT,https://gameconductor.com/dqrivals/c/d/346
card_13a68be3,闇の束縛,2,特技,魔剣士,,True,ユニット1体を-2/-2,,2,,0,MEDIUM_IMPLEMENTED_NAME_PRESENT,https://gameconductor.com/dqrivals/c/d/347
card_ba7eb2dc,ライノスキング,7,ユニット,魔剣士,なし,True,におうだち,,0,basic_keyword_generic,0,LOW_NO_EFFECT_OR_BASIC,https://gameconductor.com/dqrivals/c/d/348
card_d64185fd,闇への供物,1,特技,魔剣士,,True,味方ユニットを一体を死亡させた後カードを1枚引く。 最大MPが1増える。,カードを1枚引く,2,,0,MEDIUM_IMPLEMENTED_NAME_PRESENT,https://gameconductor.com/dqrivals/c/d/349
card_b039c1c0,いてつくはどう,2,特技,魔剣士,,True,全ての敵ユニットを封印する,封印,1,,2,MEDIUM_IMPLEMENTED_NAME_PRESENT,https://gameconductor.com/dqrivals/c/d/350
card_758850fa,ウィッチネイル,3,ユニット,魔剣士,ゾンビ,True,ダメージを与えたユニットを死亡させる,ダメージ,3,,0,MEDIUM_IMPLEMENTED_NAME_PRESENT,https://gameconductor.com/dqrivals/c/d/351
card_7276bcfb,アルケミストン,3,ユニット,魔剣士,なし,True,攻撃時：このターン中MPが1増える,攻撃時,2,,2,MEDIUM_IMPLEMENTED_NAME_PRESENT,https://gameconductor.com/dqrivals/c/d/352
card_e6384355,がいこつ,1,ユニット,魔剣士,ゾンビ,True,死亡時：ランダムな敵ユニット1体を-1/-1,死亡時|ランダム,3,,2,MEDIUM_IMPLEMENTED_NAME_PRESENT,https://gameconductor.com/dqrivals/c/d/353
card_ca065660,おおがらす,2,ユニット,魔剣士,なし,True,死亡時：カードを1枚引く,死亡時|カードを1枚引く,4,,1,MEDIUM_IMPLEMENTED_NAME_PRESENT,https://gameconductor.com/dqrivals/c/d/354
card_3166e7bd,魔王の眼光,2,特技,魔剣士,,True,ユニット1体の攻撃力-4,,2,,0,MEDIUM_IMPLEMENTED_NAME_PRESENT,https://gameconductor.com/dqrivals/c/d/355
card_2a187034,冥府の刃,3,特技,魔剣士,,True,ユニット1体に「このユニットに戦闘ダメージを与えられたユニットは死亡する」を付与する,ダメージ,3,,0,MEDIUM_IMPLEMENTED_NAME_PRESENT,https://gameconductor.com/dqrivals/c/d/356
card_499bacbe,ボーンプリズナー,4,ユニット,魔剣士,ゾンビ,True,召喚時：このターン中敵ユニット1体の攻撃力-3,召喚時,2,,2,MEDIUM_IMPLEMENTED_NAME_PRESENT,https://gameconductor.com/dqrivals/c/d/357
card_f6441410,マッドフィンガー,4,ユニット,魔剣士,ゾンビ,True,死亡時：1/1のマドハンドを2体出す,死亡時,1,,1,MEDIUM_IMPLEMENTED_NAME_PRESENT,https://gameconductor.com/dqrivals/c/d/358
card_335ba2ea,裁きの炎,4,特技,魔剣士,,True,攻撃力が4以下のユニット1体を死亡させる,,1,,0,MEDIUM_IMPLEMENTED_NAME_PRESENT,https://gameconductor.com/dqrivals/c/d/359
card_73dab62f,地獄の業火,4,特技,魔剣士,,True,後列にいる全てのユニットに5ダメージ,ダメージ,1,,1,MEDIUM_IMPLEMENTED_NAME_PRESENT,https://gameconductor.com/dqrivals/c/d/360
card_cc17e549,破滅への導き,2,ユニット,魔剣士,なし,True,味方ユニット1体を死亡させた後、自分のデッキからコスト6以上のユニットカードを2枚引く,コスト,5,,2,MEDIUM_IMPLEMENTED_NAME_PRESENT,https://gameconductor.com/dqrivals/c/d/361
card_b075e00c,リビングデッド,4,ユニット,魔剣士,ゾンビ,True,召喚時：味方ユニット1体を3/3のミイラおとこに変身させる,召喚時|変身,2,,2,MEDIUM_IMPLEMENTED_NAME_PRESENT,https://gameconductor.com/dqrivals/c/d/362
card_364a9e07,暗黒の闘気,4,特技,魔剣士,,True,全ての味方ユニットを+1/+1,,1,,1,MEDIUM_IMPLEMENTED_NAME_PRESENT,https://gameconductor.com/dqrivals/c/d/363
card_cc254f2d,タタリ御前,6,ユニット,魔剣士,ゾンビ,True,召喚時：前の相手ターンに味方リーダーを攻撃した敵ユニットをランダムに1体死亡させる,召喚時|ランダム,1,,2,MEDIUM_IMPLEMENTED_NAME_PRESENT,https://gameconductor.com/dqrivals/c/d/364
card_722635ca,漆黒の世界,6,特技,魔剣士,,True,全てのユニットを-2/-2,,1,,1,MEDIUM_IMPLEMENTED_NAME_PRESENT,https://gameconductor.com/dqrivals/c/d/365
card_1c5a55aa,シュバルツシュルト,8,ユニット,魔剣士,なし,True,召喚時：他の味方ユニットの数と同じだけカードを引く,召喚時|カードを引く,1,,1,MEDIUM_IMPLEMENTED_NAME_PRESENT,https://gameconductor.com/dqrivals/c/d/366
card_7c0ec16a,妖剣士オーレン,5,ユニット,魔剣士,ゾンビ,True,召喚時：敵ユニット1体を-2/-2,召喚時,3,,1,MEDIUM_IMPLEMENTED_NAME_PRESENT,https://gameconductor.com/dqrivals/c/d/367
card_168534a3,地獄からの呼び声,5,特技,魔剣士,,True,対戦中に死亡した味方ユニットをランダムに3枚手札に加える,手札に加える|ランダム,1,,1,MEDIUM_IMPLEMENTED_NAME_PRESENT,https://gameconductor.com/dqrivals/c/d/368
card_7a83d10c,魔界の雷,7,特技,魔剣士,,True,敵ユニット1体に2ダメージ、敵ユニットを倒した場合ピサロナイトを3体出す,ダメージ,2,,0,MEDIUM_IMPLEMENTED_NAME_PRESENT,https://gameconductor.com/dqrivals/c/d/369
card_445d5e8a,デスゴーゴン,8,ユニット,魔剣士,なし,True,このユニットの攻撃で敵ユニットを倒す度HPを超えた分だけ敵リーダーにダメージ。,ダメージ,2,,0,MEDIUM_IMPLEMENTED_NAME_PRESENT,https://gameconductor.com/dqrivals/c/d/370
card_7253c8ad,ダークマター,9,特技,魔剣士,,True,全てのユニットを死亡させる。,,2,,1,MEDIUM_IMPLEMENTED_NAME_PRESENT,https://gameconductor.com/dqrivals/c/d/371
card_dd89ae31,進化の秘法,9,特技,魔剣士,,True,必殺技、デスピサロに進化する。味方リーダーのHPを8回復する。,回復,2,,0,MEDIUM_IMPLEMENTED_NAME_PRESENT,https://gameconductor.com/dqrivals/c/d/372
card_99ede7b9,ドルマゲス,6,ユニット,魔剣士,なし,True,召喚時：1/1の分身を2体出す 相手がドルマゲスか分身を攻撃や効果の対象にした場合その対象はランダムに選ばれる,召喚時|ランダム,7,,2,MEDIUM_IMPLEMENTED_NAME_PRESENT,https://gameconductor.com/dqrivals/c/d/373
card_911b72aa,ゼルドラド,10,ユニット,魔剣士,魔王,True,召喚時：このユニットを除く全ての味方ユニットの攻撃力+2、全ての敵ユニットの攻撃力-2,召喚時,2,,2,MEDIUM_IMPLEMENTED_NAME_PRESENT,https://gameconductor.com/dqrivals/c/d/374
card_b6bbbd2e,増幅する闇,7,特技,魔剣士,,True,ユニット1体に+4/+4、スキルブースト:コスト-1,コスト,2,,1,MEDIUM_IMPLEMENTED_NAME_PRESENT,https://gameconductor.com/dqrivals/c/d/383
card_1a31a458,ドン・モグーラ,7,ユニット,魔剣士,なし,True,テンションリンク：速攻 1/1 ターン終了時に死亡するモグラの子分を出す スキルブースト:攻撃力+1をモグラの子分は持つ,テンションリンク,2,keyword,1,MEDIUM_IMPLEMENTED_NAME_PRESENT,https://gameconductor.com/dqrivals/c/d/384
card_d77573af,魔王の号令,4,特技,魔剣士,,True,両プレイヤーは手札からランダムなユニット1体を場に出す。,場に出す|ランダム,2,,2,MEDIUM_IMPLEMENTED_NAME_PRESENT,https://gameconductor.com/dqrivals/c/d/437
card_43d040dc,ジャミ,4,ユニット,魔剣士,なし,True,召喚時：相手の手札が6枚以上ある場合、縦1列にいる全ての敵ユニットを次のターン終了時まで攻撃不能にする。,召喚時,11,,2,MEDIUM_IMPLEMENTED_NAME_PRESENT,https://gameconductor.com/dqrivals/c/d/438
card_ac550afd,ゴンズ,4,ユニット,魔剣士,なし,True,おうえん、におうだち。召喚時：相手の手札が6枚以上なら+2/+2,召喚時,10,keyword,1,MEDIUM_IMPLEMENTED_NAME_PRESENT,https://gameconductor.com/dqrivals/c/d/439
card_946a1ada,邪神の呪い,2,特技,魔剣士,,True,敵リーダーに３ダメージ、相手の手札が6枚以上ある場合代わりに５ダメージ,ダメージ,2,,0,MEDIUM_IMPLEMENTED_NAME_PRESENT,https://gameconductor.com/dqrivals/c/d/441
card_cc44ba5e,魔力の泉,4,特技,魔剣士,,True,おうえん、両プレイヤーはお互いのリーダーのテンションの数と同じだけカードを引く,カードを引く,1,basic_keyword_generic,0,LOW_NO_EFFECT_OR_BASIC,https://gameconductor.com/dqrivals/c/d/442
card_3d44e776,ゲマ,5,ユニット,魔剣士,ゾンビ,True,ステルス、相手がデッキからカードを手札に加える度そのカードのコストを+1、敵リーダーに2ダメージ,手札に加える|ダメージ|コスト,8,keyword,2,MEDIUM_IMPLEMENTED_NAME_PRESENT,https://gameconductor.com/dqrivals/c/d/446
card_3e93256f,ぐんたいアリ,1,ユニット,魔剣士,なし,True,死亡時：アイアンアントをこのマスに出す,死亡時,1,,1,MEDIUM_IMPLEMENTED_NAME_PRESENT,https://gameconductor.com/dqrivals/c/d/471
card_7fe80f03,つかいま,3,ユニット,魔剣士,なし,True,死亡時：最大MPが1増える,死亡時,1,,1,MEDIUM_IMPLEMENTED_NAME_PRESENT,https://gameconductor.com/dqrivals/c/d/472
card_c6debf01,まおうのつかい,4,ユニット,魔剣士,ゾンビ,True,自分のターン中味方ユニットがダメージを受けた場合その味方ユニットの攻撃力+2,ダメージ,2,,0,MEDIUM_IMPLEMENTED_NAME_PRESENT,https://gameconductor.com/dqrivals/c/d/483
card_48b9240b,どぐうせんし,4,ユニット,魔剣士,なし,True,召喚時:このユニットがいる横1列の後列マスの地形を全てバリア床に変える。 この効果で地形の上書きはできない。,召喚時|このユニットが,1,,2,MEDIUM_IMPLEMENTED_NAME_PRESENT,https://gameconductor.com/dqrivals/c/d/484
card_8962d8ec,ホメロス,6,ユニット,魔剣士,なし,True,召喚時:HPが2以下の敵ユニット1体を味方にする,召喚時,5,,1,MEDIUM_IMPLEMENTED_NAME_PRESENT,https://gameconductor.com/dqrivals/c/d/485
card_3091e672,ダックカイト,2,ユニット,魔剣士,なし,True,召喚時:召喚されたマスの地形をバリア床に変える。 この効果は地形の上書きはできない。,召喚時,1,,1,MEDIUM_IMPLEMENTED_NAME_PRESENT,https://gameconductor.com/dqrivals/c/d/497
card_05056c90,どくやずきん,2,ユニット,魔剣士,なし,True,相手がデッキからカードを手札に加える度的リーダーに1ダメージ,手札に加える|ダメージ,6,,1,MEDIUM_IMPLEMENTED_NAME_PRESENT,https://gameconductor.com/dqrivals/c/d/531
card_bb5a9caa,魔剣士の封印,3,特技,魔剣士,,True,ダメージを受けている全ての味方ユニットを+2/+2,ダメージ,1,,1,MEDIUM_IMPLEMENTED_NAME_PRESENT,https://gameconductor.com/dqrivals/c/d/532
card_03650019,魔界の磁場,4,特技,魔剣士,,True,この対戦の間味方のピサロナイトは+1/+1を得る。 ピサロナイトを出す。,,1,,0,MEDIUM_IMPLEMENTED_NAME_PRESENT,https://gameconductor.com/dqrivals/c/d/533
card_f3adf8a2,邪悪な衝撃波,1,特技,魔剣士,,True,横一列にある後列マスの地形を全てバリア床に変える,,1,,1,MEDIUM_IMPLEMENTED_NAME_PRESENT,https://gameconductor.com/dqrivals/c/d/572
card_dcc49cca,ソウルイーター,2,特技,魔剣士,,True,味方ユニット1体を死亡させた後そのユニットの攻撃力と同じだけ味方リーダーのHPを回復する。 カードを1枚引く。,カードを1枚引く|回復,2,,0,MEDIUM_IMPLEMENTED_NAME_PRESENT,https://gameconductor.com/dqrivals/c/d/573
card_74f27ab5,デスストーカー,6,ユニット,魔剣士,なし,True,自分のターン中味方ユニットがダメージを受けた場合ランダムな敵1体に2ダメージ,ダメージ|ランダム,2,,1,MEDIUM_IMPLEMENTED_NAME_PRESENT,https://gameconductor.com/dqrivals/c/d/574
card_e7caf27e,死への誘い,2,特技,魔剣士,,True,攻撃力1以下のユニット1体を死亡させる。 スキルブースト:攻撃力+1,,2,,0,MEDIUM_IMPLEMENTED_NAME_PRESENT,https://gameconductor.com/dqrivals/c/d/591
card_9bfd8552,デビルウィザード,3,ユニット,魔剣士,なし,True,パワフルバッジ：ゾンビ系の味方ユニットの攻撃力+1,パワフルバッジ,0,badge_engine,1,MEDIUM_GENERIC_ENGINE_ONLY,https://gameconductor.com/dqrivals/c/d/627
card_42ffd45b,亡者の執念,2,特技,魔剣士,,True,全ての味方ユニットに「死亡時：1/2のアンデッドマンを1体出す」を付与する。,死亡時,2,,2,MEDIUM_IMPLEMENTED_NAME_PRESENT,https://gameconductor.com/dqrivals/c/d/628
card_f8ed7b96,アスラ王,7,ユニット,魔剣士,ゾンビ,True,召喚時：自分のデッキからコストが1番高いゾンビ系のユニットカードを手札に1枚加える。そのカードのコストを-5。,召喚時|コスト,1,,3,MEDIUM_IMPLEMENTED_NAME_PRESENT,https://gameconductor.com/dqrivals/c/d/629
card_10b33ca1,バラモスブロス,5,ユニット,魔剣士,なし,True,パワフルバッジ：ゾンビ系のユニットカードを使う度味方リーダーのMPが1回復,パワフルバッジ|回復,1,badge_engine,1,MEDIUM_IMPLEMENTED_NAME_PRESENT,https://gameconductor.com/dqrivals/c/d/631
card_7b65c53d,冥府の門,2,特技,魔剣士,,True,1/2のアンデッドマンを2体出す。,,1,,0,MEDIUM_IMPLEMENTED_NAME_PRESENT,https://gameconductor.com/dqrivals/c/d/671
card_c5cdba2b,猛毒の霧,3,特技,魔剣士,,True,お互いの全てのユニットを毒にする,毒,1,,1,MEDIUM_IMPLEMENTED_NAME_PRESENT,https://gameconductor.com/dqrivals/c/d/672
card_2242c067,悪鬼丸,2,ユニット,魔剣士,ゾンビ,True,召喚時：味方リーダーのテンションスキルを死者の目覚めに変える,召喚時,1,,1,MEDIUM_IMPLEMENTED_NAME_PRESENT,https://gameconductor.com/dqrivals/c/d/673
card_cb10c1ed,死者の魂,4,特技,魔剣士,,True,最大MPが1増える。3/3のミイラおとこを出す。,,1,,0,MEDIUM_IMPLEMENTED_NAME_PRESENT,https://gameconductor.com/dqrivals/c/d/674
card_0594147f,暗黒皇帝ガナサダイ,7,ユニット,魔剣士,ゾンビ,True,パワフルバッジ：自分のターン終了時ゾンビ系の味方ユニットを+1/+1,パワフルバッジ|自分のターン終了時,0,badge_engine,1,MEDIUM_GENERIC_ENGINE_ONLY,https://gameconductor.com/dqrivals/c/d/675
card_09281b83,アンデッドマン,1,ユニット,魔剣士,ゾンビ,False,,,4,no_text,0,LOW_NO_EFFECT_OR_BASIC,https://gameconductor.com/dqrivals/c/d/692
card_a2c506cd,死者の目覚め,0,トークン,魔剣士,,False,3/3のミイラおとこを出す,,1,,0,MEDIUM_IMPLEMENTED_NAME_PRESENT,https://gameconductor.com/dqrivals/c/d/694
card_5c962cf6,アイアンアント,1,ユニット,魔剣士,なし,False,攻撃時：このターン中攻撃力+1,攻撃時,4,,2,MEDIUM_IMPLEMENTED_NAME_PRESENT,https://gameconductor.com/dqrivals/c/d/706
card_2afd4475,モグラの子分,3,ユニット,魔剣士,なし,False,速攻、ターン終了時このユニットは死亡する、スキルブースト：攻撃力+1,,3,keyword,0,MEDIUM_IMPLEMENTED_NAME_PRESENT,https://gameconductor.com/dqrivals/c/d/707
card_867ccc35,ドルマゲスの分身,1,ユニット,魔剣士,なし,False,,,2,no_text,0,LOW_NO_EFFECT_OR_BASIC,https://gameconductor.com/dqrivals/c/d/718
card_ad112c5f,恐怖のツメ,9,武器,魔剣士,,False,,,0,no_text,0,LOW_NO_EFFECT_OR_BASIC,https://gameconductor.com/dqrivals/c/d/719
card_9631238e,ミイラおとこ,3,ユニット,魔剣士,ゾンビ,True,,,12,no_text,0,LOW_NO_EFFECT_OR_BASIC,https://gameconductor.com/dqrivals/c/d/725
token_pisaro_knight,ピサロナイト,2,ユニット,魔剣士(ピサロ),なし,False,,,35,no_text,0,LOW_NO_EFFECT_OR_BASIC,https://gameconductor.com/dqrivals/c/d/737
card_7148c5d6,とげこんぼう,3,ユニット,魔剣士,なし,True,召喚時：味方ヒーローがいる場合味方リーダーのテンション+2,召喚時,1,,1,MEDIUM_IMPLEMENTED_NAME_PRESENT,https://gameconductor.com/dqrivals/c/d/752
card_27080916,終焉の波動,7,特技,魔剣士,,True,全てのユニットを-2/-2。スキルブースト：-1/-1,,1,,1,MEDIUM_IMPLEMENTED_NAME_PRESENT,https://gameconductor.com/dqrivals/c/d/760
card_4734a7fe,デッドエンペラー,4,ユニット,魔剣士,ゾンビ,True,死亡時：4/4のじごくのきしをこのマスに出す スキルブースト：攻撃力+1,死亡時,1,,1,MEDIUM_IMPLEMENTED_NAME_PRESENT,https://gameconductor.com/dqrivals/c/d/769
card_1d6a5c3b,じごくのきし,4,ユニット,魔剣士,ゾンビ,True,,,1,no_text,0,LOW_NO_EFFECT_OR_BASIC,https://gameconductor.com/dqrivals/c/d/773
card_3a0e0c79,スパイクヘッド,1,ユニット,魔剣士,なし,True,召喚時：相手はカードを1枚引く,召喚時|カードを1枚引く,1,,1,MEDIUM_IMPLEMENTED_NAME_PRESENT,https://gameconductor.com/dqrivals/c/d/809
card_41478cc2,魔力の継承,2,特技,魔剣士,,True,横一列にいる敵味方全てのユニットに「死亡時：カードを1枚引く」を付与する。,死亡時|カードを1枚引く,2,,2,MEDIUM_IMPLEMENTED_NAME_PRESENT,https://gameconductor.com/dqrivals/c/d/810
card_0c201afd,魔剣一閃,3,特技,魔剣士,,True,必殺技、敵ユニット1体に3ダメージ、敵ユニットを倒した場合ピサロナイトを2体出す,ダメージ,2,,0,MEDIUM_IMPLEMENTED_NAME_PRESENT,https://gameconductor.com/dqrivals/c/d/811
card_7b6e9a73,ホークブリザード,5,ユニット,魔剣士,なし,True,死亡時：ランダムな敵ユニット1体を死亡させる。 スキルブースト：コスト-1,死亡時|コスト|ランダム,1,,3,MEDIUM_IMPLEMENTED_NAME_PRESENT,https://gameconductor.com/dqrivals/c/d/812
card_415672e1,魔女グレイツェル,6,ユニット,魔剣士,なし,True,おうえん、召喚時:ランダムな3体を次のターン終了時まで攻撃不能にする。スキルブースト:+1体,召喚時|ランダム,1,,2,MEDIUM_IMPLEMENTED_NAME_PRESENT,https://gameconductor.com/dqrivals/c/d/830
card_d2e4e4bc,闇の加護,1,特技,魔剣士,,True,味方ユニット1体に「このターン中ダメージを受けない」を付与する,ダメージ,2,,1,MEDIUM_IMPLEMENTED_NAME_PRESENT,https://gameconductor.com/dqrivals/c/d/850
card_286c12aa,メイデンドール,3,ユニット,魔剣士,なし,True,召喚時：味方ヒーローがいる場合敵ユニット1体を-2/-2,召喚時,1,,1,MEDIUM_IMPLEMENTED_NAME_PRESENT,https://gameconductor.com/dqrivals/c/d/851
card_6af2a50e,暗黒の縛鎖,6,特技,魔剣士,,True,ユニット1体を-6/-6。味方ヒーローのレベルの数分コスト-1。,コスト,2,,1,MEDIUM_IMPLEMENTED_NAME_PRESENT,https://gameconductor.com/dqrivals/c/d/885
card_7ac7202e,闇の咆哮,2,特技,魔剣士,,True,ランダムな敵ユニット1体を-3/-3。全ての味方ユニットを絶好調状態に戻す。,ランダム,1,,2,MEDIUM_IMPLEMENTED_NAME_PRESENT,https://gameconductor.com/dqrivals/c/d/886
card_368f860f,ピサロのてさき,2,ユニット,魔剣士,なし,True,絶好調、死亡時：このユニットが絶好調状態ならこの場所にピサロナイトを出す,死亡時|このユニットが,5,,1,MEDIUM_IMPLEMENTED_NAME_PRESENT,https://gameconductor.com/dqrivals/c/d/887
card_a72d97d7,プチターク,1,ユニット,魔剣士,魔王,True,召喚時：自分のデッキから攻撃力8のユニットカードを１枚引く。 死亡時：敵味方全てのリーダーとユニットに1ダメージ,召喚時|死亡時|ダメージ,2,,4,MEDIUM_IMPLEMENTED_NAME_PRESENT,https://gameconductor.com/dqrivals/c/d/900
card_d8de28ef,魔王の鼓舞,4,特技,魔剣士,,True,ピサロナイトを2体出す。全ての味方ユニットを絶好調状態に戻す,,1,,1,MEDIUM_IMPLEMENTED_NAME_PRESENT,https://gameconductor.com/dqrivals/c/d/901
card_7d6409ad,ストーンビースト,3,ユニット,魔剣士,なし,True,絶好調、このユニットが絶好調状態なら攻撃力+2とにおうだちを得る,このユニットが,1,basic_keyword_generic,0,LOW_NO_EFFECT_OR_BASIC,https://gameconductor.com/dqrivals/c/d/934
card_28cd0a60,ヘルバオム,7,ユニット,魔剣士,なし,True,召喚時：ランダムな敵ユニット1体を-2/-2する。これを2回繰り返す。,召喚時|ランダム,1,,2,MEDIUM_IMPLEMENTED_NAME_PRESENT,https://gameconductor.com/dqrivals/c/d/935
card_ada3c5df,タップデビル,3,ユニット,魔剣士,なし,True,絶好調、死亡時：自分のデッキからコスト4の特技カードを1枚引く。このユニットが絶好調状態ならそのカードのコスト-1,死亡時|このユニットが|カードを1枚引く|コスト,1,,4,MEDIUM_IMPLEMENTED_NAME_PRESENT,https://gameconductor.com/dqrivals/c/d/970
card_c762c140,フライングデス,4,ユニット,魔剣士,なし,True,召喚時：自分の場に空きマスがあるなら味方ユニットを1体死亡させた後自分のデッキからそのユニットと同じコストを持つユニットを1体出す,召喚時|コスト,5,,3,MEDIUM_IMPLEMENTED_NAME_PRESENT,https://gameconductor.com/dqrivals/c/d/971
card_213bb6bb,地獄への生贄,2,特技,魔剣士,,True,味方ユニット1体を死亡させる。カードを3枚引く,,2,,0,MEDIUM_IMPLEMENTED_NAME_PRESENT,https://gameconductor.com/dqrivals/c/d/972
card_ccef8f4b,どくあおむし,1,ユニット,魔剣士,なし,True,召喚時：敵ユニット1体を毒にする,召喚時|毒,2,,1,MEDIUM_IMPLEMENTED_NAME_PRESENT,https://gameconductor.com/dqrivals/c/d/1004
card_198ddb61,激昂の犠牲,2,特技,魔剣士,,True,味方ユニット1体を死亡させた後味方リーダーのテンション+3,,2,,0,MEDIUM_IMPLEMENTED_NAME_PRESENT,https://gameconductor.com/dqrivals/c/d/1005
card_d034a940,嘆きの霧,2,特技,魔剣士,,True,必殺技：全ての敵ユニットを毒にする。この対戦中敵ユニットが受ける毒のダメージ+1,毒|ダメージ,2,,2,MEDIUM_IMPLEMENTED_NAME_PRESENT,https://gameconductor.com/dqrivals/c/d/1006
card_49b58495,まおうのランプ,3,ユニット,魔剣士,なし,True,死亡時:自分の手札とデッキの魔王系ユニットカードのコスト−1,死亡時|コスト,1,,3,MEDIUM_IMPLEMENTED_NAME_PRESENT,https://gameconductor.com/dqrivals/c/d/1013
card_3c04a559,エビルプリースト,10,ユニット,魔剣士,魔王,True,召喚時：味方リーダーは究極生物に進化し自分のデッキが魔王デッキになる。自分のテンション-3,召喚時,1,,2,MEDIUM_IMPLEMENTED_NAME_PRESENT,https://gameconductor.com/dqrivals/c/d/1018
card_1d71bd61,畏怖すべき王,3,ユニット,魔剣士,なし,True,おうえん、味方リーダーのHPを5回復、全ての敵ユニットを封印する,封印|回復,1,,2,MEDIUM_IMPLEMENTED_NAME_PRESENT,https://gameconductor.com/dqrivals/c/d/1059
card_2d49ba50,はらわたを食らう,4,ユニット,魔剣士,なし,True,敵ユニット1体を消滅させる。味方リーダーのHPを3回復,消滅|回復,2,,1,MEDIUM_IMPLEMENTED_NAME_PRESENT,https://gameconductor.com/dqrivals/c/d/1060
card_bfc05c08,魔界からの侵攻,6,ユニット,魔剣士,なし,True,ピサロナイトを6体出す,,1,,0,MEDIUM_IMPLEMENTED_NAME_PRESENT,https://gameconductor.com/dqrivals/c/d/1061
card_3afdd5e1,帝王の一閃,7,ユニット,魔剣士,なし,True,全ての敵に4ダメージ,ダメージ,1,,1,MEDIUM_IMPLEMENTED_NAME_PRESENT,https://gameconductor.com/dqrivals/c/d/1062
card_c9bb5cba,活性の秘奥,5,特技,魔剣士,,True,自分の最大MP+1、味方リーダーのHPを8回復,回復,1,,0,MEDIUM_IMPLEMENTED_NAME_PRESENT,https://gameconductor.com/dqrivals/c/d/1063
card_1cb44e5d,魔王への生贄,7,特技,魔剣士,,True,ユニット1体を消滅させる。自分の手札に魔王系カードがあるならコスト-3,消滅|コスト,2,,2,MEDIUM_IMPLEMENTED_NAME_PRESENT,https://gameconductor.com/dqrivals/c/d/1064
card_87807d75,エッグラ&チキーラ,4,ユニット,魔剣士,なし,True,召喚時：タマゴかニワトリどちらが偉いと思うかを選ぶ。次のターン開始時相手にどちらを選んだか当てられなかった場合選んだ効果が発動する。,召喚時,24,,1,MEDIUM_IMPLEMENTED_NAME_PRESENT,https://gameconductor.com/dqrivals/c/d/1067
card_252601dd,タマゴ,0,特技,魔剣士,,False,全ての敵に３ダメージ。相手がタマゴを選んだ場合こうの効果は発動しない。,ダメージ,10,,1,MEDIUM_IMPLEMENTED_NAME_PRESENT,https://gameconductor.com/dqrivals/c/d/1068
card_1c5c5c71,ニワトリ,0,特技,魔剣士,,False,敵リーダーに3ダメージ。カードを２枚引く。 相手がニワトリを選んだ場合この効果は発動しない。,ダメージ,10,,0,MEDIUM_IMPLEMENTED_NAME_PRESENT,https://gameconductor.com/dqrivals/c/d/1069
card_07c44480,マジックリップス,5,ユニット,魔剣士,なし,True,召喚時：次に場に出る味方の魔王系ユニットに「次の相手のターン終了時までこのユニットは戦闘ダメージのみ受ける」を付与する,召喚時|相手のターン終了時|場に出る|ダメージ,2,,2,MEDIUM_IMPLEMENTED_NAME_PRESENT,https://gameconductor.com/dqrivals/c/d/1094
card_e753e7e3,ジゴデイン,0,特技,魔剣士,,False,横一列にいる全ての敵ユニットと敵リーダーに5ダメージ,ダメージ,2,,1,MEDIUM_IMPLEMENTED_NAME_PRESENT,https://gameconductor.com/dqrivals/c/d/1095
card_2d8dfd54,絶望の再来,2,特技,魔剣士,,True,この対戦中に死亡した魔王系の味方ユニットをランダムに2枚まで手札に加える,手札に加える|ランダム,1,,2,MEDIUM_IMPLEMENTED_NAME_PRESENT,https://gameconductor.com/dqrivals/c/d/1096
card_fd670495,魔勇者の剣,9,武器,魔剣士,,True,,,0,no_text,0,LOW_NO_EFFECT_OR_BASIC,https://gameconductor.com/dqrivals/c/d/1097
card_236329ee,ポイズンキッス,5,ユニット,魔剣士,なし,True,におうだち、召喚時：自分の手札に魔王系カードがあるなら全ての敵ユニットを毒にする,召喚時|毒,3,keyword,2,MEDIUM_IMPLEMENTED_NAME_PRESENT,https://gameconductor.com/dqrivals/c/d/1098
card_09ae440c,デビルパピヨン,2,ユニット,魔剣士,なし,True,召喚時：GET(1)。BET：ランダムな敵ユニット1体を毒にする,召喚時|BET|GET|毒|ランダム,5,bet_engine+get_engine,4,MEDIUM_IMPLEMENTED_NAME_PRESENT,https://gameconductor.com/dqrivals/c/d/1134
card_428d41c0,じごくのざりがに,4,ユニット,魔剣士,なし,True,味方のピサロナイトが場に出る度味方リーダーのHPを2回復する,場に出る|回復,2,,0,MEDIUM_IMPLEMENTED_NAME_PRESENT,https://gameconductor.com/dqrivals/c/d/1135
card_8863f6d9,タメトラ,4,特技,魔剣士,,True,敵リーダーのテンションを0にする。消費したテンションを同じ数分味方リーダーのテンションを増やす。,,1,,0,MEDIUM_IMPLEMENTED_NAME_PRESENT,https://gameconductor.com/dqrivals/c/d/1136
card_4bc06754,魔剣士の交換所,0,特技,魔剣士,,True,手札のコインを消費して以下の景品と交換する。1枚:冥府の刃、2枚:せかいじゅのは、3枚：メタルキングの剣 その後 カードを1枚引く,カードを1枚引く,2,,0,MEDIUM_IMPLEMENTED_NAME_PRESENT,https://gameconductor.com/dqrivals/c/d/1165
card_0a7fca19,メタルキングの剣,2,武器,魔剣士,,True,自分のターン中味方リーダーはハードメタルボディを得る,,3,,0,MEDIUM_IMPLEMENTED_NAME_PRESENT,https://gameconductor.com/dqrivals/c/d/1166
card_125e938d,せかいじゅのは,4,ユニット,魔剣士,なし,True,コストが最も高いランダムな味方ユニット1体を指定の味方マスに復活させる,復活|コスト|ランダム,2,,3,MEDIUM_IMPLEMENTED_NAME_PRESENT,https://gameconductor.com/dqrivals/c/d/1167
card_0a058f8a,忠義の騎士アドン,3,ユニット,魔剣士,なし,True,このカードはピサロナイトとしても扱う。召喚時:他の味方のピサロナイトの数分+1/+1を得る。,召喚時,1,,1,MEDIUM_IMPLEMENTED_NAME_PRESENT,https://gameconductor.com/dqrivals/c/d/1168
card_e688c923,ダークモーモン,5,ユニット,魔剣士,なし,True,自分のターン終了時GET(1)、BET:お互いのリーダーのテンション+1,BET|GET|自分のターン終了時,1,bet_engine+get_engine,2,MEDIUM_IMPLEMENTED_NAME_PRESENT,https://gameconductor.com/dqrivals/c/d/1169
card_2ba7df45,魔勇者アンルシア,6,ユニット,魔剣士,なし,True,召喚時:GET(1)、BET:正面にいるランダムな敵ユニット1体を-3/-3,召喚時|BET|GET|ランダム,2,bet_engine+get_engine,4,MEDIUM_IMPLEMENTED_NAME_PRESENT,https://gameconductor.com/dqrivals/c/d/1170
card_680ca5ed,魔王バラモス,4,ユニット,魔剣士,魔王,True,自分のターン終了時手札にある魔王系のユニットカードと特技カードのコスト-1。死亡時：味方リーダーのテンション+1,死亡時|自分のターン終了時|コスト,2,,3,MEDIUM_IMPLEMENTED_NAME_PRESENT,https://gameconductor.com/dqrivals/c/d/1179
card_cb056082,雫の洗礼,1,特技,魔剣士,,True,ユニット1体を封印して1ダメージを与える,封印|ダメージ,2,,1,MEDIUM_IMPLEMENTED_NAME_PRESENT,https://gameconductor.com/dqrivals/c/d/1206
card_78e2da92,どくどくビンゴ,2,特技,魔剣士,,True,GET(1)、その後 手札にあるコインの枚数分ランダムな敵ユニットを毒にする,GET|毒|ランダム,1,get_engine,2,MEDIUM_IMPLEMENTED_NAME_PRESENT,https://gameconductor.com/dqrivals/c/d/1207
card_84e08b43,黄金兵長,7,ユニット,魔剣士,なし,True,召喚時：GET(1)。攻撃時：敵リーダーに味方の場のピサロナイトの数と同じダメージ。BET：ピサロナイトを1体場に出す。,召喚時|攻撃時|BET|GET|場に出す|ダメージ,8,bet_engine+get_engine,5,MEDIUM_COMPLEX_IMPLEMENTED_RECHECK,https://gameconductor.com/dqrivals/c/d/1208
card_c525de3e,おにびドングリ,2,ユニット,魔剣士,なし,True,召喚時:このターン中ユニットが死亡しているなら魔力開放1枚を手札に加える,召喚時|手札に加える,2,,2,MEDIUM_IMPLEMENTED_NAME_PRESENT,https://gameconductor.com/dqrivals/c/d/1300
card_0bfca8a1,歌姫のマポレーナ,2,ユニット,魔剣士,なし,True,れんけい:次に場に出る味方ユニット1体を+1/+1,れんけい|場に出る,4,renkei_engine,1,MEDIUM_IMPLEMENTED_NAME_PRESENT,https://gameconductor.com/dqrivals/c/d/1301
card_a36d6290,ぬかどこスライム,4,ユニット,魔剣士,スライム,True,れんけい：後列にいる全ての敵ユニットに毒と次のターン終了時まで攻撃不能を付与する。,れんけい|毒,1,renkei_engine,2,MEDIUM_IMPLEMENTED_NAME_PRESENT,https://gameconductor.com/dqrivals/c/d/1302
card_27208e6e,暗黒大樹の番人,5,ユニット,魔剣士,なし,True,におうだち、召喚時:このターン中ユニットが死亡しているなら暗黒大樹の番人を指定の味方マスに出す,召喚時,4,keyword,2,MEDIUM_IMPLEMENTED_NAME_PRESENT,https://gameconductor.com/dqrivals/c/d/1303
card_3fd5c66c,煉獄魔斬,5,特技,魔剣士,,True,前列にいる全ての敵ユニットに2ダメージ。後列にいる全ての敵ユニットに4ダメージ。,ダメージ,1,,1,MEDIUM_IMPLEMENTED_NAME_PRESENT,https://gameconductor.com/dqrivals/c/d/1304
card_424d0457,魔軍司令ホメロス,6,ユニット,魔剣士,なし,True,れんけい:次のターン相手はユニットを前列に召喚できない。 自分のターン終了時後列にいる全ての敵ユニットと敵リーダーに3ダメージ,れんけい|自分のターン終了時|ダメージ,2,renkei_engine,2,MEDIUM_IMPLEMENTED_NAME_PRESENT,https://gameconductor.com/dqrivals/c/d/1305
card_14750b13,怪蟲アラグネ,8,ユニット,魔剣士,なし,True,召喚時：敵リーダーを毒状態にする。すでに毒状態ならこの対戦中、敵ユニットと敵リーダーが受ける毒ダメージ+1,召喚時|毒|ダメージ,4,,2,MEDIUM_IMPLEMENTED_NAME_PRESENT,https://gameconductor.com/dqrivals/c/d/1306
card_c93ec402,悪夢招来,9,特技,魔剣士,,True,7コスト以上のランダムなユニットを2体出す,コスト|ランダム,1,,2,MEDIUM_IMPLEMENTED_NAME_PRESENT,https://gameconductor.com/dqrivals/c/d/1307
card_b980440e,邪竜軍王ガリンガ,12,ユニット,魔剣士,ドラゴン,True,このユニットの攻撃で敵ユニットが死亡する度HPを超えた分だけ敵リーダーにダメージ。対戦中に死亡した味方ユニットの数分コスト-1,ダメージ|コスト,3,,1,MEDIUM_IMPLEMENTED_NAME_PRESENT,https://gameconductor.com/dqrivals/c/d/1308
card_91c13223,プチさまようよろい,1,ユニット,魔剣士,なし,True,死亡時：ピサロナイト1枚を手札に加える,死亡時|手札に加える,2,,1,MEDIUM_IMPLEMENTED_NAME_PRESENT,https://gameconductor.com/dqrivals/c/d/1395
card_9eef3ae2,ヒートギズモ,2,ユニット,魔剣士,なし,True,前列召喚時：正面にいる敵ユニットに2ダメージ、後列召喚時：味方リーダーのテンション+1,召喚時|ダメージ,3,,1,MEDIUM_IMPLEMENTED_NAME_PRESENT,https://gameconductor.com/dqrivals/c/d/1396
card_870f2519,墓所,2,建物,魔剣士,,True,味方ユニットが死亡する度味方リーダーのテンション1、この建物は1ターンに6回まで発動する。自分のターン終了時耐久値-1,自分のターン終了時,3,,0,MEDIUM_IMPLEMENTED_NAME_PRESENT,https://gameconductor.com/dqrivals/c/d/1397
card_3ffe81c0,オーガソルジャー,3,ユニット,魔剣士,なし,True,召喚時：全てのピサロナイトにさくせんを出す,召喚時,1,,2,MEDIUM_IMPLEMENTED_NAME_PRESENT,https://gameconductor.com/dqrivals/c/d/1398
card_66aca6cb,キッシム,3,ユニット,魔剣士,なし,True,おうえん、死亡時：自分のデッキからコスト5以上の建物カードを1枚引く。そのカードのコスト-1,死亡時|カードを1枚引く|コスト,1,,3,MEDIUM_IMPLEMENTED_NAME_PRESENT,https://gameconductor.com/dqrivals/c/d/1399
card_7fcacd81,じごくのよろい,5,ユニット,魔剣士,なし,True,召喚時&死亡時:ピサロナイトを1体出す。スキルブースト:攻撃力+1,召喚時|死亡時,2,,2,MEDIUM_IMPLEMENTED_NAME_PRESENT,https://gameconductor.com/dqrivals/c/d/1400
card_1683cf61,デスマシーン,5,ユニット,魔剣士,なし,True,におうだち、このターン中死亡したユニットの数分手札にあるこのカードのコスト-1、死亡時：敵リーダーに3ダメージ,死亡時|ダメージ|コスト,3,keyword,3,MEDIUM_IMPLEMENTED_NAME_PRESENT,https://gameconductor.com/dqrivals/c/d/1401
card_d505c4af,地獄の帝王エスターク,5,ユニット,魔剣士,魔王,True,このユニットはＨＰが減っていない間攻撃力−5され「このユニットの攻撃は他のすべての敵にも同時にダメージを与える」を得る,ダメージ,3,,0,MEDIUM_IMPLEMENTED_NAME_PRESENT,https://gameconductor.com/dqrivals/c/d/1402
card_e8cf911a,塔,6,建物,魔剣士,,True,召喚時：ピサロナイトを2体出す。味方のピサロナイト全てを+1/+1、自分のターン終了時耐久値-1,召喚時|自分のターン終了時,3,,2,MEDIUM_IMPLEMENTED_NAME_PRESENT,https://gameconductor.com/dqrivals/c/d/1403
card_838b4cd5,魔元帥ゼルドラド,10,ユニット,魔剣士,魔王,True,召喚時：全ての敵を毒にする。全ての敵ユニットの攻撃力-1。このユニットが場にいる間敵が受ける毒のダメージ+1,召喚時|敵が|場にいる間|このユニットが|毒|ダメージ,1,,2,MEDIUM_IMPLEMENTED_NAME_PRESENT,https://gameconductor.com/dqrivals/c/d/1440
card_e3e4c05d,卑劣などくやずきん,2,ユニット,魔剣士,なし,True,召喚時：敵1体に1ダメージ。対象が毒なら3ダメージ,召喚時|毒|ダメージ,5,,1,MEDIUM_IMPLEMENTED_NAME_PRESENT,https://gameconductor.com/dqrivals/c/d/1452
card_dfb14f49,アンデッドガーデン,1,建物,魔剣士,,True,ダンジョン(耐久値13で踏破)、味方ユニットが死亡する度 耐久値+1 自分の最大MPが8以上なら代わりに耐久値+2、踏破時:自分の最大MPが15になる カードを2枚引く,,1,,0,MEDIUM_IMPLEMENTED_NAME_PRESENT,https://gameconductor.com/dqrivals/c/d/1541
card_26dcc88b,サタンパピー,2,ユニット,魔剣士,なし,True,召喚時:このターン中ユニットが死亡しているなら敵ユニット1体を-2/-2,召喚時,3,,2,MEDIUM_IMPLEMENTED_NAME_PRESENT,https://gameconductor.com/dqrivals/c/d/1542
card_901c5732,群れなすよるのていおう,3,ユニット,魔剣士,なし,True,召喚時:群れなるよるのていおうを1体出す,召喚時,4,,1,MEDIUM_IMPLEMENTED_NAME_PRESENT,https://gameconductor.com/dqrivals/c/d/1543
card_7efd2b99,魔王の驚異,3,特技,魔剣士,,True,ユニット1体のHP-4,,2,,0,MEDIUM_IMPLEMENTED_NAME_PRESENT,https://gameconductor.com/dqrivals/c/d/1544
card_e4512ec7,魔王への忠誠,3,特技,魔剣士,,True,おうえん、選択：・１貫通 2/1のがいこつへいを１体出す 味方リーダーのMPを2回復 ・ におうだち2/４のスケアフレイルを1体出す,選択|回復,2,choice_engine+keyword,1,MEDIUM_IMPLEMENTED_NAME_PRESENT,https://gameconductor.com/dqrivals/c/d/1545
card_d0e31623,デビルプリンス,4,ユニット,魔剣士,なし,True,死亡時:正面にいるランダムな敵ユニット1体を死亡させる,死亡時|ランダム,1,,2,MEDIUM_IMPLEMENTED_NAME_PRESENT,https://gameconductor.com/dqrivals/c/d/1546
card_c3723952,セルゲイナス,5,ユニット,魔剣士,なし,True,ねらい撃ち、召喚時:自分の手札に魔王系カードがあるなら味方リーダーのHPを4回復,召喚時|回復,1,keyword,1,MEDIUM_IMPLEMENTED_NAME_PRESENT,https://gameconductor.com/dqrivals/c/d/1547
card_00c46baf,怪竜やまたのおろち,5,ユニット,魔剣士,ドラゴン,True,召喚時:残りMPを全て消費する。消費したMPの数分攻撃力+1、その後 このユニットの攻撃力と同じ数分のダメージをランダムな敵ユニットに割り振る,召喚時|ダメージ|ランダム,3,,3,MEDIUM_IMPLEMENTED_NAME_PRESENT,https://gameconductor.com/dqrivals/c/d/1548
card_d6deef1d,絶息の波動,5,特技,魔剣士,,True,残りMPを全て消費する。全てのユニットを-1/-1、消費したMPの数分-1/-1が増える,,1,,1,MEDIUM_IMPLEMENTED_NAME_PRESENT,https://gameconductor.com/dqrivals/c/d/1549
card_8d8b59c8,トーマ王子,8,ユニット,魔剣士,なし,True,召喚時:以下の4つから1つを選び発動する・虚無の剣・無我の心・鉄壁の盾・追憶の呪縛,召喚時,12,,1,MEDIUM_IMPLEMENTED_NAME_PRESENT,https://gameconductor.com/dqrivals/c/d/1550
card_cbda4c10,デーモンスピリット,4,ユニット,魔剣士,ゾンビ,True,召喚時：手札にコスト3以上の特技カードがあるならデーモンスピリットを1体出す。死亡時:コスト3以上の特技カード1枚を手札に加える,召喚時|死亡時|手札に加える|コスト,2,,4,MEDIUM_IMPLEMENTED_NAME_PRESENT,https://gameconductor.com/dqrivals/c/d/1573
card_c37310d1,なげきの妖剣士オーレン,7,ユニット,魔剣士,ゾンビ,True,召喚時:1/2のがいこつを0体出し速攻を付与する。対戦中に自分が使った本来のコストが3以上の特技カードの枚数分出す数+1,召喚時|コスト,1,keyword,3,MEDIUM_IMPLEMENTED_NAME_PRESENT,https://gameconductor.com/dqrivals/c/d/1574
card_0ea13f29,カイロスハント,0,特技,盗賊,,True,敵ユニット1体に1ダメージ。対象のユニットがダメージを受けている場合代わりに2ダメージ,ダメージ,1,,0,MEDIUM_IMPLEMENTED_NAME_PRESENT,https://gameconductor.com/dqrivals/c/d/1309
card_402a1aa5,無影のゴースト,1,ユニット,盗賊,なし,True,このユニットは効果の対象にならない,,1,,0,MEDIUM_IMPLEMENTED_NAME_PRESENT,https://gameconductor.com/dqrivals/c/d/1310
card_19337e0c,エマ,2,ユニット,盗賊,冒険者,True,召喚時:次の相手のターン終了時までステルスを得る。味方リーダーが攻撃した後やくそうを手札に加え味方リーダーのMPを1回復,召喚時|攻撃した後|相手のターン終了時|回復,11,keyword,2,MEDIUM_IMPLEMENTED_NAME_PRESENT,https://gameconductor.com/dqrivals/c/d/1311
card_067c8577,キラークラブ,2,ユニット,盗賊,なし,True,召喚時:味方リーダーが装備中の武器に「この武器で攻撃した時の反撃ダメージ-2」を付与する,召喚時|ダメージ,2,,1,MEDIUM_IMPLEMENTED_NAME_PRESENT,https://gameconductor.com/dqrivals/c/d/1312
card_0aff24b1,しびれだんびら,2,ユニット,盗賊,なし,True,召喚時:味方リーダーが装備中の武器に耐久力+1と「攻撃した敵ユニットを次のターン終了時まで攻撃不能にする」を付与する,召喚時,2,,1,MEDIUM_IMPLEMENTED_NAME_PRESENT,https://gameconductor.com/dqrivals/c/d/1313
card_d444566d,しきりなおし,2,特技,盗賊,,True,味方ユニット1体を手札に戻す。そのカードのコスト-2,コスト,1,,1,MEDIUM_IMPLEMENTED_NAME_PRESENT,https://gameconductor.com/dqrivals/c/d/1314
card_b4a5ff7d,鏡像のマネマネ,3,ユニット,盗賊,なし,True,速攻、れんけい：次の1回のみ味方リーダーのテンションスキルは敵リーダーと同じテンションスキルになる,れんけい,3,keyword+renkei_engine,1,MEDIUM_IMPLEMENTED_NAME_PRESENT,https://gameconductor.com/dqrivals/c/d/1315
card_775f9128,トマトマーレ,3,ユニット,盗賊,スライム,True,れんけい：攻撃力+1、このユニットはダメージを受けているユニットから戦闘ダメージを受けない,れんけい|ダメージ,2,renkei_engine,1,MEDIUM_IMPLEMENTED_NAME_PRESENT,https://gameconductor.com/dqrivals/c/d/1316
card_6769dd38,ぬすっと斬り,3,特技,盗賊,,True,敵1体に2ダメージ。相手のデッキのカードと同じカードをランダムに1枚手札に加える。そのカードのコストを-1,手札に加える|ダメージ|コスト|ランダム,2,,3,MEDIUM_IMPLEMENTED_NAME_PRESENT,https://gameconductor.com/dqrivals/c/d/1317
card_acc1a6ea,パワフルスロー,3,特技,盗賊,,True,全ての敵ユニットに1ダメージ。カードを1枚引く。,カードを1枚引く|ダメージ,1,,1,MEDIUM_IMPLEMENTED_NAME_PRESENT,https://gameconductor.com/dqrivals/c/d/1318
card_2726b6c6,ベビル,4,ユニット,盗賊,なし,True,召喚時：縦1列にいる全ての敵ユニットに1ダメージ,召喚時|ダメージ,1,,2,MEDIUM_IMPLEMENTED_NAME_PRESENT,https://gameconductor.com/dqrivals/c/d/1319
card_06995365,笑顔の伝道師シルビア,4,ユニット,盗賊,冒険者,True,れんけい：コスト1のランダムなユニット2体を場に出す。自分のターン終了時に味方ユニットが3体以上なら味方リーダーのテンション+1。,れんけい|自分のターン終了時|場に出す|コスト|ランダム,2,renkei_engine,4,MEDIUM_IMPLEMENTED_NAME_PRESENT,https://gameconductor.com/dqrivals/c/d/1320
card_4cdc93e8,マヤ,4,ユニット,盗賊,冒険者,True,速攻。れんけい：2回攻撃を得る。このユニットが敵リーダーを攻撃した後、相手の手札のカードと同じカードをランダムに1枚手札に加える。,攻撃した後|れんけい|このユニットが|手札に加える|ランダム,5,keyword+renkei_engine,2,MEDIUM_IMPLEMENTED_NAME_PRESENT,https://gameconductor.com/dqrivals/c/d/1321
card_e192add5,ぶんしん,0,特技,盗賊,,True,必殺技、味方リーダーはこのターン中3回攻撃と攻撃力+1と「攻撃した時武器の耐久力が減らない」を得る,,5,,1,MEDIUM_IMPLEMENTED_NAME_PRESENT,https://gameconductor.com/dqrivals/c/d/1322
card_c55c6537,とうだいタイガー,5,ユニット,盗賊,なし,True,れんけい：攻撃力3以下の敵ユニット1体を相手の手札に戻す。,れんけい,2,renkei_engine,1,MEDIUM_IMPLEMENTED_NAME_PRESENT,https://gameconductor.com/dqrivals/c/d/1323
card_6dba4ebc,ワイバーンドッグ,7,ユニット,盗賊,ドラゴン,True,召喚時：ダメージを受けている全ての敵ユニットに3ダメージ、れんけい：さらにダメージを受けていない全てのユニットに1ダメージ,召喚時|れんけい|ダメージ,5,renkei_engine,3,MEDIUM_IMPLEMENTED_NAME_PRESENT,https://gameconductor.com/dqrivals/c/d/1324
card_8b2f511e,心眼一閃,8,特技,盗賊,,True,敵ユニット1体に4ダメージ。この対戦中に自分のデッキに入っていなかったカードを自分の手札に加えた枚数分デッキと手札にあるこのカードのコスト-1,ダメージ|コスト,2,,3,MEDIUM_IMPLEMENTED_NAME_PRESENT,https://gameconductor.com/dqrivals/c/d/1325
card_0149788b,ヘルクラッシャー,11,ユニット,盗賊,なし,True,2回攻撃、この対戦中に自分のデッキに入っていなかったカードを自分の手札に加えた枚数分コスト-1,コスト,1,,3,MEDIUM_IMPLEMENTED_NAME_PRESENT,https://gameconductor.com/dqrivals/c/d/1326
card_ca1467a2,うらぎりこぞう,1,ユニット,盗賊,なし,True,自分が手札からカードを捨てる度このターン中攻撃力+1,,1,,1,MEDIUM_IMPLEMENTED_NAME_PRESENT,https://gameconductor.com/dqrivals/c/d/1404
card_93ceb9a5,うみうし,2,ユニット,盗賊,なし,True,召喚時&手札から捨てた時：1/2のおおなめくじを1体出す,召喚時|手札から捨てた時,5,,2,MEDIUM_IMPLEMENTED_NAME_PRESENT,https://gameconductor.com/dqrivals/c/d/1405
card_4c928e44,ビッグハンマー,2,ユニット,盗賊,なし,True,召喚時：自分のデッキから建物カードを1枚手札に加える。その後自分の手札から1枚選んで捨てる,召喚時|手札に加える,2,,2,MEDIUM_IMPLEMENTED_NAME_PRESENT,https://gameconductor.com/dqrivals/c/d/1406
card_4172aae0,船長,2,ユニット,盗賊,ゾンビ,True,召喚時&手札から捨てた時:味方リーダーのHPを2回復する,召喚時|手札から捨てた時|回復,4,,2,MEDIUM_IMPLEMENTED_NAME_PRESENT,https://gameconductor.com/dqrivals/c/d/1407
card_13bfc137,ザイル,2,ユニット,盗賊,なし,True,死亡時&手札から捨てた時:はるかぜのフルートを1枚手札に加える,死亡時|手札から捨てた時|手札に加える,6,,2,MEDIUM_IMPLEMENTED_NAME_PRESENT,https://gameconductor.com/dqrivals/c/d/1408
card_a9a6394f,怪盗ポイックリン,2,ユニット,盗賊,冒険者,True,ステルス、召喚時：相手の手札のカードと同じカードをランダムに1枚手札に加える。その後、自分の手札から1枚選んで捨てる。,召喚時|手札に加える|ランダム,9,keyword,2,MEDIUM_IMPLEMENTED_NAME_PRESENT,https://gameconductor.com/dqrivals/c/d/1409
card_69885170,すてみ,2,特技,盗賊,,True,敵ユニット1体に3ダメージ。このターン中自分の手札を捨てているならカードを1枚引く,カードを1枚引く|ダメージ,2,,1,MEDIUM_IMPLEMENTED_NAME_PRESENT,https://gameconductor.com/dqrivals/c/d/1410
card_cdaed49e,牢屋,2,建物,盗賊,,True,召喚時：攻撃力3以下の敵ユニット1体を相手の手札に戻す。戻されたカードはこの建物がある間使用できない。自分のターン終了時耐久値-1,召喚時|自分のターン終了時,4,,1,MEDIUM_IMPLEMENTED_NAME_PRESENT,https://gameconductor.com/dqrivals/c/d/1411
card_4303869e,アジト,2,建物,盗賊,,True,自分の手札にある自分のデッキに入っていなかったカードのコスト-1。自分のターン終了時耐久値-1,自分のターン終了時|コスト,1,,2,MEDIUM_IMPLEMENTED_NAME_PRESENT,https://gameconductor.com/dqrivals/c/d/1412
card_f3f6a5fb,とうぞくこぞう,3,ユニット,盗賊,なし,True,召喚時：自分の手札から1枚選んで捨てる,召喚時,1,,1,MEDIUM_IMPLEMENTED_NAME_PRESENT,https://gameconductor.com/dqrivals/c/d/1413
card_38ebc250,かいぞくウーパー,3,ユニット,盗賊,なし,True,召喚時&手札から捨てた時：カードを1枚引く,召喚時|手札から捨てた時|カードを1枚引く,6,,2,MEDIUM_IMPLEMENTED_NAME_PRESENT,https://gameconductor.com/dqrivals/c/d/1414
card_53c69643,クロスカッター,3,特技,盗賊,,True,前列中央以外にいる全ての敵ユニットに2ダメージ,ダメージ,1,,1,MEDIUM_IMPLEMENTED_NAME_PRESENT,https://gameconductor.com/dqrivals/c/d/1415
card_83b14001,ようがんげんじん,4,ユニット,盗賊,なし,True,ステルス、召喚時：このユニットにさくせんを出す,召喚時,1,keyword,1,MEDIUM_IMPLEMENTED_NAME_PRESENT,https://gameconductor.com/dqrivals/c/d/1416
card_95df71a4,メダルにゃん,4,ユニット,盗賊,なし,True,召喚時：カードを2枚引いた後自分の手札から2枚選んで捨てる,召喚時,2,,1,MEDIUM_IMPLEMENTED_NAME_PRESENT,https://gameconductor.com/dqrivals/c/d/1417
card_47939d56,ヘッドハント,5,特技,盗賊,,True,敵ユニット1体に5ダメージ。この特技で対象が死亡した場合そのユニットと同じカードを1枚手札に加える,手札に加える|ダメージ,2,,1,MEDIUM_IMPLEMENTED_NAME_PRESENT,https://gameconductor.com/dqrivals/c/d/1418
card_f38cbbc1,王家のナイフ,5,武器,盗賊,,True,味方リーダーがこの武器の攻撃で攻撃力3以下の敵ユニットを死亡させる度そのユニットと同じカードを1枚手札に加える。そのカードのコストを-1,手札に加える|コスト,1,,1,MEDIUM_IMPLEMENTED_NAME_PRESENT,https://gameconductor.com/dqrivals/c/d/1419
card_16eb8d05,ヒドラ,6,ユニット,盗賊,なし,True,このユニットは子の耐戦中に自分の手札から捨てたカードの枚数により以下の効果を得る。2枚以上:貫通、4枚以上:速攻、6枚以上:2回攻撃,,6,basic_keyword_generic,0,LOW_NO_EFFECT_OR_BASIC,https://gameconductor.com/dqrivals/c/d/1420
card_5eec0254,アフロのドン・モグーラ,6,ユニット,盗賊,なし,True,召喚時：カードを1枚引いた後、自分の手札から1枚選んで捨てる。自分の手札からカードを捨てる度ターン終了時に死亡する速攻3/1の子分を1体出す,召喚時,1,keyword,1,MEDIUM_IMPLEMENTED_NAME_PRESENT,https://gameconductor.com/dqrivals/c/d/1421
card_e7aa3b04,あくまのツボ,1,ユニット,盗賊,なし,True,召喚時：指定の敵マスにツボを１つ出す,召喚時,2,,1,MEDIUM_IMPLEMENTED_NAME_PRESENT,https://gameconductor.com/dqrivals/c/d/1425
card_c6f3bdb2,ぬすむ,1,特技,盗賊,,True,相手のデッキのランダムなカードを最大3枚まで見て1枚を選ぶ。そのカードと同じカード1枚を手札に加える,手札に加える|ランダム,2,,2,MEDIUM_IMPLEMENTED_NAME_PRESENT,https://gameconductor.com/dqrivals/c/d/1426
card_22961233,やみのとうぞく,2,ユニット,盗賊,なし,True,召喚時:相手のデッキのランダムなカードと同じカード1枚を手札に加える,召喚時|手札に加える|ランダム,2,,3,MEDIUM_IMPLEMENTED_NAME_PRESENT,https://gameconductor.com/dqrivals/c/d/1427
card_09280fcd,スノーベビー,2,ユニット,盗賊,なし,True,召喚時：ダメージを受けている敵ユニット1体に2ダメージ,召喚時|ダメージ,2,,1,MEDIUM_IMPLEMENTED_NAME_PRESENT,https://gameconductor.com/dqrivals/c/d/1428
card_f97ed7dd,二刀の心得・壱,2,特技,盗賊,,True,敵1体に2ダメージ。二刀の心得・弐1枚を手札に加える,手札に加える|ダメージ,1,,0,MEDIUM_IMPLEMENTED_NAME_PRESENT,https://gameconductor.com/dqrivals/c/d/1429
card_314d92bd,アサシンアタック,3,特技,盗賊,,True,ダメージを受けているユニット1体を死亡させる,ダメージ,2,,0,MEDIUM_IMPLEMENTED_NAME_PRESENT,https://gameconductor.com/dqrivals/c/d/1430
card_02391eb2,ブロンズナイフ,3,武器,盗賊,,True,,,0,no_text,0,LOW_NO_EFFECT_OR_BASIC,https://gameconductor.com/dqrivals/c/d/1431
card_e193a637,オークデビル,4,ユニット,盗賊,なし,True,自分のターン中味方リーダーはダメージを受けない,ダメージ,2,,0,MEDIUM_IMPLEMENTED_NAME_PRESENT,https://gameconductor.com/dqrivals/c/d/1432
card_79b87cb3,やくそう,0,特技,盗賊,,False,HPを1回復,回復,6,,0,MEDIUM_IMPLEMENTED_NAME_PRESENT,https://gameconductor.com/dqrivals/c/d/1436
card_1ff5c427,立ち塞がるドラゴン,5,ユニット,盗賊,ドラゴン,True,におうだち、超貫通、召喚時：カードを2枚引いた後自分の手札から2枚選んで捨てる。死亡時：相手の手札にコスト2の王女の愛を1枚加える,召喚時|死亡時|コスト,4,keyword,3,MEDIUM_IMPLEMENTED_NAME_PRESENT,https://gameconductor.com/dqrivals/c/d/1438
card_5f8af18a,強欲なミミック,3,ユニット,盗賊,なし,True,召喚時：GET(1)、BET:攻撃力+1、死亡時:このユニットの攻撃力が4以上ならレジェンドレアカードを手札に1枚加える,召喚時|死亡時|BET|GET,2,bet_engine+get_engine,4,MEDIUM_IMPLEMENTED_NAME_PRESENT,https://gameconductor.com/dqrivals/c/d/1453
card_a1ebcdb5,デルカダール地下水路,1,建物,盗賊,,True,ダンジョン(耐久値8で踏破)、味方が攻撃した後 耐久値+1、踏破時:カードを3枚引く,攻撃した後|味方が,1,,0,MEDIUM_IMPLEMENTED_NAME_PRESENT,https://gameconductor.com/dqrivals/c/d/1551
card_1d03f208,女盗賊ゲルダ,3,ユニット,盗賊,冒険者,True,ステルス、このユニットが攻撃した後カードを1枚引き手札を1枚選んで捨てる。レジェンドレアカードを捨てた場合 次の相手のターン中戦闘ダメージを受けない,攻撃した後|このユニットが|ダメージ,1,basic_keyword_generic,0,LOW_NO_EFFECT_OR_BASIC,https://gameconductor.com/dqrivals/c/d/1552
card_885702ea,スノーム,2,ユニット,盗賊,スライム,True,ステルス、召喚時：スノームを1体出す,召喚時,6,keyword,1,MEDIUM_IMPLEMENTED_NAME_PRESENT,https://gameconductor.com/dqrivals/c/d/1553
card_87426e8e,ブラッドナイフ,3,武器,盗賊,,True,反撃ダメージ-1、この武器の攻撃で敵ユニットを攻撃した後この武器の攻撃力+1,攻撃した後|ダメージ,6,,0,MEDIUM_IMPLEMENTED_NAME_PRESENT,https://gameconductor.com/dqrivals/c/d/1554
card_041183dc,スラッピー,4,ユニット,盗賊,スライム,True,召喚時:ダメージを受けている敵ユニットがいるなら速攻と「このターン中敵リーダーを攻撃できない」を得る,召喚時|ダメージ,2,keyword,2,MEDIUM_IMPLEMENTED_NAME_PRESENT,https://gameconductor.com/dqrivals/c/d/1555
card_ac2072b1,スライムボーグ,4,ユニット,盗賊,スライム,True,召喚時&手札から捨てた時:相手の職業の特技カードをランダムに1枚手札に加える,召喚時|手札から捨てた時|手札に加える|ランダム,3,,4,MEDIUM_IMPLEMENTED_NAME_PRESENT,https://gameconductor.com/dqrivals/c/d/1556
card_02be61bd,セイレーンゴースト,5,ユニット,盗賊,なし,True,ステルス、召喚時&攻撃時:ステルス 2/1のゴーストを1体出す,召喚時|攻撃時,2,keyword,2,MEDIUM_IMPLEMENTED_NAME_PRESENT,https://gameconductor.com/dqrivals/c/d/1557
card_97d4fedd,さんぞくのカシラ,8,ユニット,盗賊,なし,True,召喚時:このユニットは消滅しさんぞく兵、さんぞくマージ、さんぞく、エテポンゲを出しそれらにさくせんを出す,召喚時|消滅,2,,2,MEDIUM_IMPLEMENTED_NAME_PRESENT,https://gameconductor.com/dqrivals/c/d/1558
card_ad45046f,薔薇子ジャックポッター,6,ユニット,盗賊,なし,True,召喚時：手札を2枚捨てる。そうした場合ランダムなレジェンドレアカード0〜4枚を以下の確率で手札に加える。0〜4枚 各20%,召喚時|手札に加える|ランダム,1,,2,MEDIUM_IMPLEMENTED_NAME_PRESENT,https://gameconductor.com/dqrivals/c/d/1559
card_08036d2c,おたからさがし,7,特技,盗賊,,True,ランダムなレジェンドレアカード3枚を手札に加える。そのカードのコスト-2,手札に加える|コスト|ランダム,2,,2,MEDIUM_IMPLEMENTED_NAME_PRESENT,https://gameconductor.com/dqrivals/c/d/1560
card_c8b09830,妖精サンディ,1,ユニット,盗賊,冒険者,True,ステルス、手札から捨てた時:妖精サンディを場に出す。死亡時：ランダムな味方のダンジョン１つを耐久値+1し「踏破時:妖精サンディ1枚を手札に加える」を付与する,死亡時|手札から捨てた時|手札に加える|場に出す|ランダム,12,keyword,4,MEDIUM_IMPLEMENTED_NAME_PRESENT,https://gameconductor.com/dqrivals/c/d/1575
card_7db6baa1,ドンホセ,4,ユニット,盗賊,なし,True,召喚時：相手の職業のランダムなレジェンドレアカード3枚から1枚選び手札に加える。死亡時:手札にある自分のデッキに入っていなかったユニットカードを+1/+1,召喚時|死亡時|手札に加える|ランダム,4,,4,MEDIUM_IMPLEMENTED_NAME_PRESENT,https://gameconductor.com/dqrivals/c/d/1576
card_6b52ddbd,しゃくねつのツメ,4,武器,武闘家,,True,召喚時:GET(1)、BET:全てのユニットにこの武器の耐久力と同じダメージを与える。この武器を破壊する,召喚時|BET|GET|ダメージ,0,bet_engine+get_engine,4,MEDIUM_GENERIC_ENGINE_ONLY,
card_0ba93ecf,サラマンダー,8,ユニット,僧侶,ドラゴン,False,超貫通,,7,basic_keyword_generic,0,LOW_NO_EFFECT_OR_BASIC,
token_orgodemira_2,オルゴ・デミーラ：第2形態,5,ユニット,共通,魔王,False,2回攻撃 死亡時：オルゴ・デミーラは第3形態に変身して自分の手札に加わる,死亡時|変身,1,,2,MEDIUM_IMPLEMENTED_NAME_PRESENT,https://gameconductor.com/dqrivals/c/d/681
token_orgodemira_3,オルゴ・デミーラ：第3形態,6,ユニット,共通,魔王,False,召喚時：このユニットを除く全てのユニットに2ダメージ。死亡時：オルゴ・デミーラは第4形態に変身した自分の手札に加わる,召喚時|死亡時|変身|ダメージ,3,,4,MEDIUM_IMPLEMENTED_NAME_PRESENT,https://gameconductor.com/dqrivals/c/d/682
token_strawberry_bomb,イチゴ爆弾,1,ユニット,,なし,False,攻撃できない。 死亡時：隣接するユニットに2ダメージを与える。,死亡時|ダメージ,11,,1,MEDIUM_IMPLEMENTED_NAME_PRESENT,
custom_5490b4c56b,イル＆ルカ,1,ヒーロー,共通,英雄,True,イル＆ルカのヒーロースキルが使えるようになる。このカードは最初の手札に必ず来る。,,8,,0,MEDIUM_IMPLEMENTED_NAME_PRESENT,
custom_a5158f4bd7,託されしたまご,0,ヒーロースキル,共通,英雄,False,味方の場にいる系統を持つユニット1体を選ぶ。選んだ系統のたまご1枚を手札に加える。たまごは使用できず、2ターン後に同じ系統のランダムなユニットカードに変身し+1/+1を得る。,手札に加える|変身|ランダム,9,,2,MEDIUM_IMPLEMENTED_NAME_PRESENT,
custom_f326548c7a,マスターへの道のり,1,ヒーロースキル,共通,英雄,False,「託されしたまご」で選んだ系統を持つ味方ユニット1体を選び、さくせんを1回出す。このヒーロースキルのコスト-1。,コスト,5,,1,MEDIUM_IMPLEMENTED_NAME_PRESENT,
custom_228db76c25,モンスターとの絆,2,ヒーロースキル,共通,英雄,False,選んだ系統について、攻撃力+1のパワフルバッジ、HP+1のパワフルバッジ、手札の現在コスト5以上の同系統ユニットカードのコスト-1から1つ選ぶ。ヒーロースキルが「めぐりあう仲間たち」になる。,パワフルバッジ|コスト,12,badge_engine,2,MEDIUM_IMPLEMENTED_NAME_PRESENT,
custom_e12a058bf2,めぐりあう仲間たち,1,ヒーロースキル,共通,英雄,False,自分の山札から「託されしたまご」で選んだ系統のユニットカードをランダムに1枚手札に加える。ヒーロースキルが「モンスターとの絆」になる。,手札に加える|ランダム,7,,2,MEDIUM_IMPLEMENTED_NAME_PRESENT,
custom_4a95b07c8d,スライム系のたまご,0,特技,共通,,False,使用不可。2ターン後、スライム系のランダムなユニットカードに変身し+1/+1を得る。,変身|ランダム,0,,2,HIGH_COMPLEX_NO_EXPLICIT_NAME,
custom_8125acac2c,ゾンビ系のたまご,0,特技,共通,,False,使用不可。2ターン後、ゾンビ系のランダムなユニットカードに変身し+1/+1を得る。,変身|ランダム,0,,2,HIGH_COMPLEX_NO_EXPLICIT_NAME,
custom_79eef9a433,ドラゴン系のたまご,0,特技,共通,,False,使用不可。2ターン後、ドラゴン系のランダムなユニットカードに変身し+1/+1を得る。,変身|ランダム,0,,2,HIGH_COMPLEX_NO_EXPLICIT_NAME,
custom_474cae76de,魔王系のたまご,0,特技,共通,,False,使用不可。2ターン後、魔王系のランダムなユニットカードに変身し+1/+1を得る。,変身|ランダム,0,,2,HIGH_COMPLEX_NO_EXPLICIT_NAME,
custom_8dfffcaa00,英雄系のたまご,0,特技,共通,,False,使用不可。2ターン後、英雄系のランダムなユニットカードに変身し+1/+1を得る。,変身|ランダム,0,,2,HIGH_COMPLEX_NO_EXPLICIT_NAME,
custom_797d7b525a,系統のたまご,0,特技,共通,,False,使用不可。2ターン後、選んだ系統のランダムなユニットカードに変身し+1/+1を得る。,変身|ランダム,2,,2,MEDIUM_IMPLEMENTED_NAME_PRESENT,
custom_1efdebd2b5,とさかヘビ,2,ユニット,共通,ドラゴン,True,召喚時：自分のデッキの上からカード4枚を見る。ドラゴン系のカードを1枚選びそれを引く。残りをデッキの下に戻す。,召喚時,2,,2,MEDIUM_IMPLEMENTED_NAME_PRESENT,
custom_22277e5d89,リザードキッズ,2,ユニット,共通,ドラゴン,True,攻撃時：このターン中攻撃力-3。,攻撃時,6,,2,MEDIUM_IMPLEMENTED_NAME_PRESENT,
custom_292212dee7,氷竜への祈り,3,特技,魔法使い,,True,選択：・せつげんりゅう1枚を手札に加える ・全ての敵に1ダメージ,選択|手札に加える|ダメージ,5,choice_engine,2,MEDIUM_IMPLEMENTED_NAME_PRESENT,
custom_3ee12a22d6,サウルスロード,3,ユニット,共通,ドラゴン,True,選択：・特技ダメージ+1を得る ・武器ダメージ+1を得る,選択|ダメージ,7,choice_engine,2,MEDIUM_IMPLEMENTED_NAME_PRESENT,
custom_7db1e7c61f,ギガントドラゴン,4,ユニット,共通,ドラゴン,True,召喚時：敵の前列か後列を選び、縦一列の全ての敵ユニットに1ダメージ。味方の場か手札に攻撃力4以上の自身を除いたドラゴン系ユニットがいるなら、代わりに2ダメージ。,召喚時|ダメージ,5,,2,MEDIUM_IMPLEMENTED_NAME_PRESENT,
custom_d90d4debfe,ガメゴンロード,5,ユニット,共通,ドラゴン,True,におうだち。召喚時：自分の場か手札に攻撃力4以上の他のドラゴン系がいるなら特技：メラミを1枚手札に加える。,召喚時|手札に加える,5,keyword,2,MEDIUM_IMPLEMENTED_NAME_PRESENT,
custom_5ad73558d3,ドラゴンプッシュ,2,特技,魔法使い,,False,旧仮登録名。正式名称はドラゴンブッシュ。,,1,,0,MEDIUM_IMPLEMENTED_NAME_PRESENT,
custom_b629a17668,せつげんりゅう,3,ユニット,共通,ドラゴン,False,召喚時：正面にいる全ての敵ユニットに2ダメージ。,召喚時|ダメージ,6,,2,MEDIUM_IMPLEMENTED_NAME_PRESENT,
custom_c3c8d551ea,ドラゴンブッシュ,6,ユニット,共通,ドラゴン,True,特技ダメージ+1。召喚時：自分の場か手札に攻撃力4以上の他のドラゴン系がいるなら特技ダメージ+1を得る。,召喚時|ダメージ,10,,2,MEDIUM_IMPLEMENTED_NAME_PRESENT,
virtual_iburu_no_hon_v204,イブールの本,0,特技,共通,,False,味方リーダーに2ダメージ。敵リーダーのHPを2回復。カードを1枚引く。,カードを1枚引く|ダメージ|回復,9,,0,MEDIUM_IMPLEMENTED_NAME_PRESENT,
virtual_hot_stone_v206,ホットストーン,2,特技,共通,,False,指定の味方マスに貫通・におうだち 3/4の最後の希望メルビンを1体出す。カードを1枚引く。,カードを1枚引く,12,keyword,0,MEDIUM_IMPLEMENTED_NAME_PRESENT,
virtual_last_hope_melvin_v206,最後の希望メルビン,3,ユニット,戦士,冒険者,False,貫通、におうだち,,6,basic_keyword_generic,0,LOW_NO_EFFECT_OR_BASIC,
virtual_il_luca_冒険者_egg_v210,冒険者系のたまご,0,特技,共通,,False,使用不可。2ターン後、冒険者系のランダムなユニットカードに変身し+1/+1を得る。,変身|ランダム,0,,2,HIGH_COMPLEX_NO_EXPLICIT_NAME,
