id,name,cost,cardType,classes,tribes,deckBuildable,text,triggers,appNameOccurrences,genericCoverage,complexScore,risk,officialUrl,v250Status,v250Note,v252Status,v252Note,v253Status,v253Note,v254Status,v254Note,v255Status,v255Note,v256Status,v256Note
card_a7a6eabe,メラゴースト,1,ユニット,共通,なし,True,召喚時：1ダメージを与える,召喚時|ダメージ,0,,1,HIGH_NO_NAME_NO_GENERIC,https://gameconductor.com/dqrivals/c/d/3,IMPLEMENTED_V250,v250個別実装: 召喚時、敵ユニット/敵リーダーへ1ダメージ対象選択。,IMPLEMENTED_V250,v250個別実装: 召喚時、敵ユニット/敵リーダーへ1ダメージ対象選択。,IMPLEMENTED_V250,v250個別実装: 召喚時、敵ユニット/敵リーダーへ1ダメージ対象選択。,IMPLEMENTED_V250,v250個別実装: 召喚時、敵ユニット/敵リーダーへ1ダメージ対象選択。,IMPLEMENTED_V250,v250個別実装: 召喚時、敵ユニット/敵リーダーへ1ダメージ対象選択。,IMPLEMENTED_V250,v250個別実装: 召喚時、敵ユニット/敵リーダーへ1ダメージ対象選択。
card_d8e3589a,バブルスライム,1,ユニット,共通,スライム,True,ダメージを与えたユニットを毒にする,毒|ダメージ,0,,0,HIGH_NO_NAME_NO_GENERIC,https://gameconductor.com/dqrivals/c/d/32,IMPLEMENTED_V250,v250個別実装: ダメージを与えたユニットを毒にするフラグ付与。,IMPLEMENTED_V250,v250個別実装: ダメージを与えたユニットを毒にするフラグ付与。,IMPLEMENTED_V250,v250個別実装: ダメージを与えたユニットを毒にするフラグ付与。,IMPLEMENTED_V250,v250個別実装: ダメージを与えたユニットを毒にするフラグ付与。,IMPLEMENTED_V250,v250個別実装: ダメージを与えたユニットを毒にするフラグ付与。,IMPLEMENTED_V250,v250個別実装: ダメージを与えたユニットを毒にするフラグ付与。
card_c762fb53,いたずらもぐら,1,ユニット,共通,なし,True,テンションリンク： 攻撃力+1,テンションリンク,0,,1,HIGH_NO_NAME_NO_GENERIC,https://gameconductor.com/dqrivals/c/d/33,EXISTING_GENERIC_OK_V250,既存汎用確認: テンションリンク+攻撃力+1は triggerTensionLinks の汎用処理で処理。,EXISTING_GENERIC_OK_V250,既存汎用確認: テンションリンク+攻撃力+1は triggerTensionLinks の汎用処理で処理。,EXISTING_GENERIC_OK_V250,既存汎用確認: テンションリンク+攻撃力+1は triggerTensionLinks の汎用処理で処理。,EXISTING_GENERIC_OK_V250,既存汎用確認: テンションリンク+攻撃力+1は triggerTensionLinks の汎用処理で処理。,EXISTING_GENERIC_OK_V250,既存汎用確認: テンションリンク+攻撃力+1は triggerTensionLinks の汎用処理で処理。,EXISTING_GENERIC_OK_V250,既存汎用確認: テンションリンク+攻撃力+1は triggerTensionLinks の汎用処理で処理。
card_1322ef2c,おばけキャンドル,1,ユニット,共通,なし,True,死亡時：ランダムな敵1体に1ダメージ,死亡時|ダメージ|ランダム,0,,2,HIGH_COMPLEX_NO_EXPLICIT_NAME,https://gameconductor.com/dqrivals/c/d/35,EXISTING_GENERIC_OK_V250,既存汎用確認: 死亡時ランダムな敵1体に1ダメージは applyTextMiniEffect のランダム敵処理で処理。,EXISTING_GENERIC_OK_V250,既存汎用確認: 死亡時ランダムな敵1体に1ダメージは applyTextMiniEffect のランダム敵処理で処理。,EXISTING_GENERIC_OK_V250,既存汎用確認: 死亡時ランダムな敵1体に1ダメージは applyTextMiniEffect のランダム敵処理で処理。,EXISTING_GENERIC_OK_V250,既存汎用確認: 死亡時ランダムな敵1体に1ダメージは applyTextMiniEffect のランダム敵処理で処理。,EXISTING_GENERIC_OK_V250,既存汎用確認: 死亡時ランダムな敵1体に1ダメージは applyTextMiniEffect のランダム敵処理で処理。,EXISTING_GENERIC_OK_V250,既存汎用確認: 死亡時ランダムな敵1体に1ダメージは applyTextMiniEffect のランダム敵処理で処理。
card_dd2f4cdc,おばけヒトデ,1,ユニット,共通,なし,True,死亡時：ランダムな味方ユニット1体の攻撃力+2,死亡時|ランダム,0,,2,HIGH_COMPLEX_NO_EXPLICIT_NAME,https://gameconductor.com/dqrivals/c/d/37,EXISTING_GENERIC_OK_V250,既存汎用確認: 死亡時ランダム味方ユニット攻撃力+2は applyTextMiniEffect のランダム味方強化で処理。,EXISTING_GENERIC_OK_V250,既存汎用確認: 死亡時ランダム味方ユニット攻撃力+2は applyTextMiniEffect のランダム味方強化で処理。,EXISTING_GENERIC_OK_V250,既存汎用確認: 死亡時ランダム味方ユニット攻撃力+2は applyTextMiniEffect のランダム味方強化で処理。,EXISTING_GENERIC_OK_V250,既存汎用確認: 死亡時ランダム味方ユニット攻撃力+2は applyTextMiniEffect のランダム味方強化で処理。,EXISTING_GENERIC_OK_V250,既存汎用確認: 死亡時ランダム味方ユニット攻撃力+2は applyTextMiniEffect のランダム味方強化で処理。,EXISTING_GENERIC_OK_V250,既存汎用確認: 死亡時ランダム味方ユニット攻撃力+2は applyTextMiniEffect のランダム味方強化で処理。
card_4d7fa9dd,おおくちばし,1,ユニット,共通,なし,True,召喚時：後列にいるユニット1体に1ダメージ,召喚時|ダメージ,0,,1,HIGH_NO_NAME_NO_GENERIC,https://gameconductor.com/dqrivals/c/d/38,IMPLEMENTED_V250,v250個別実装: 召喚時、後列ユニット1体に1ダメージ。,IMPLEMENTED_V250,v250個別実装: 召喚時、後列ユニット1体に1ダメージ。,IMPLEMENTED_V250,v250個別実装: 召喚時、後列ユニット1体に1ダメージ。,IMPLEMENTED_V250,v250個別実装: 召喚時、後列ユニット1体に1ダメージ。,IMPLEMENTED_V250,v250個別実装: 召喚時、後列ユニット1体に1ダメージ。,IMPLEMENTED_V250,v250個別実装: 召喚時、後列ユニット1体に1ダメージ。
card_521e84df,ゆめにゅうどう,1,ユニット,共通,なし,True,召喚時：後列にいるユニット1体を前列に移動させる,召喚時,0,,1,HIGH_NO_NAME_NO_GENERIC,https://gameconductor.com/dqrivals/c/d/39,IMPLEMENTED_V250,v250個別実装: 召喚時、後列ユニット1体を空いている前列へ移動。,IMPLEMENTED_V250,v250個別実装: 召喚時、後列ユニット1体を空いている前列へ移動。,IMPLEMENTED_V250,v250個別実装: 召喚時、後列ユニット1体を空いている前列へ移動。,IMPLEMENTED_V250,v250個別実装: 召喚時、後列ユニット1体を空いている前列へ移動。,IMPLEMENTED_V250,v250個別実装: 召喚時、後列ユニット1体を空いている前列へ移動。,IMPLEMENTED_V250,v250個別実装: 召喚時、後列ユニット1体を空いている前列へ移動。
card_95f69f39,オニオーン,1,ユニット,共通,なし,True,テンションリンク：味方リーダーのHPを1回復,テンションリンク|回復,0,,1,HIGH_NO_NAME_NO_GENERIC,https://gameconductor.com/dqrivals/c/d/41,EXISTING_GENERIC_OK_V250,既存汎用確認: テンションリンク味方リーダーHP1回復は triggerTensionLinks の回復汎用処理で処理。,EXISTING_GENERIC_OK_V250,既存汎用確認: テンションリンク味方リーダーHP1回復は triggerTensionLinks の回復汎用処理で処理。,EXISTING_GENERIC_OK_V250,既存汎用確認: テンションリンク味方リーダーHP1回復は triggerTensionLinks の回復汎用処理で処理。,EXISTING_GENERIC_OK_V250,既存汎用確認: テンションリンク味方リーダーHP1回復は triggerTensionLinks の回復汎用処理で処理。,EXISTING_GENERIC_OK_V250,既存汎用確認: テンションリンク味方リーダーHP1回復は triggerTensionLinks の回復汎用処理で処理。,EXISTING_GENERIC_OK_V250,既存汎用確認: テンションリンク味方リーダーHP1回復は triggerTensionLinks の回復汎用処理で処理。
card_8df130e3,ブラックルーン,7,ユニット,共通,なし,True,特技ダメージ+2,ダメージ,0,,1,HIGH_NO_NAME_NO_GENERIC,https://gameconductor.com/dqrivals/c/d/88,EXISTING_GENERIC_OK_V250,既存汎用確認: 特技ダメージ+2は getSpellDamageBonus の本文正規表現で反映。二重加算しないよう個別加算は入れていない。,EXISTING_GENERIC_OK_V250,既存汎用確認: 特技ダメージ+2は getSpellDamageBonus の本文正規表現で反映。二重加算しないよう個別加算は入れていない。,EXISTING_GENERIC_OK_V250,既存汎用確認: 特技ダメージ+2は getSpellDamageBonus の本文正規表現で反映。二重加算しないよう個別加算は入れていない。,EXISTING_GENERIC_OK_V250,既存汎用確認: 特技ダメージ+2は getSpellDamageBonus の本文正規表現で反映。二重加算しないよう個別加算は入れていない。,EXISTING_GENERIC_OK_V250,既存汎用確認: 特技ダメージ+2は getSpellDamageBonus の本文正規表現で反映。二重加算しないよう個別加算は入れていない。,EXISTING_GENERIC_OK_V250,既存汎用確認: 特技ダメージ+2は getSpellDamageBonus の本文正規表現で反映。二重加算しないよう個別加算は入れていない。
card_1fab9780,ねこまどう,1,ユニット,共通,なし,True,自分のターン終了時ランダムな敵1体に1ダメージ,自分のターン終了時|ダメージ|ランダム,0,,1,HIGH_COMPLEX_NO_EXPLICIT_NAME,https://gameconductor.com/dqrivals/c/d/89,IMPLEMENTED_V250,v250個別実装: 自分のターン終了時、ランダムな敵1体に1ダメージ。,IMPLEMENTED_V250,v250個別実装: 自分のターン終了時、ランダムな敵1体に1ダメージ。,IMPLEMENTED_V250,v250個別実装: 自分のターン終了時、ランダムな敵1体に1ダメージ。,IMPLEMENTED_V250,v250個別実装: 自分のターン終了時、ランダムな敵1体に1ダメージ。,IMPLEMENTED_V250,v250個別実装: 自分のターン終了時、ランダムな敵1体に1ダメージ。,IMPLEMENTED_V250,v250個別実装: 自分のターン終了時、ランダムな敵1体に1ダメージ。
card_bbedc445,リリパット,1,ユニット,共通,なし,True,後列から攻撃する場合敵ユニットから反撃を受けない。,,0,,0,HIGH_NO_NAME_NO_GENERIC,https://gameconductor.com/dqrivals/c/d/90,IMPLEMENTED_V250,v250個別実装: 後列から攻撃する場合、反撃を受けない。,IMPLEMENTED_V250,v250個別実装: 後列から攻撃する場合、反撃を受けない。,IMPLEMENTED_V250,v250個別実装: 後列から攻撃する場合、反撃を受けない。,IMPLEMENTED_V250,v250個別実装: 後列から攻撃する場合、反撃を受けない。,IMPLEMENTED_V250,v250個別実装: 後列から攻撃する場合、反撃を受けない。,IMPLEMENTED_V250,v250個別実装: 後列から攻撃する場合、反撃を受けない。
card_71a4559c,プチアーノン,1,ユニット,共通,なし,True,攻撃時：攻撃力+1,攻撃時,0,,1,HIGH_NO_NAME_NO_GENERIC,https://gameconductor.com/dqrivals/c/d/91,IMPLEMENTED_V250,v250個別実装: 攻撃時、攻撃力+1。,IMPLEMENTED_V250,v250個別実装: 攻撃時、攻撃力+1。,IMPLEMENTED_V250,v250個別実装: 攻撃時、攻撃力+1。,IMPLEMENTED_V250,v250個別実装: 攻撃時、攻撃力+1。,IMPLEMENTED_V250,v250個別実装: 攻撃時、攻撃力+1。,IMPLEMENTED_V250,v250個別実装: 攻撃時、攻撃力+1。
card_205cdb83,あばれこまいぬ,1,ユニット,共通,なし,True,召喚時：カードを1枚捨てる,召喚時,0,,1,HIGH_NO_NAME_NO_GENERIC,https://gameconductor.com/dqrivals/c/d/92,IMPLEMENTED_V250,v250個別実装: 召喚時、自分の手札をランダムに1枚捨てる。,IMPLEMENTED_V250,v250個別実装: 召喚時、自分の手札をランダムに1枚捨てる。,IMPLEMENTED_V250,v250個別実装: 召喚時、自分の手札をランダムに1枚捨てる。,IMPLEMENTED_V250,v250個別実装: 召喚時、自分の手札をランダムに1枚捨てる。,IMPLEMENTED_V250,v250個別実装: 召喚時、自分の手札をランダムに1枚捨てる。,IMPLEMENTED_V250,v250個別実装: 召喚時、自分の手札をランダムに1枚捨てる。
card_761099e5,バロンナイト,6,ユニット,共通,なし,True,同じ縦1列にいる他のユニットを+1/+1,,0,,0,HIGH_NO_NAME_NO_GENERIC,https://gameconductor.com/dqrivals/c/d/127,IMPLEMENTED_V250,v250個別実装: 同じ縦1列の他ユニットに継続+1/+1。,IMPLEMENTED_V250,v250個別実装: 同じ縦1列の他ユニットに継続+1/+1。,IMPLEMENTED_V250,v250個別実装: 同じ縦1列の他ユニットに継続+1/+1。,IMPLEMENTED_V250,v250個別実装: 同じ縦1列の他ユニットに継続+1/+1。,IMPLEMENTED_V250,v250個別実装: 同じ縦1列の他ユニットに継続+1/+1。,IMPLEMENTED_V250,v250個別実装: 同じ縦1列の他ユニットに継続+1/+1。
card_4354b98d,ブラックチャック,6,ユニット,共通,なし,True,味方リーダーのテンション分必要なコストが下がる,コスト,0,,1,HIGH_NO_NAME_NO_GENERIC,https://gameconductor.com/dqrivals/c/d/128,IMPLEMENTED_V250,v250個別実装: 手札コストを味方リーダーのテンション分軽減。,IMPLEMENTED_V250,v250個別実装: 手札コストを味方リーダーのテンション分軽減。,IMPLEMENTED_V250,v250個別実装: 手札コストを味方リーダーのテンション分軽減。,IMPLEMENTED_V250,v250個別実装: 手札コストを味方リーダーのテンション分軽減。,IMPLEMENTED_V250,v250個別実装: 手札コストを味方リーダーのテンション分軽減。,IMPLEMENTED_V250,v250個別実装: 手札コストを味方リーダーのテンション分軽減。
card_071c8ce4,ヘルゴースト,6,ユニット,共通,ゾンビ,True,後列から攻撃する場合敵ユニットから反撃を受けない,,0,,0,HIGH_NO_NAME_NO_GENERIC,https://gameconductor.com/dqrivals/c/d/129,IMPLEMENTED_V250,v250個別実装: 後列から攻撃する場合、反撃を受けない。,IMPLEMENTED_V250,v250個別実装: 後列から攻撃する場合、反撃を受けない。,IMPLEMENTED_V250,v250個別実装: 後列から攻撃する場合、反撃を受けない。,IMPLEMENTED_V250,v250個別実装: 後列から攻撃する場合、反撃を受けない。,IMPLEMENTED_V250,v250個別実装: 後列から攻撃する場合、反撃を受けない。,IMPLEMENTED_V250,v250個別実装: 後列から攻撃する場合、反撃を受けない。
card_8878b609,バーサーカー,6,ユニット,共通,なし,True,前列の中央にいる場合攻撃力+7,,0,,0,HIGH_NO_NAME_NO_GENERIC,https://gameconductor.com/dqrivals/c/d/131,IMPLEMENTED_V250,v250個別実装: 前列中央にいる場合、継続で攻撃力+7。,IMPLEMENTED_V250,v250個別実装: 前列中央にいる場合、継続で攻撃力+7。,IMPLEMENTED_V250,v250個別実装: 前列中央にいる場合、継続で攻撃力+7。,IMPLEMENTED_V250,v250個別実装: 前列中央にいる場合、継続で攻撃力+7。,IMPLEMENTED_V250,v250個別実装: 前列中央にいる場合、継続で攻撃力+7。,IMPLEMENTED_V250,v250個別実装: 前列中央にいる場合、継続で攻撃力+7。
card_f15d10ad,じごくのつかい,6,ユニット,共通,なし,True,自分のターン終了時ランダムな敵1体に3ダメージ,自分のターン終了時|ダメージ|ランダム,0,,1,HIGH_COMPLEX_NO_EXPLICIT_NAME,https://gameconductor.com/dqrivals/c/d/138,IMPLEMENTED_V250,v250個別実装: 自分のターン終了時、ランダムな敵1体に3ダメージ。,IMPLEMENTED_V250,v250個別実装: 自分のターン終了時、ランダムな敵1体に3ダメージ。,IMPLEMENTED_V250,v250個別実装: 自分のターン終了時、ランダムな敵1体に3ダメージ。,IMPLEMENTED_V250,v250個別実装: 自分のターン終了時、ランダムな敵1体に3ダメージ。,IMPLEMENTED_V250,v250個別実装: 自分のターン終了時、ランダムな敵1体に3ダメージ。,IMPLEMENTED_V250,v250個別実装: 自分のターン終了時、ランダムな敵1体に3ダメージ。
card_888c9f47,トロルキング,7,ユニット,共通,なし,True,すべてのユニットは受けるダメージが2倍になる。,ダメージ,0,,0,HIGH_NO_NAME_NO_GENERIC,https://gameconductor.com/dqrivals/c/d/141,IMPLEMENTED_OR_CONFIRMED_V251,v251個別実装: 場にいる間、全ユニットが受けるダメージを2倍化。公式DB URLつきキューから確認。,IMPLEMENTED_OR_CONFIRMED_V251,v251個別実装: 場にいる間、全ユニットが受けるダメージを2倍化。公式DB URLつきキューから確認。,IMPLEMENTED_OR_CONFIRMED_V251,v251個別実装: 場にいる間、全ユニットが受けるダメージを2倍化。公式DB URLつきキューから確認。,IMPLEMENTED_OR_CONFIRMED_V251,v251個別実装: 場にいる間、全ユニットが受けるダメージを2倍化。公式DB URLつきキューから確認。,IMPLEMENTED_OR_CONFIRMED_V251,v251個別実装: 場にいる間、全ユニットが受けるダメージを2倍化。公式DB URLつきキューから確認。,IMPLEMENTED_OR_CONFIRMED_V251,v251個別実装: 場にいる間、全ユニットが受けるダメージを2倍化。公式DB URLつきキューから確認。
card_d9eaae6c,バラモスゾンビ,9,ユニット,共通,ゾンビ,True,対戦中に死亡したゾンビ系の味方ユニットの数だけ攻撃力が上がる。,,0,,0,HIGH_NO_NAME_NO_GENERIC,https://gameconductor.com/dqrivals/c/d/143,IMPLEMENTED_V250,v250個別実装: 召喚時、対戦中に死亡した味方ゾンビ系数だけ攻撃力上昇。,IMPLEMENTED_V250,v250個別実装: 召喚時、対戦中に死亡した味方ゾンビ系数だけ攻撃力上昇。,IMPLEMENTED_V250,v250個別実装: 召喚時、対戦中に死亡した味方ゾンビ系数だけ攻撃力上昇。,IMPLEMENTED_V250,v250個別実装: 召喚時、対戦中に死亡した味方ゾンビ系数だけ攻撃力上昇。,IMPLEMENTED_V250,v250個別実装: 召喚時、対戦中に死亡した味方ゾンビ系数だけ攻撃力上昇。,IMPLEMENTED_V250,v250個別実装: 召喚時、対戦中に死亡した味方ゾンビ系数だけ攻撃力上昇。
card_22190279,シドー,9,ユニット,共通,魔王,True,召喚時：このユニットを除く全てのユニットに4ダメージ,召喚時|ダメージ,0,,2,HIGH_NO_NAME_NO_GENERIC,https://gameconductor.com/dqrivals/c/d/162,IMPLEMENTED_OR_CONFIRMED_V251,v251個別実装: 召喚時、このユニットを除く全てのユニットに4ダメージ。,IMPLEMENTED_OR_CONFIRMED_V251,v251個別実装: 召喚時、このユニットを除く全てのユニットに4ダメージ。,IMPLEMENTED_OR_CONFIRMED_V251,v251個別実装: 召喚時、このユニットを除く全てのユニットに4ダメージ。,IMPLEMENTED_OR_CONFIRMED_V251,v251個別実装: 召喚時、このユニットを除く全てのユニットに4ダメージ。,IMPLEMENTED_OR_CONFIRMED_V251,v251個別実装: 召喚時、このユニットを除く全てのユニットに4ダメージ。,IMPLEMENTED_OR_CONFIRMED_V251,v251個別実装: 召喚時、このユニットを除く全てのユニットに4ダメージ。
card_76df765d,くみひもこぞう,1,ユニット,共通,なし,True,スキルブースト：攻撃力+1,,0,,0,HIGH_NO_NAME_NO_GENERIC,https://gameconductor.com/dqrivals/c/d/388,IMPLEMENTED_OR_CONFIRMED_V251,v251個別実装: スキルブースト分、攻撃力+1を常在補正で反映。,IMPLEMENTED_OR_CONFIRMED_V251,v251個別実装: スキルブースト分、攻撃力+1を常在補正で反映。,IMPLEMENTED_OR_CONFIRMED_V251,v251個別実装: スキルブースト分、攻撃力+1を常在補正で反映。,IMPLEMENTED_OR_CONFIRMED_V251,v251個別実装: スキルブースト分、攻撃力+1を常在補正で反映。,IMPLEMENTED_OR_CONFIRMED_V251,v251個別実装: スキルブースト分、攻撃力+1を常在補正で反映。,IMPLEMENTED_OR_CONFIRMED_V251,v251個別実装: スキルブースト分、攻撃力+1を常在補正で反映。
card_8b06f040,メガトンケイル,12,ユニット,共通,なし,True,スキルブースト：コスト-2,コスト,0,,1,HIGH_NO_NAME_NO_GENERIC,https://gameconductor.com/dqrivals/c/d/403,IMPLEMENTED_OR_CONFIRMED_V251,既存汎用確認: getEffectiveCost が「スキルブースト：コスト-2」を本文から処理。,IMPLEMENTED_OR_CONFIRMED_V251,既存汎用確認: getEffectiveCost が「スキルブースト：コスト-2」を本文から処理。,IMPLEMENTED_OR_CONFIRMED_V251,既存汎用確認: getEffectiveCost が「スキルブースト：コスト-2」を本文から処理。,IMPLEMENTED_OR_CONFIRMED_V251,既存汎用確認: getEffectiveCost が「スキルブースト：コスト-2」を本文から処理。,IMPLEMENTED_OR_CONFIRMED_V251,既存汎用確認: getEffectiveCost が「スキルブースト：コスト-2」を本文から処理。,IMPLEMENTED_OR_CONFIRMED_V251,既存汎用確認: getEffectiveCost が「スキルブースト：コスト-2」を本文から処理。
card_3b082637,モコッキー,1,ユニット,共通,なし,True,自分のターン終了時このユニットのHPを1回復,自分のターン終了時|回復,0,,0,HIGH_NO_NAME_NO_GENERIC,https://gameconductor.com/dqrivals/c/d/425,IMPLEMENTED_OR_CONFIRMED_V251,v251個別実装: 自分のターン終了時、自身のHPを1回復。,IMPLEMENTED_OR_CONFIRMED_V251,v251個別実装: 自分のターン終了時、自身のHPを1回復。,IMPLEMENTED_OR_CONFIRMED_V251,v251個別実装: 自分のターン終了時、自身のHPを1回復。,IMPLEMENTED_OR_CONFIRMED_V251,v251個別実装: 自分のターン終了時、自身のHPを1回復。,IMPLEMENTED_OR_CONFIRMED_V251,v251個別実装: 自分のターン終了時、自身のHPを1回復。,IMPLEMENTED_OR_CONFIRMED_V251,v251個別実装: 自分のターン終了時、自身のHPを1回復。
card_4114f12b,ニードルマン,1,ユニット,共通,なし,True,攻撃時：相手はカードを1枚引く,攻撃時|カードを1枚引く,0,,1,HIGH_NO_NAME_NO_GENERIC,https://gameconductor.com/dqrivals/c/d/473,IMPLEMENTED_OR_CONFIRMED_V251,v251個別実装: 攻撃時、相手がカードを1枚引く。,IMPLEMENTED_OR_CONFIRMED_V251,v251個別実装: 攻撃時、相手がカードを1枚引く。,IMPLEMENTED_OR_CONFIRMED_V251,v251個別実装: 攻撃時、相手がカードを1枚引く。,IMPLEMENTED_OR_CONFIRMED_V251,v251個別実装: 攻撃時、相手がカードを1枚引く。,IMPLEMENTED_OR_CONFIRMED_V251,v251個別実装: 攻撃時、相手がカードを1枚引く。,IMPLEMENTED_OR_CONFIRMED_V251,v251個別実装: 攻撃時、相手がカードを1枚引く。
card_a515a629,ビーンファイター,1,ユニット,共通,なし,True,死亡時:相手リーダーのテンション-1,死亡時,0,,1,HIGH_NO_NAME_NO_GENERIC,https://gameconductor.com/dqrivals/c/d/474,IMPLEMENTED_OR_CONFIRMED_V251,v251個別実装: 死亡時、相手リーダーのテンション-1。,IMPLEMENTED_OR_CONFIRMED_V251,v251個別実装: 死亡時、相手リーダーのテンション-1。,IMPLEMENTED_OR_CONFIRMED_V251,v251個別実装: 死亡時、相手リーダーのテンション-1。,IMPLEMENTED_OR_CONFIRMED_V251,v251個別実装: 死亡時、相手リーダーのテンション-1。,IMPLEMENTED_OR_CONFIRMED_V251,v251個別実装: 死亡時、相手リーダーのテンション-1。,IMPLEMENTED_OR_CONFIRMED_V251,v251個別実装: 死亡時、相手リーダーのテンション-1。
card_7cf29b7b,おおさそり,1,ユニット,共通,なし,True,召喚時:地形マスに召喚された場合+1/+2,召喚時,0,,1,HIGH_NO_NAME_NO_GENERIC,https://gameconductor.com/dqrivals/c/d/486,IMPLEMENTED_OR_CONFIRMED_V251,v251個別実装: 地形マス召喚時、+1/+2。,IMPLEMENTED_OR_CONFIRMED_V251,v251個別実装: 地形マス召喚時、+1/+2。,IMPLEMENTED_OR_CONFIRMED_V251,v251個別実装: 地形マス召喚時、+1/+2。,IMPLEMENTED_OR_CONFIRMED_V251,v251個別実装: 地形マス召喚時、+1/+2。,IMPLEMENTED_OR_CONFIRMED_V251,v251個別実装: 地形マス召喚時、+1/+2。,IMPLEMENTED_OR_CONFIRMED_V251,v251個別実装: 地形マス召喚時、+1/+2。
card_c21c039d,アントベア,1,ユニット,共通,なし,True,召喚時:味方リーダーのテンションを1消費する。 消費した後+1/+1を得る。,召喚時,0,,1,HIGH_NO_NAME_NO_GENERIC,https://gameconductor.com/dqrivals/c/d/487,IMPLEMENTED_OR_CONFIRMED_V251,v251個別実装: 召喚時、味方テンションを1消費できた場合+1/+1。,IMPLEMENTED_OR_CONFIRMED_V251,v251個別実装: 召喚時、味方テンションを1消費できた場合+1/+1。,IMPLEMENTED_OR_CONFIRMED_V251,v251個別実装: 召喚時、味方テンションを1消費できた場合+1/+1。,IMPLEMENTED_OR_CONFIRMED_V251,v251個別実装: 召喚時、味方テンションを1消費できた場合+1/+1。,IMPLEMENTED_OR_CONFIRMED_V251,v251個別実装: 召喚時、味方テンションを1消費できた場合+1/+1。,IMPLEMENTED_OR_CONFIRMED_V251,v251個別実装: 召喚時、味方テンションを1消費できた場合+1/+1。
card_c2b05edb,ヌボーン,1,ユニット,共通,なし,True,このユニットは攻撃できない,,0,,0,HIGH_NO_NAME_NO_GENERIC,https://gameconductor.com/dqrivals/c/d/507,IMPLEMENTED_OR_CONFIRMED_V251,v251個別実装: 攻撃不可を常在的に反映。,IMPLEMENTED_OR_CONFIRMED_V251,v251個別実装: 攻撃不可を常在的に反映。,IMPLEMENTED_OR_CONFIRMED_V251,v251個別実装: 攻撃不可を常在的に反映。,IMPLEMENTED_OR_CONFIRMED_V251,v251個別実装: 攻撃不可を常在的に反映。,IMPLEMENTED_OR_CONFIRMED_V251,v251個別実装: 攻撃不可を常在的に反映。,IMPLEMENTED_OR_CONFIRMED_V251,v251個別実装: 攻撃不可を常在的に反映。
card_768eea71,まかいじゅ,6,ユニット,共通,なし,True,自分のターン終了時このユニットのHPを2回復する。,自分のターン終了時|回復,0,,0,HIGH_NO_NAME_NO_GENERIC,https://gameconductor.com/dqrivals/c/d/514,IMPLEMENTED_OR_CONFIRMED_V251,v251個別実装: 自分のターン終了時、自身のHPを2回復。,IMPLEMENTED_OR_CONFIRMED_V251,v251個別実装: 自分のターン終了時、自身のHPを2回復。,IMPLEMENTED_OR_CONFIRMED_V251,v251個別実装: 自分のターン終了時、自身のHPを2回復。,IMPLEMENTED_OR_CONFIRMED_V251,v251個別実装: 自分のターン終了時、自身のHPを2回復。,IMPLEMENTED_OR_CONFIRMED_V251,v251個別実装: 自分のターン終了時、自身のHPを2回復。,IMPLEMENTED_OR_CONFIRMED_V251,v251個別実装: 自分のターン終了時、自身のHPを2回復。
card_ce996bc9,ファンキーバード,6,ユニット,共通,なし,True,おうえん、味方リーダーのテンションカードはコストが0になる。,コスト,0,,1,HIGH_NO_NAME_NO_GENERIC,https://gameconductor.com/dqrivals/c/d/544,IMPLEMENTED_OR_CONFIRMED_V251,v251個別実装: 場にいる間、テンションカードのコスト0を反映。,IMPLEMENTED_OR_CONFIRMED_V251,v251個別実装: 場にいる間、テンションカードのコスト0を反映。,IMPLEMENTED_OR_CONFIRMED_V251,v251個別実装: 場にいる間、テンションカードのコスト0を反映。,IMPLEMENTED_OR_CONFIRMED_V251,v251個別実装: 場にいる間、テンションカードのコスト0を反映。,IMPLEMENTED_OR_CONFIRMED_V251,v251個別実装: 場にいる間、テンションカードのコスト0を反映。,IMPLEMENTED_OR_CONFIRMED_V251,v251個別実装: 場にいる間、テンションカードのコスト0を反映。
card_f1e46eb7,やつざきアニマル,7,ユニット,共通,なし,True,対戦中に自分に使った特技カードの枚数分コスト-1,コスト,0,,2,HIGH_NO_NAME_NO_GENERIC,https://gameconductor.com/dqrivals/c/d/545,IMPLEMENTED_OR_CONFIRMED_V251,v251下地実装: 対戦中に自分に使った特技枚数でコスト低下する参照口を追加（カウント加算側は今後の特技対象処理で精査）。,IMPLEMENTED_OR_CONFIRMED_V251,v251下地実装: 対戦中に自分に使った特技枚数でコスト低下する参照口を追加（カウント加算側は今後の特技対象処理で精査）。,IMPLEMENTED_OR_CONFIRMED_V251,v251下地実装: 対戦中に自分に使った特技枚数でコスト低下する参照口を追加（カウント加算側は今後の特技対象処理で精査）。,IMPLEMENTED_OR_CONFIRMED_V251,v251下地実装: 対戦中に自分に使った特技枚数でコスト低下する参照口を追加（カウント加算側は今後の特技対象処理で精査）。,IMPLEMENTED_OR_CONFIRMED_V251,v251下地実装: 対戦中に自分に使った特技枚数でコスト低下する参照口を追加（カウント加算側は今後の特技対象処理で精査）。,IMPLEMENTED_OR_CONFIRMED_V251,v251下地実装: 対戦中に自分に使った特技枚数でコスト低下する参照口を追加（カウント加算側は今後の特技対象処理で精査）。
card_11d4585d,ダークドレアム,20,ユニット,共通,魔王,True,対戦中に死亡した味方ユニットの数分コスト-1 召喚時:他の全てのユニットと地形を破壊する。 自分の手札にあるユニットカードを全て捨てる。,召喚時|コスト,0,,3,HIGH_NO_NAME_NO_GENERIC,https://gameconductor.com/dqrivals/c/d/547,PENDING,未処理。次バッチで確認。,IMPLEMENTED_OR_CONFIRMED_V252,v252実装: 死亡した味方ユニット数だけ手札コスト減。召喚時、他の全ユニットHP0/地形破壊/自分手札ユニット破棄。,IMPLEMENTED_OR_CONFIRMED_V252,v252実装: 死亡した味方ユニット数だけ手札コスト減。召喚時、他の全ユニットHP0/地形破壊/自分手札ユニット破棄。,IMPLEMENTED_OR_CONFIRMED_V252,v252実装: 死亡した味方ユニット数だけ手札コスト減。召喚時、他の全ユニットHP0/地形破壊/自分手札ユニット破棄。,IMPLEMENTED_OR_CONFIRMED_V252,v252実装: 死亡した味方ユニット数だけ手札コスト減。召喚時、他の全ユニットHP0/地形破壊/自分手札ユニット破棄。,IMPLEMENTED_OR_CONFIRMED_V252,v252実装: 死亡した味方ユニット数だけ手札コスト減。召喚時、他の全ユニットHP0/地形破壊/自分手札ユニット破棄。
card_4a6a4ae2,スライムファング,1,ユニット,共通,スライム,True,召喚時:スライム系の味方ユニット1体の攻撃力+1,召喚時,0,,1,HIGH_NO_NAME_NO_GENERIC,https://gameconductor.com/dqrivals/c/d/575,IMPLEMENTED_OR_CONFIRMED_V251,v251個別実装: 召喚時、味方スライム系ユニット1体の攻撃力+1を選択式で処理。,IMPLEMENTED_OR_CONFIRMED_V251,v251個別実装: 召喚時、味方スライム系ユニット1体の攻撃力+1を選択式で処理。,IMPLEMENTED_OR_CONFIRMED_V251,v251個別実装: 召喚時、味方スライム系ユニット1体の攻撃力+1を選択式で処理。,IMPLEMENTED_OR_CONFIRMED_V251,v251個別実装: 召喚時、味方スライム系ユニット1体の攻撃力+1を選択式で処理。,IMPLEMENTED_OR_CONFIRMED_V251,v251個別実装: 召喚時、味方スライム系ユニット1体の攻撃力+1を選択式で処理。,IMPLEMENTED_OR_CONFIRMED_V251,v251個別実装: 召喚時、味方スライム系ユニット1体の攻撃力+1を選択式で処理。
card_b5f6e747,ミノーン,1,ユニット,共通,なし,True,攻撃時：前後にいる味方ユニットのHP+1,攻撃時,0,,1,HIGH_NO_NAME_NO_GENERIC,https://gameconductor.com/dqrivals/c/d/635,IMPLEMENTED_OR_CONFIRMED_V251,v251個別実装: 攻撃時、前後にいる味方ユニットのHP+1。,IMPLEMENTED_OR_CONFIRMED_V251,v251個別実装: 攻撃時、前後にいる味方ユニットのHP+1。,IMPLEMENTED_OR_CONFIRMED_V251,v251個別実装: 攻撃時、前後にいる味方ユニットのHP+1。,IMPLEMENTED_OR_CONFIRMED_V251,v251個別実装: 攻撃時、前後にいる味方ユニットのHP+1。,IMPLEMENTED_OR_CONFIRMED_V251,v251個別実装: 攻撃時、前後にいる味方ユニットのHP+1。,IMPLEMENTED_OR_CONFIRMED_V251,v251個別実装: 攻撃時、前後にいる味方ユニットのHP+1。
card_7008ea88,ベビーゴイル,4,ユニット,共通,なし,True,召喚時：お互いのデッキにランダムな2コストの特技カードを3枚加える,召喚時|コスト|ランダム,1,,5,MEDIUM_COMPLEX_IMPLEMENTED_RECHECK,https://gameconductor.com/dqrivals/c/d/640,PENDING,未処理。次バッチで確認。,IMPLEMENTED_OR_CONFIRMED_V252,v240既存実装をv252で確認: 召喚時、互いのデッキにランダム2コスト特技3枚追加。,IMPLEMENTED_OR_CONFIRMED_V252,v240既存実装をv252で確認: 召喚時、互いのデッキにランダム2コスト特技3枚追加。,IMPLEMENTED_OR_CONFIRMED_V252,v240既存実装をv252で確認: 召喚時、互いのデッキにランダム2コスト特技3枚追加。,IMPLEMENTED_OR_CONFIRMED_V252,v240既存実装をv252で確認: 召喚時、互いのデッキにランダム2コスト特技3枚追加。,IMPLEMENTED_OR_CONFIRMED_V252,v240既存実装をv252で確認: 召喚時、互いのデッキにランダム2コスト特技3枚追加。
card_576028ad,屍騎軍王ゾルデ,6,ユニット,共通,ゾンビ,True,自分のターン終了時、このユニットの前後に2/2の屍騎_x0008_軍王ゾルデ・影を出す。,自分のターン終了時,0,,0,HIGH_NO_NAME_NO_GENERIC,https://gameconductor.com/dqrivals/c/d/647,PENDING,未処理。次バッチで確認。,IMPLEMENTED_OR_CONFIRMED_V252,v252実装: 自分ターン終了時、このユニットの前後の空きマスに2/2の屍騎軍王ゾルデ・影を場に出す。,IMPLEMENTED_OR_CONFIRMED_V252,v252実装: 自分ターン終了時、このユニットの前後の空きマスに2/2の屍騎軍王ゾルデ・影を場に出す。,IMPLEMENTED_OR_CONFIRMED_V252,v252実装: 自分ターン終了時、このユニットの前後の空きマスに2/2の屍騎軍王ゾルデ・影を場に出す。,IMPLEMENTED_OR_CONFIRMED_V252,v252実装: 自分ターン終了時、このユニットの前後の空きマスに2/2の屍騎軍王ゾルデ・影を場に出す。,IMPLEMENTED_OR_CONFIRMED_V252,v252実装: 自分ターン終了時、このユニットの前後の空きマスに2/2の屍騎軍王ゾルデ・影を場に出す。
card_4f6e6bb5,屍騎軍王ゾルデ・影,3,ユニット,共通,ゾンビ,False,このユニットを除くゾンビ系の味方ユニットの攻撃力+1,,0,,0,HIGH_NO_NAME_NO_GENERIC,https://gameconductor.com/dqrivals/c/d/680,IMPLEMENTED_OR_CONFIRMED_V251,v251個別実装: このユニットを除く味方ゾンビ系ユニットの攻撃力+1を常在補正で反映。,IMPLEMENTED_OR_CONFIRMED_V251,v251個別実装: このユニットを除く味方ゾンビ系ユニットの攻撃力+1を常在補正で反映。,IMPLEMENTED_OR_CONFIRMED_V251,v251個別実装: このユニットを除く味方ゾンビ系ユニットの攻撃力+1を常在補正で反映。,IMPLEMENTED_OR_CONFIRMED_V251,v251個別実装: このユニットを除く味方ゾンビ系ユニットの攻撃力+1を常在補正で反映。,IMPLEMENTED_OR_CONFIRMED_V251,v251個別実装: このユニットを除く味方ゾンビ系ユニットの攻撃力+1を常在補正で反映。,IMPLEMENTED_OR_CONFIRMED_V251,v251個別実装: このユニットを除く味方ゾンビ系ユニットの攻撃力+1を常在補正で反映。
card_4c84797f,テンタコルス,1,ユニット,共通,なし,True,自分のターン終了時全ての味方のHPを1回復,自分のターン終了時|回復,0,,1,HIGH_NO_NAME_NO_GENERIC,https://gameconductor.com/dqrivals/c/d/720,IMPLEMENTED_OR_CONFIRMED_V251,v251個別実装: 自分のターン終了時、全ての味方ユニットのHPを1回復。,IMPLEMENTED_OR_CONFIRMED_V251,v251個別実装: 自分のターン終了時、全ての味方ユニットのHPを1回復。,IMPLEMENTED_OR_CONFIRMED_V251,v251個別実装: 自分のターン終了時、全ての味方ユニットのHPを1回復。,IMPLEMENTED_OR_CONFIRMED_V251,v251個別実装: 自分のターン終了時、全ての味方ユニットのHPを1回復。,IMPLEMENTED_OR_CONFIRMED_V251,v251個別実装: 自分のターン終了時、全ての味方ユニットのHPを1回復。,IMPLEMENTED_OR_CONFIRMED_V251,v251個別実装: 自分のターン終了時、全ての味方ユニットのHPを1回復。
card_e7be76a8,ダークスライム,1,ユニット,共通,スライム,True,このユニットの攻撃で敵ユニットを倒す度カードを1枚引く,カードを1枚引く,0,,0,HIGH_NO_NAME_NO_GENERIC,https://gameconductor.com/dqrivals/c/d/744,PENDING,未処理。次バッチで確認。,IMPLEMENTED_OR_CONFIRMED_V252,v252実装: このユニットの攻撃で敵ユニットを倒した後、カードを1枚引く。,IMPLEMENTED_OR_CONFIRMED_V252,v252実装: このユニットの攻撃で敵ユニットを倒した後、カードを1枚引く。,IMPLEMENTED_OR_CONFIRMED_V252,v252実装: このユニットの攻撃で敵ユニットを倒した後、カードを1枚引く。,IMPLEMENTED_OR_CONFIRMED_V252,v252実装: このユニットの攻撃で敵ユニットを倒した後、カードを1枚引く。,IMPLEMENTED_OR_CONFIRMED_V252,v252実装: このユニットの攻撃で敵ユニットを倒した後、カードを1枚引く。
card_4d7940de,ピッキー,1,ユニット,共通,なし,True,いずれかのプレイヤーのヒーロースキルが発動する度両プレイヤーはカードを1枚引く,カードを1枚引く,0,,0,HIGH_NO_NAME_NO_GENERIC,https://gameconductor.com/dqrivals/c/d/785,PENDING,未処理。次バッチで確認。,IMPLEMENTED_OR_CONFIRMED_V252,v252実装: ヒーロースキル使用後、両プレイヤーが1枚ドロー。,IMPLEMENTED_OR_CONFIRMED_V252,v252実装: ヒーロースキル使用後、両プレイヤーが1枚ドロー。,IMPLEMENTED_OR_CONFIRMED_V252,v252実装: ヒーロースキル使用後、両プレイヤーが1枚ドロー。,IMPLEMENTED_OR_CONFIRMED_V252,v252実装: ヒーロースキル使用後、両プレイヤーが1枚ドロー。,IMPLEMENTED_OR_CONFIRMED_V252,v252実装: ヒーロースキル使用後、両プレイヤーが1枚ドロー。
card_82e59f32,勇者エイト,1,ヒーロー,共通,,True,勇者エイトのヒーロースキルが使えるようになる。このカードは最初の手札に必ず来る。,,0,,0,HIGH_NO_NAME_NO_GENERIC,https://gameconductor.com/dqrivals/c/d/786,PENDING,未処理。次バッチで確認。,IMPLEMENTED_OR_CONFIRMED_V252,v252暫定実装: Lv1/Lv2/Lv3定義追加。公式DBにレベルアップ回数が無いためLv1/Lv2進化回数は暫定2回扱い。要確認。,IMPLEMENTED_OR_CONFIRMED_V253,v253確定: ユーザー確認によりLv1/Lv2とも2回でレベルアップ。既存v252実装の要確認メモを解除。,IMPLEMENTED_OR_CONFIRMED_V253,v253確定: ユーザー確認によりLv1/Lv2とも2回でレベルアップ。既存v252実装の要確認メモを解除。,IMPLEMENTED_OR_CONFIRMED_V253,v253確定: ユーザー確認によりLv1/Lv2とも2回でレベルアップ。既存v252実装の要確認メモを解除。,IMPLEMENTED_OR_CONFIRMED_V253,v253確定: ユーザー確認によりLv1/Lv2とも2回でレベルアップ。既存v252実装の要確認メモを解除。
card_abaa260f,ライノソルジャー,3,ユニット,共通,なし,True,スキルブースト：HP+1,,0,,0,HIGH_NO_NAME_NO_GENERIC,https://gameconductor.com/dqrivals/c/d/789,IMPLEMENTED_OR_CONFIRMED_V251,v251個別実装: スキルブースト分、HP+1を常在補正で反映。,IMPLEMENTED_OR_CONFIRMED_V251,v251個別実装: スキルブースト分、HP+1を常在補正で反映。,IMPLEMENTED_OR_CONFIRMED_V251,v251個別実装: スキルブースト分、HP+1を常在補正で反映。,IMPLEMENTED_OR_CONFIRMED_V251,v251個別実装: スキルブースト分、HP+1を常在補正で反映。,IMPLEMENTED_OR_CONFIRMED_V251,v251個別実装: スキルブースト分、HP+1を常在補正で反映。,IMPLEMENTED_OR_CONFIRMED_V251,v251個別実装: スキルブースト分、HP+1を常在補正で反映。
card_f9f18c64,小さな相棒,0,ヒーロー,共通,,False,味方リーダーがテンションスキルを使う度カードを1枚引く この効果は条件を満たすと自動的に発動する,カードを1枚引く,0,,0,HIGH_NO_NAME_NO_GENERIC,https://gameconductor.com/dqrivals/c/d/815,PENDING,未処理。次バッチで確認。,IMPLEMENTED_OR_CONFIRMED_V252,v252暫定実装: 勇者エイトLv1。味方リーダーのテンションスキル使用後、1ドロー。進化回数は要確認。,IMPLEMENTED_OR_CONFIRMED_V253,v253確定: 勇者エイトLv1。テンションスキル使用後1ドロー、2回発動でLv2。,IMPLEMENTED_OR_CONFIRMED_V253,v253確定: 勇者エイトLv1。テンションスキル使用後1ドロー、2回発動でLv2。,IMPLEMENTED_OR_CONFIRMED_V253,v253確定: 勇者エイトLv1。テンションスキル使用後1ドロー、2回発動でLv2。,IMPLEMENTED_OR_CONFIRMED_V253,v253確定: 勇者エイトLv1。テンションスキル使用後1ドロー、2回発動でLv2。
card_2e2c9193,挑戦!バトルロード,0,ヒーロー,共通,,False,スキルブーストを持つカードを使用した後テンション+1 この効果は条件を満たすと自動的に発動する,,0,,0,HIGH_NO_NAME_NO_GENERIC,https://gameconductor.com/dqrivals/c/d/816,PENDING,未処理。次バッチで確認。,IMPLEMENTED_OR_CONFIRMED_V252,v252暫定実装: 勇者エイトLv2。スキルブースト持ちカード使用後、テンション+1。進化回数は要確認。,IMPLEMENTED_OR_CONFIRMED_V253,v253確定: 勇者エイトLv2。スキルブーストカード使用後テンション+1、2回発動でLv3。表記は半角!に統一。,IMPLEMENTED_OR_CONFIRMED_V253,v253確定: 勇者エイトLv2。スキルブーストカード使用後テンション+1、2回発動でLv3。表記は半角!に統一。,IMPLEMENTED_OR_CONFIRMED_V253,v253確定: 勇者エイトLv2。スキルブーストカード使用後テンション+1、2回発動でLv3。表記は半角!に統一。,IMPLEMENTED_OR_CONFIRMED_V253,v253確定: 勇者エイトLv2。スキルブーストカード使用後テンション+1、2回発動でLv3。表記は半角!に統一。
card_0d5bde5a,姫君との結婚,11,トークン,共通,,False,この対戦の間自分のターン開始時テンション+3、さらにカードを1枚引く、スキルブースト:コスト-1,自分のターン開始時|カードを1枚引く|コスト,0,,1,HIGH_NO_NAME_NO_GENERIC,https://gameconductor.com/dqrivals/c/d/817,PENDING,未処理。次バッチで確認。,IMPLEMENTED_OR_CONFIRMED_V252,v252実装: 発動後、自分ターン開始時にテンション+3と1ドロー。スキルブーストによるコスト減も追加。,IMPLEMENTED_OR_CONFIRMED_V252,v252実装: 発動後、自分ターン開始時にテンション+3と1ドロー。スキルブーストによるコスト減も追加。,IMPLEMENTED_OR_CONFIRMED_V252,v252実装: 発動後、自分ターン開始時にテンション+3と1ドロー。スキルブーストによるコスト減も追加。,IMPLEMENTED_OR_CONFIRMED_V252,v252実装: 発動後、自分ターン開始時にテンション+3と1ドロー。スキルブーストによるコスト減も追加。,IMPLEMENTED_OR_CONFIRMED_V252,v252実装: 発動後、自分ターン開始時にテンション+3と1ドロー。スキルブーストによるコスト減も追加。
card_71ffdefc,フラワーゾンビ,1,ユニット,共通,ゾンビ,True,召喚時：自分のデッキから2コスト以下の武器カードを1枚引く,召喚時|カードを1枚引く|コスト,0,,3,HIGH_NO_NAME_NO_GENERIC,https://gameconductor.com/dqrivals/c/d/863,PENDING,未処理。次バッチで確認。,IMPLEMENTED_OR_CONFIRMED_V252,v252実装: 召喚時、自分のデッキから2コスト以下の武器カードをランダムに1枚引く。,IMPLEMENTED_OR_CONFIRMED_V252,v252実装: 召喚時、自分のデッキから2コスト以下の武器カードをランダムに1枚引く。,IMPLEMENTED_OR_CONFIRMED_V252,v252実装: 召喚時、自分のデッキから2コスト以下の武器カードをランダムに1枚引く。,IMPLEMENTED_OR_CONFIRMED_V252,v252実装: 召喚時、自分のデッキから2コスト以下の武器カードをランダムに1枚引く。,IMPLEMENTED_OR_CONFIRMED_V252,v252実装: 召喚時、自分のデッキから2コスト以下の武器カードをランダムに1枚引く。
card_c97c7b46,ワルぼう,1,ユニット,共通,なし,True,お互いのターン終了時両プレイヤーはデッキの一番上のカードを1枚捨てる,,0,,1,HIGH_NO_NAME_NO_GENERIC,https://gameconductor.com/dqrivals/c/d/898,IMPLEMENTED_OR_CONFIRMED_V251,v251個別実装: お互いのターン終了時、両プレイヤーの山札上を1枚捨てる。,IMPLEMENTED_OR_CONFIRMED_V251,v251個別実装: お互いのターン終了時、両プレイヤーの山札上を1枚捨てる。,IMPLEMENTED_OR_CONFIRMED_V251,v251個別実装: お互いのターン終了時、両プレイヤーの山札上を1枚捨てる。,IMPLEMENTED_OR_CONFIRMED_V251,v251個別実装: お互いのターン終了時、両プレイヤーの山札上を1枚捨てる。,IMPLEMENTED_OR_CONFIRMED_V251,v251個別実装: お互いのターン終了時、両プレイヤーの山札上を1枚捨てる。,IMPLEMENTED_OR_CONFIRMED_V251,v251個別実装: お互いのターン終了時、両プレイヤーの山札上を1枚捨てる。
card_d4598f73,破邪の秘技・勇者の眼,1,トークン,共通,,False,自分のデッキの上からカードを3枚見る。1枚を手札に加え、残りをデッキの下に戻す。 ヒーロースキルがランダムな別の破邪の秘技になる。,ランダム,0,,2,HIGH_COMPLEX_NO_EXPLICIT_NAME,https://gameconductor.com/dqrivals/c/d/981,PENDING,未処理。次バッチで確認。,DEFERRED_V252,v252保留: アンルシア/破邪の秘技ヒーロー分岐としてまとめて実装予定。,IMPLEMENTED_V253,v253実装: 山札上3枚から1枚を選んで手札へ、残りをデッキ下へ。使用後、別の破邪の秘技へランダム変更。,IMPLEMENTED_V253,v253実装: 山札上3枚から1枚を選んで手札へ、残りをデッキ下へ。使用後、別の破邪の秘技へランダム変更。,IMPLEMENTED_V253,v253実装: 山札上3枚から1枚を選んで手札へ、残りをデッキ下へ。使用後、別の破邪の秘技へランダム変更。,IMPLEMENTED_V253,v253実装: 山札上3枚から1枚を選んで手札へ、残りをデッキ下へ。使用後、別の破邪の秘技へランダム変更。
card_5357b154,破邪の秘技・勇者の心,1,トークン,共通,,False,味方リーダーのテンション+3。 ヒーロースキルがランダムな別の破邪の秘技になる。,ランダム,0,,1,HIGH_COMPLEX_NO_EXPLICIT_NAME,https://gameconductor.com/dqrivals/c/d/982,PENDING,未処理。次バッチで確認。,DEFERRED_V252,v252保留: アンルシア/破邪の秘技ヒーロー分岐としてまとめて実装予定。,IMPLEMENTED_V253,v253実装: 味方リーダーのテンション+3。使用後、別の破邪の秘技へランダム変更。,IMPLEMENTED_V253,v253実装: 味方リーダーのテンション+3。使用後、別の破邪の秘技へランダム変更。,IMPLEMENTED_V253,v253実装: 味方リーダーのテンション+3。使用後、別の破邪の秘技へランダム変更。,IMPLEMENTED_V253,v253実装: 味方リーダーのテンション+3。使用後、別の破邪の秘技へランダム変更。
card_4cc999a9,破邪の秘技・勇者の光,1,トークン,共通,,False,敵1体を次のターン終了時まで攻撃不能にする。 ヒーロースキルがランダムな別の破邪の秘技になる。,ランダム,0,,1,HIGH_COMPLEX_NO_EXPLICIT_NAME,https://gameconductor.com/dqrivals/c/d/983,PENDING,未処理。次バッチで確認。,DEFERRED_V252,v252保留: アンルシア/破邪の秘技ヒーロー分岐としてまとめて実装予定。,IMPLEMENTED_V253,v253実装: 敵1体を次のターン終了時まで攻撃不能。使用後、別の破邪の秘技へランダム変更。,IMPLEMENTED_V253,v253実装: 敵1体を次のターン終了時まで攻撃不能。使用後、別の破邪の秘技へランダム変更。,IMPLEMENTED_V253,v253実装: 敵1体を次のターン終了時まで攻撃不能。使用後、別の破邪の秘技へランダム変更。,IMPLEMENTED_V253,v253実装: 敵1体を次のターン終了時まで攻撃不能。使用後、別の破邪の秘技へランダム変更。
card_618dd613,破邪の秘技・勇者の盾,3,トークン,共通,,False,全ての味方に「次のターン終了時まで受けるダメージ-2」を付与する。 ヒーロースキルがランダムな別の破邪の秘技になる。,ダメージ|ランダム,0,,2,HIGH_COMPLEX_NO_EXPLICIT_NAME,https://gameconductor.com/dqrivals/c/d/985,PENDING,未処理。次バッチで確認。,DEFERRED_V252,v252保留: アンルシア/破邪の秘技ヒーロー分岐としてまとめて実装予定。,IMPLEMENTED_V253,v253実装: 全ての味方に次のターン終了時まで受けるダメージ-2。使用後、別の破邪の秘技へランダム変更。,IMPLEMENTED_V253,v253実装: 全ての味方に次のターン終了時まで受けるダメージ-2。使用後、別の破邪の秘技へランダム変更。,IMPLEMENTED_V253,v253実装: 全ての味方に次のターン終了時まで受けるダメージ-2。使用後、別の破邪の秘技へランダム変更。,IMPLEMENTED_V253,v253実装: 全ての味方に次のターン終了時まで受けるダメージ-2。使用後、別の破邪の秘技へランダム変更。
card_f130960a,フォンデュ,1,ユニット,共通,なし,True,召喚時：味方冒険者1体を+1/+1,召喚時,0,,1,HIGH_NO_NAME_NO_GENERIC,https://gameconductor.com/dqrivals/c/d/1015,PENDING,未処理。次バッチで確認。,IMPLEMENTED_OR_CONFIRMED_V252,v252実装: 召喚時、味方冒険者1体を選択して+1/+1。,IMPLEMENTED_OR_CONFIRMED_V252,v252実装: 召喚時、味方冒険者1体を選択して+1/+1。,IMPLEMENTED_OR_CONFIRMED_V252,v252実装: 召喚時、味方冒険者1体を選択して+1/+1。,IMPLEMENTED_OR_CONFIRMED_V252,v252実装: 召喚時、味方冒険者1体を選択して+1/+1。,IMPLEMENTED_OR_CONFIRMED_V252,v252実装: 召喚時、味方冒険者1体を選択して+1/+1。
card_8f583e5f,破壊神シドー,8,ユニット,共通,魔王,True,自分のターン終了時全ての敵ユニットに2ダメージ。相手のターン終了時このユニットのHPを全回復する,自分のターン終了時|相手のターン終了時|ダメージ|回復,0,,1,HIGH_NO_NAME_NO_GENERIC,https://gameconductor.com/dqrivals/c/d/1016,PENDING,未処理。次バッチで確認。,IMPLEMENTED_OR_CONFIRMED_V252,v252実装: 自分ターン終了時に全敵ユニットへ2ダメージ。相手ターン終了時に自身全回復。,IMPLEMENTED_OR_CONFIRMED_V252,v252実装: 自分ターン終了時に全敵ユニットへ2ダメージ。相手ターン終了時に自身全回復。,IMPLEMENTED_OR_CONFIRMED_V252,v252実装: 自分ターン終了時に全敵ユニットへ2ダメージ。相手ターン終了時に自身全回復。,IMPLEMENTED_OR_CONFIRMED_V252,v252実装: 自分ターン終了時に全敵ユニットへ2ダメージ。相手ターン終了時に自身全回復。,IMPLEMENTED_OR_CONFIRMED_V252,v252実装: 自分ターン終了時に全敵ユニットへ2ダメージ。相手ターン終了時に自身全回復。
card_f9015853,いいえ,0,特技,共通,,False,ランダムな敵1体に4ダメージ、このユニットは「相手のターン開始時ランダムな敵1体に4ダメージ」を得る,相手のターン開始時|ダメージ|ランダム,0,,1,HIGH_COMPLEX_NO_EXPLICIT_NAME,https://gameconductor.com/dqrivals/c/d/1034,PENDING,未処理。次バッチで確認。,DEFERRED_V252,v252保留: 少年シドー/選択トークン系としてヒーロー分岐と一緒に確認。,IMPLEMENTED_V253,v253実装: ランダムな敵1体に4ダメージ。発生元の悪の化身りゅうおう、または発生元不明時はプレイヤー側に、相手ターン開始時4ダメージの継続効果を付与。,IMPLEMENTED_V253,v253実装: ランダムな敵1体に4ダメージ。発生元の悪の化身りゅうおう、または発生元不明時はプレイヤー側に、相手ターン開始時4ダメージの継続効果を付与。,IMPLEMENTED_V253,v253実装: ランダムな敵1体に4ダメージ。発生元の悪の化身りゅうおう、または発生元不明時はプレイヤー側に、相手ターン開始時4ダメージの継続効果を付与。,IMPLEMENTED_V253,v253実装: ランダムな敵1体に4ダメージ。発生元の悪の化身りゅうおう、または発生元不明時はプレイヤー側に、相手ターン開始時4ダメージの継続効果を付与。
card_4fab031d,ばくだんベビー,1,ユニット,共通,なし,True,死亡時：全てのユニットに1ダメージ,死亡時|ダメージ,0,,2,HIGH_NO_NAME_NO_GENERIC,https://gameconductor.com/dqrivals/c/d/1072,IMPLEMENTED_OR_CONFIRMED_V251,v251個別実装: 死亡時、全てのユニットに1ダメージ。,IMPLEMENTED_OR_CONFIRMED_V251,v251個別実装: 死亡時、全てのユニットに1ダメージ。,IMPLEMENTED_OR_CONFIRMED_V251,v251個別実装: 死亡時、全てのユニットに1ダメージ。,IMPLEMENTED_OR_CONFIRMED_V251,v251個別実装: 死亡時、全てのユニットに1ダメージ。,IMPLEMENTED_OR_CONFIRMED_V251,v251個別実装: 死亡時、全てのユニットに1ダメージ。,IMPLEMENTED_OR_CONFIRMED_V251,v251個別実装: 死亡時、全てのユニットに1ダメージ。
card_d35b28aa,タホドラキー,1,ユニット,共通,なし,True,召喚時：カードを1枚引く。その後自分の手札から1枚選び自分のデッキに混ぜる,召喚時|カードを1枚引く,0,,2,HIGH_NO_NAME_NO_GENERIC,https://gameconductor.com/dqrivals/c/d/1114,PENDING,未処理。次バッチで確認。,IMPLEMENTED_OR_CONFIRMED_V252,v252実装: 召喚時1ドロー後、手札1枚を選んでデッキに戻しシャッフル。,IMPLEMENTED_OR_CONFIRMED_V252,v252実装: 召喚時1ドロー後、手札1枚を選んでデッキに戻しシャッフル。,IMPLEMENTED_OR_CONFIRMED_V252,v252実装: 召喚時1ドロー後、手札1枚を選んでデッキに戻しシャッフル。,IMPLEMENTED_OR_CONFIRMED_V252,v252実装: 召喚時1ドロー後、手札1枚を選んでデッキに戻しシャッフル。,IMPLEMENTED_OR_CONFIRMED_V252,v252実装: 召喚時1ドロー後、手札1枚を選んでデッキに戻しシャッフル。
card_40d4b786,キラースコップ,1,ユニット,共通,なし,True,召喚時:お互いのデッキのランダムなユニットカード1枚を比べ 自分の方がコストが高いならGET(1)、BET:攻撃力+1,召喚時|BET|GET|コスト|ランダム,0,bet_engine+get_engine,6,HIGH_COMPLEX_NO_EXPLICIT_NAME,https://gameconductor.com/dqrivals/c/d/1171,PENDING,未処理。次バッチで確認。,IMPLEMENTED_OR_CONFIRMED_V252,v252実装: 召喚時、互いのデッキからランダムユニットを比較し、自分側コストが高ければGET(1)。BET攻撃+1は既存処理で確認。,IMPLEMENTED_OR_CONFIRMED_V252,v252実装: 召喚時、互いのデッキからランダムユニットを比較し、自分側コストが高ければGET(1)。BET攻撃+1は既存処理で確認。,IMPLEMENTED_OR_CONFIRMED_V252,v252実装: 召喚時、互いのデッキからランダムユニットを比較し、自分側コストが高ければGET(1)。BET攻撃+1は既存処理で確認。,IMPLEMENTED_OR_CONFIRMED_V252,v252実装: 召喚時、互いのデッキからランダムユニットを比較し、自分側コストが高ければGET(1)。BET攻撃+1は既存処理で確認。,IMPLEMENTED_OR_CONFIRMED_V252,v252実装: 召喚時、互いのデッキからランダムユニットを比較し、自分側コストが高ければGET(1)。BET攻撃+1は既存処理で確認。
card_11641207,ジラフマスター,4,ユニット,共通,なし,True,攻撃時:GET(1)、BET:以下の効果からランダムに1つ発動する (1)攻撃力+1 (2)HP+1 (3)このターン中2回攻撃を得る,攻撃時|BET|GET|ランダム,1,bet_engine+get_engine,5,MEDIUM_COMPLEX_IMPLEMENTED_RECHECK,https://gameconductor.com/dqrivals/c/d/1216,PENDING,未処理。次バッチで確認。,IMPLEMENTED_OR_CONFIRMED_V252,v252補強: 攻撃時GET(1)を追加。BETランダム効果は既存処理で確認。,IMPLEMENTED_OR_CONFIRMED_V252,v252補強: 攻撃時GET(1)を追加。BETランダム効果は既存処理で確認。,IMPLEMENTED_OR_CONFIRMED_V252,v252補強: 攻撃時GET(1)を追加。BETランダム効果は既存処理で確認。,IMPLEMENTED_OR_CONFIRMED_V252,v252補強: 攻撃時GET(1)を追加。BETランダム効果は既存処理で確認。,IMPLEMENTED_OR_CONFIRMED_V252,v252補強: 攻撃時GET(1)を追加。BETランダム効果は既存処理で確認。
card_a649d91a,かわいいモーモン,1,ユニット,共通,なし,True,召喚時：このユニットに作戦を出す,召喚時,0,,1,HIGH_NO_NAME_NO_GENERIC,https://gameconductor.com/dqrivals/c/d/1222,PENDING,未処理。次バッチで確認。,IMPLEMENTED_OR_CONFIRMED_V252,v252実装: 召喚時、自身にさくせんを1回出す。,IMPLEMENTED_OR_CONFIRMED_V252,v252実装: 召喚時、自身にさくせんを1回出す。,IMPLEMENTED_OR_CONFIRMED_V252,v252実装: 召喚時、自身にさくせんを1回出す。,IMPLEMENTED_OR_CONFIRMED_V252,v252実装: 召喚時、自身にさくせんを1回出す。,IMPLEMENTED_OR_CONFIRMED_V252,v252実装: 召喚時、自身にさくせんを1回出す。
card_96cf13d8,薄命のボーンバット,1,ユニット,共通,ゾンビ,True,召喚時：このユニットに2ダメージを与える,召喚時|ダメージ,0,,1,HIGH_NO_NAME_NO_GENERIC,https://gameconductor.com/dqrivals/c/d/1223,PENDING,未処理。次バッチで確認。,IMPLEMENTED_OR_CONFIRMED_V252,v252実装: 召喚時、自身に2ダメージ。,IMPLEMENTED_OR_CONFIRMED_V252,v252実装: 召喚時、自身に2ダメージ。,IMPLEMENTED_OR_CONFIRMED_V252,v252実装: 召喚時、自身に2ダメージ。,IMPLEMENTED_OR_CONFIRMED_V252,v252実装: 召喚時、自身に2ダメージ。,IMPLEMENTED_OR_CONFIRMED_V252,v252実装: 召喚時、自身に2ダメージ。
card_cd3abc2a,パラサキス,1,ユニット,共通,ゾンビ,True,召喚時：このターン中「自分がコスト1以上の特技を使う度同じカード1枚を自分のデッキに混ぜる」を得る,召喚時|特技を使う|コスト,0,,5,HIGH_NO_NAME_NO_GENERIC,https://gameconductor.com/dqrivals/c/d/1224,PENDING,未処理。次バッチで確認。,IMPLEMENTED_OR_CONFIRMED_V252,v252実装: 召喚ターン中、コスト1以上の特技を使う度、そのコピーを自分のデッキに混ぜる。,IMPLEMENTED_OR_CONFIRMED_V252,v252実装: 召喚ターン中、コスト1以上の特技を使う度、そのコピーを自分のデッキに混ぜる。,IMPLEMENTED_OR_CONFIRMED_V252,v252実装: 召喚ターン中、コスト1以上の特技を使う度、そのコピーを自分のデッキに混ぜる。,IMPLEMENTED_OR_CONFIRMED_V252,v252実装: 召喚ターン中、コスト1以上の特技を使う度、そのコピーを自分のデッキに混ぜる。,IMPLEMENTED_OR_CONFIRMED_V252,v252実装: 召喚ターン中、コスト1以上の特技を使う度、そのコピーを自分のデッキに混ぜる。
card_90410d54,少年シドー,1,ヒーロー,共通,,True,少年シドーのヒーロースキルが使えるようになる。このカードは最初の手札に必ず来る,,0,,0,HIGH_NO_NAME_NO_GENERIC,https://gameconductor.com/dqrivals/c/d/1226,PENDING,未処理。次バッチで確認。,DEFERRED_V252,v252保留: ヒーロースキル系。Lv進行・トークン生成と一緒に別バッチで実装予定。,IMPLEMENTED_WITH_REVIEW_V253,v253実装: Lv1/Lv2/Lv3、暴走するシドーを追加。Lv2使用後Lv3移行は上方修正後テキストを元に暫定。,IMPLEMENTED_WITH_REVIEW_V253,v253実装: Lv1/Lv2/Lv3、暴走するシドーを追加。Lv2使用後Lv3移行は上方修正後テキストを元に暫定。,IMPLEMENTED_WITH_REVIEW_V253,v253実装: Lv1/Lv2/Lv3、暴走するシドーを追加。Lv2使用後Lv3移行は上方修正後テキストを元に暫定。,IMPLEMENTED_WITH_REVIEW_V253,v253実装: Lv1/Lv2/Lv3、暴走するシドーを追加。Lv2使用後Lv3移行は上方修正後テキストを元に暫定。
card_a0c085e2,劇場,1,建物,共通,,True,おうえん、自分が必殺技を持つカードか必殺技を持つヒーロースキルを使用した後カードを1枚引く。自分のターン終了時耐久値-1。,自分のターン終了時|カードを1枚引く,0,,0,HIGH_NO_NAME_NO_GENERIC,https://gameconductor.com/dqrivals/c/d/1227,PENDING,未処理。次バッチで確認。,IMPLEMENTED_OR_CONFIRMED_V252,v252部分実装: 必殺技カード使用後1ドロー。建物耐久減少は既存建物ターン終了処理に委譲。ヒーロースキル側の必殺技発動判定は追加確認対象。,DEFERRED_MEMO_V253,v253メモ化: 必殺技カード使用後1ドローはv252で実装済み。少年シドーLv3など「必殺技を持つヒーロースキル」使用後1ドローは後続の劇場×少年シドー確認で詰める。,DEFERRED_MEMO_V253,v253メモ化: 必殺技カード使用後1ドローはv252で実装済み。少年シドーLv3など「必殺技を持つヒーロースキル」使用後1ドローは後続の劇場×少年シドー確認で詰める。,DEFERRED_MEMO_V253,v253メモ化: 必殺技カード使用後1ドローはv252で実装済み。少年シドーLv3など「必殺技を持つヒーロースキル」使用後1ドローは後続の劇場×少年シドー確認で詰める。,DEFERRED_MEMO_V253,v253メモ化: 必殺技カード使用後1ドローはv252で実装済み。少年シドーLv3など「必殺技を持つヒーロースキル」使用後1ドローは後続の劇場×少年シドー確認で詰める。
card_e0c0d5f6,マンドラ,1,ユニット,共通,スライム,True,召喚時：ユニット1体の位置を前後入れ替える,召喚時,0,,1,HIGH_NO_NAME_NO_GENERIC,https://gameconductor.com/dqrivals/c/d/1228,PENDING,未処理。次バッチで確認。,IMPLEMENTED_OR_CONFIRMED_V252,v252実装: 召喚時、選択したユニットの前後を入れ替える。入替先が空きマスの場合のみ移動。,IMPLEMENTED_OR_CONFIRMED_V252,v252実装: 召喚時、選択したユニットの前後を入れ替える。入替先が空きマスの場合のみ移動。,IMPLEMENTED_OR_CONFIRMED_V252,v252実装: 召喚時、選択したユニットの前後を入れ替える。入替先が空きマスの場合のみ移動。,IMPLEMENTED_OR_CONFIRMED_V252,v252実装: 召喚時、選択したユニットの前後を入れ替える。入替先が空きマスの場合のみ移動。,IMPLEMENTED_OR_CONFIRMED_V252,v252実装: 召喚時、選択したユニットの前後を入れ替える。入替先が空きマスの場合のみ移動。
card_52ff4131,ケトス,7,ユニット,共通,なし,True,このユニットによる敵リーダーの攻撃で敵リーダーのHPが11になった場合この対戦に勝利する。,,0,,0,HIGH_NO_NAME_NO_GENERIC,https://gameconductor.com/dqrivals/c/d/1243,PENDING,未処理。次バッチで確認。,IMPLEMENTED_OR_CONFIRMED_V252,v252実装: このユニットの攻撃で敵リーダーHPが11になった場合、勝利リザルト。,IMPLEMENTED_OR_CONFIRMED_V252,v252実装: このユニットの攻撃で敵リーダーHPが11になった場合、勝利リザルト。,IMPLEMENTED_OR_CONFIRMED_V252,v252実装: このユニットの攻撃で敵リーダーHPが11になった場合、勝利リザルト。,IMPLEMENTED_OR_CONFIRMED_V252,v252実装: このユニットの攻撃で敵リーダーHPが11になった場合、勝利リザルト。,IMPLEMENTED_OR_CONFIRMED_V252,v252実装: このユニットの攻撃で敵リーダーHPが11になった場合、勝利リザルト。
card_3331b78b,ニズゼルファ,9,ユニット,共通,魔王,True,召喚時：邪神の子を2体出す。自分のターン開始時全ての敵に味方の邪神の子の数分ダメージを与える。スキルブースト:+1体,召喚時|自分のターン開始時|ダメージ,0,,2,HIGH_NO_NAME_NO_GENERIC,https://gameconductor.com/dqrivals/c/d/1245,PENDING,未処理。次バッチで確認。,IMPLEMENTED_OR_CONFIRMED_V252,v252部分実装: 召喚時、邪神の子を2体+スキルブースト回数分出す。自分ターン開始時、味方の邪神の子の数分、全敵へダメージ。邪神の子は公式DB考察の2/2表記に合わせて2/2で実装。,IMPLEMENTED_OR_CONFIRMED_V252,v252部分実装: 召喚時、邪神の子を2体+スキルブースト回数分出す。自分ターン開始時、味方の邪神の子の数分、全敵へダメージ。邪神の子は公式DB考察の2/2表記に合わせて2/2で実装。,IMPLEMENTED_OR_CONFIRMED_V252,v252部分実装: 召喚時、邪神の子を2体+スキルブースト回数分出す。自分ターン開始時、味方の邪神の子の数分、全敵へダメージ。邪神の子は公式DB考察の2/2表記に合わせて2/2で実装。,IMPLEMENTED_OR_CONFIRMED_V252,v252部分実装: 召喚時、邪神の子を2体+スキルブースト回数分出す。自分ターン開始時、味方の邪神の子の数分、全敵へダメージ。邪神の子は公式DB考察の2/2表記に合わせて2/2で実装。,IMPLEMENTED_OR_CONFIRMED_V252,v252部分実装: 召喚時、邪神の子を2体+スキルブースト回数分出す。自分ターン開始時、味方の邪神の子の数分、全敵へダメージ。邪神の子は公式DB考察の2/2表記に合わせて2/2で実装。
card_730f1b63,デスバキューム,6,ユニット,共通,なし,True,お互いのリーダーのテンションの合計分手札にあるこのカードのコスト-1,コスト,0,,1,HIGH_NO_NAME_NO_GENERIC,https://gameconductor.com/dqrivals/c/d/1339,PENDING,未処理。次バッチで確認。,IMPLEMENTED_OR_CONFIRMED_V252,v252実装: 手札コストを両リーダーの現在テンション合計分下げる。,IMPLEMENTED_OR_CONFIRMED_V252,v252実装: 手札コストを両リーダーの現在テンション合計分下げる。,IMPLEMENTED_OR_CONFIRMED_V252,v252実装: 手札コストを両リーダーの現在テンション合計分下げる。,IMPLEMENTED_OR_CONFIRMED_V252,v252実装: 手札コストを両リーダーの現在テンション合計分下げる。,IMPLEMENTED_OR_CONFIRMED_V252,v252実装: 手札コストを両リーダーの現在テンション合計分下げる。
card_6a130f33,マッシュスライム,1,ユニット,共通,スライム,True,自分のターン終了時このユニットの正面に敵ユニットがいるなら攻撃力+,自分のターン終了時,0,,0,HIGH_NO_NAME_NO_GENERIC,https://gameconductor.com/dqrivals/c/d/1454,PENDING,未処理。次バッチで確認。,PENDING,,PENDING,,IMPLEMENTED_OR_CONFIRMED_V254,ターン終了時、正面に敵がいる場合攻撃力+1。,IMPLEMENTED_OR_CONFIRMED_V254,ターン終了時、正面に敵がいる場合攻撃力+1。,IMPLEMENTED_OR_CONFIRMED_V254,ターン終了時、正面に敵がいる場合攻撃力+1。
card_dfeb4cd3,オニムカデ,1,ユニット,共通,なし,True,召喚時:自分のデッキからダンジョンを持つ建物カードを1枚引く。大戦中にダンジョンを持つ味方建物が出ていたら代わりにカードを1枚引く,召喚時|カードを1枚引く,0,,2,HIGH_NO_NAME_NO_GENERIC,https://gameconductor.com/dqrivals/c/d/1456,PENDING,未処理。次バッチで確認。,PENDING,,PENDING,,IMPLEMENTED_OR_CONFIRMED_V254,召喚時、ダンジョン踏破済みなら1ドロー、未踏破なら山札からダンジョン建物サーチ。,IMPLEMENTED_OR_CONFIRMED_V254,召喚時、ダンジョン踏破済みなら1ドロー、未踏破なら山札からダンジョン建物サーチ。,IMPLEMENTED_OR_CONFIRMED_V254,召喚時、ダンジョン踏破済みなら1ドロー、未踏破なら山札からダンジョン建物サーチ。
card_19999023,沼地の洞くつ,1,建物,共通,,True,ダンジョン(耐久値5で踏破）、自分のターン終了時隣接している味方ユニットがいるなら耐久値+1、踏破時:王女の愛1枚を手札に加える,自分のターン終了時|手札に加える,0,,0,HIGH_NO_NAME_NO_GENERIC,https://gameconductor.com/dqrivals/c/d/1457,PENDING,未処理。次バッチで確認。,PENDING,,PENDING,,IMPLEMENTED_OR_CONFIRMED_V254,ターン終了時に隣接味方がいれば耐久+1、耐久5で王女の愛を手札に追加。,IMPLEMENTED_OR_CONFIRMED_V254,ターン終了時に隣接味方がいれば耐久+1、耐久5で王女の愛を手札に追加。,IMPLEMENTED_OR_CONFIRMED_V254,ターン終了時に隣接味方がいれば耐久+1、耐久5で王女の愛を手札に追加。
card_1b26c04f,旅立ちの王女,3,ユニット,共通,なし,False,選択：・全てのユニットに1ダメージ・特技カードをランダムに1枚手札に加える。このターン中使った特技カードのコストの合計分コストが減る,選択|手札に加える|ダメージ|コスト|ランダム,4,choice_engine,6,MEDIUM_COMPLEX_IMPLEMENTED_RECHECK,https://gameconductor.com/dqrivals/c/d/1478,PENDING,未処理。次バッチで確認。,PENDING,,PENDING,,IMPLEMENTED_OR_CONFIRMED_V254,このターン使った特技コスト分のコスト軽減、召喚時の2択を実装。,IMPLEMENTED_OR_CONFIRMED_V254,このターン使った特技コスト分のコスト軽減、召喚時の2択を実装。,IMPLEMENTED_OR_CONFIRMED_V254,このターン使った特技コスト分のコスト軽減、召喚時の2択を実装。
card_bf5916e1,精霊ルビスの加護,0,トークン,共通,,False,自分がコスト3以上の特技を使った後 そのコストにより以下の効果が自動的に発動する コスト3以上:MP1回復、コスト5以上:テンション+1、コスト7以上:カードを1枚引く,カードを1枚引く|回復|コスト,0,,2,HIGH_NO_NAME_NO_GENERIC,https://gameconductor.com/dqrivals/c/d/1479,PENDING,未処理。次バッチで確認。,PENDING,,PENDING,,IMPLEMENTED_OR_CONFIRMED_V254,使用後、特技コスト3/5/7以上でMP+1/テンション+1/1ドロー。,IMPLEMENTED_OR_CONFIRMED_V254,使用後、特技コスト3/5/7以上でMP+1/テンション+1/1ドロー。,IMPLEMENTED_OR_CONFIRMED_V254,使用後、特技コスト3/5/7以上でMP+1/テンション+1/1ドロー。
card_1b25679d,チェリースライム,1,ユニット,共通,スライム,True,死亡時:両プレイヤーはカードを1枚引く,死亡時|カードを1枚引く,0,,1,HIGH_NO_NAME_NO_GENERIC,https://gameconductor.com/dqrivals/c/d/1577,PENDING,未処理。次バッチで確認。,PENDING,,PENDING,,IMPLEMENTED_OR_CONFIRMED_V254,死亡時、両プレイヤー1ドロー。,IMPLEMENTED_OR_CONFIRMED_V254,死亡時、両プレイヤー1ドロー。,IMPLEMENTED_OR_CONFIRMED_V254,死亡時、両プレイヤー1ドロー。
card_8f33cf11,カメレオンマン,1,ユニット,戦士,なし,True,味方リーダーが攻撃する度攻撃力+1,,0,,0,HIGH_NO_NAME_NO_GENERIC,https://gameconductor.com/dqrivals/c/d/164,PENDING,未処理。次バッチで確認。,PENDING,,PENDING,,IMPLEMENTED_OR_CONFIRMED_V254,召喚後、味方リーダーが攻撃するたび攻撃力+1。,IMPLEMENTED_OR_CONFIRMED_V254,召喚後、味方リーダーが攻撃するたび攻撃力+1。,IMPLEMENTED_OR_CONFIRMED_V254,召喚後、味方リーダーが攻撃するたび攻撃力+1。
card_633fa231,やいばくだき,2,特技,戦士,,True,ユニット1体に2ダメージを与えた後攻撃力-3,ダメージ,0,,0,HIGH_NO_NAME_NO_GENERIC,https://gameconductor.com/dqrivals/c/d/166,PENDING,未処理。次バッチで確認。,PENDING,,PENDING,,IMPLEMENTED_OR_CONFIRMED_V254,敵ユニット1体に2ダメージ後、攻撃力-2。,IMPLEMENTED_OR_CONFIRMED_V254,敵ユニット1体に2ダメージ後、攻撃力-2。,IMPLEMENTED_OR_CONFIRMED_V254,敵ユニット1体に2ダメージ後、攻撃力-2。
card_18c22fbc,剣を求めて,1,特技,戦士,,True,自分のデッキから武器カードを1枚引く,カードを1枚引く,0,,1,HIGH_NO_NAME_NO_GENERIC,https://gameconductor.com/dqrivals/c/d/168,PENDING,未処理。次バッチで確認。,PENDING,,PENDING,,IMPLEMENTED_OR_CONFIRMED_V254,山札から武器カードをランダムに1枚手札へ。,IMPLEMENTED_OR_CONFIRMED_V254,山札から武器カードをランダムに1枚手札へ。,IMPLEMENTED_OR_CONFIRMED_V254,山札から武器カードをランダムに1枚手札へ。
card_607d1a9a,はやぶさ斬り,1,特技,戦士,,True,ユニット1体にダメージを２回与える,ダメージ,0,,0,HIGH_NO_NAME_NO_GENERIC,https://gameconductor.com/dqrivals/c/d/172,PENDING,未処理。次バッチで確認。,PENDING,,PENDING,,IMPLEMENTED_OR_CONFIRMED_V254,ユニット1体に1ダメージを2回として暫定実装。公式本文に数値がないため要確認。,IMPLEMENTED_OR_CONFIRMED_V255,ユーザー確認: 1ダメージ×2回で正しい。v254実装を確定扱いへ更新。,IMPLEMENTED_OR_CONFIRMED_V255,ユーザー確認: 1ダメージ×2回で正しい。v254実装を確定扱いへ更新。
card_db182e45,まじん斬り,2,特技,戦士,,True,ユニット１体に50%の確率で7ダメージ,ダメージ,0,,0,HIGH_NO_NAME_NO_GENERIC,https://gameconductor.com/dqrivals/c/d/175,PENDING,未処理。次バッチで確認。,PENDING,,PENDING,,IMPLEMENTED_OR_CONFIRMED_V254,50%でユニット1体に7ダメージ。,IMPLEMENTED_OR_CONFIRMED_V254,50%でユニット1体に7ダメージ。,IMPLEMENTED_OR_CONFIRMED_V254,50%でユニット1体に7ダメージ。
card_721be77c,しんくう斬り,2,特技,戦士,,True,ユニット1体に2ダメージを与える。 上下にいるユニットに1ダメージずつ与える,ダメージ,0,,0,HIGH_NO_NAME_NO_GENERIC,https://gameconductor.com/dqrivals/c/d/176,PENDING,未処理。次バッチで確認。,PENDING,,PENDING,,IMPLEMENTED_OR_CONFIRMED_V254,選択ユニットに2ダメージ、上下にも1ダメージ。,IMPLEMENTED_OR_CONFIRMED_V254,選択ユニットに2ダメージ、上下にも1ダメージ。,IMPLEMENTED_OR_CONFIRMED_V254,選択ユニットに2ダメージ、上下にも1ダメージ。
card_e80c9408,かばう,1,特技,戦士,,True,次の自分のターンが開始するまで相手はリーダーにしか攻撃できない,,0,,0,HIGH_NO_NAME_NO_GENERIC,https://gameconductor.com/dqrivals/c/d/180,PENDING,未処理。次バッチで確認。,PENDING,,PENDING,,PARTIAL_V254_NEEDS_COMBAT_ENFORCEMENT,効果フラグは付与済み。実際の攻撃対象制限の全面反映は戦闘ターゲット制御側の追加検査が必要。,IMPLEMENTED_OR_CONFIRMED_V255,v255実装: 有効中は攻撃対象をリーダーに制限。cardPlayed action replayで相手クライアントにも制限同期。,IMPLEMENTED_OR_CONFIRMED_V255,v255実装: 有効中は攻撃対象をリーダーに制限。cardPlayed action replayで相手クライアントにも制限同期。
card_262057e1,剣神の領域,2,特技,戦士,,True,指定のマスの地形を刃の紋章に変える。自分のデッキから武器カードを1枚引く。,カードを1枚引く,0,,1,HIGH_NO_NAME_NO_GENERIC,https://gameconductor.com/dqrivals/c/d/498,PENDING,未処理。次バッチで確認。,PENDING,,PENDING,,IMPLEMENTED_OR_CONFIRMED_V254,空きマスを刃の紋章にし、山札から武器カードを1枚引く。,IMPLEMENTED_OR_CONFIRMED_V254,空きマスを刃の紋章にし、山札から武器カードを1枚引く。,IMPLEMENTED_OR_CONFIRMED_V254,空きマスを刃の紋章にし、山札から武器カードを1枚引く。
card_95b61500,かえん斬り,2,特技,戦士,,True,ユニット1体に味方リーダーの攻撃力と同じダメージを与える。,ダメージ,0,,0,HIGH_NO_NAME_NO_GENERIC,https://gameconductor.com/dqrivals/c/d/505,PENDING,未処理。次バッチで確認。,PENDING,,PENDING,,IMPLEMENTED_OR_CONFIRMED_V254,味方リーダー攻撃力分、ユニット1体にダメージ。,IMPLEMENTED_OR_CONFIRMED_V254,味方リーダー攻撃力分、ユニット1体にダメージ。,IMPLEMENTED_OR_CONFIRMED_V254,味方リーダー攻撃力分、ユニット1体にダメージ。
card_a9a8dd90,凌駕する力,2,特技,戦士,,True,味方ユニット1体の攻撃力を+1した後「このターン反撃ダメージ無効」を付与する,ダメージ,0,,1,HIGH_NO_NAME_NO_GENERIC,https://gameconductor.com/dqrivals/c/d/549,PENDING,未処理。次バッチで確認。,PENDING,,PENDING,,IMPLEMENTED_OR_CONFIRMED_V254,味方ユニット+1/+0、このユニットは反撃を受けない。,IMPLEMENTED_OR_CONFIRMED_V254,味方ユニット+1/+0、このユニットは反撃を受けない。,IMPLEMENTED_OR_CONFIRMED_V254,味方ユニット+1/+0、このユニットは反撃を受けない。
card_6bf41b47,背水のかまえ,0,特技,戦士,,False,味方リーダーのHPを15になるまで減らす,,0,,0,HIGH_NO_NAME_NO_GENERIC,https://gameconductor.com/dqrivals/c/d/648,PENDING,未処理。次バッチで確認。,PENDING,,PENDING,,IMPLEMENTED_OR_CONFIRMED_V254,味方リーダーHPを15にする。,IMPLEMENTED_OR_CONFIRMED_V254,味方リーダーHPを15にする。,IMPLEMENTED_OR_CONFIRMED_V254,味方リーダーHPを15にする。
card_3fa888c3,大怨霊マアモン,7,ユニット,戦士,ゾンビ,True,対戦中に死亡したゾンビ系の味方ユニットの数だけコスト-1,コスト,0,,1,HIGH_NO_NAME_NO_GENERIC,https://gameconductor.com/dqrivals/c/d/649,PENDING,未処理。次バッチで確認。,PENDING,,PENDING,,IMPLEMENTED_OR_CONFIRMED_V254,死亡した味方ゾンビ系ユニット数分コスト減。,IMPLEMENTED_OR_CONFIRMED_V254,死亡した味方ゾンビ系ユニット数分コスト減。,IMPLEMENTED_OR_CONFIRMED_V254,死亡した味方ゾンビ系ユニット数分コスト減。
card_8952dfca,ことだまつかい,1,ユニット,戦士,ゾンビ,True,死亡時：お互いのリーダーに2ダメージ,死亡時|ダメージ,0,,1,HIGH_NO_NAME_NO_GENERIC,https://gameconductor.com/dqrivals/c/d/651,PENDING,未処理。次バッチで確認。,PENDING,,PENDING,,IMPLEMENTED_OR_CONFIRMED_V254,死亡時、全リーダーに2ダメージ。,IMPLEMENTED_OR_CONFIRMED_V254,死亡時、全リーダーに2ダメージ。,IMPLEMENTED_OR_CONFIRMED_V254,死亡時、全リーダーに2ダメージ。
card_e8cd0f95,やいばのボディ,0,特技,戦士,,True,必殺技、この対戦の間味方リーダーが敵に攻撃された場合1ダメージ反撃をする,ダメージ,0,,0,HIGH_NO_NAME_NO_GENERIC,https://gameconductor.com/dqrivals/c/d/777,PENDING,未処理。次バッチで確認。,PENDING,,PENDING,,PARTIAL_V254_NEEDS_COMBAT_ENFORCEMENT,永続反撃フラグは付与済み。敵から攻撃された時の反撃適用は戦闘被攻撃イベント側の追加接続が必要。,IMPLEMENTED_OR_CONFIRMED_V255,v255実装: リーダーが攻撃された時、攻撃側へ1ダメージ反撃。通常リーダー反撃と併用。,IMPLEMENTED_OR_CONFIRMED_V255,v255実装: リーダーが攻撃された時、攻撃側へ1ダメージ反撃。通常リーダー反撃と併用。
card_483c5e64,かばうの心得,2,特技,戦士,,True,この対戦の間自分のかばうの効果が発動している場合受けるダメージが1減る。かばうを手札に加える。,手札に加える|ダメージ,0,,0,HIGH_NO_NAME_NO_GENERIC,https://gameconductor.com/dqrivals/c/d/821,PENDING,未処理。次バッチで確認。,PENDING,,PENDING,,PARTIAL_V254_NEEDS_COMBAT_ENFORCEMENT,永続軽減フラグと「かばう」手札追加は実装。ダメージ軽減の適用経路は戦闘ダメージ計算側の追加検査が必要。,IMPLEMENTED_OR_CONFIRMED_V255,v255実装: かばう中にリーダーが受けるダメージ-1、かばうを手札に追加。,IMPLEMENTED_OR_CONFIRMED_V255,v255実装: かばう中にリーダーが受けるダメージ-1、かばうを手札に追加。
card_7c6baf41,みなごろし,2,特技,戦士,,True,敵味方全てのユニットの中からランダムな1体に8ダメージ,ダメージ|ランダム,0,,2,HIGH_COMPLEX_NO_EXPLICIT_NAME,https://gameconductor.com/dqrivals/c/d/894,PENDING,未処理。次バッチで確認。,PENDING,,PENDING,,IMPLEMENTED_OR_CONFIRMED_V254,ランダムなユニット1体に8ダメージ。,IMPLEMENTED_OR_CONFIRMED_V254,ランダムなユニット1体に8ダメージ。,IMPLEMENTED_OR_CONFIRMED_V254,ランダムなユニット1体に8ダメージ。
card_884d1edf,兵士長の剣,2,武器,戦士,,True,味方リーダーが攻撃した後全ての味方ユニットを絶好調状態に戻す,攻撃した後,0,,1,HIGH_NO_NAME_NO_GENERIC,https://gameconductor.com/dqrivals/c/d/922,PENDING,未処理。次バッチで確認。,PENDING,,PENDING,,IMPLEMENTED_OR_CONFIRMED_V254,リーダー攻撃後、全味方ユニットを絶好調にする。,IMPLEMENTED_OR_CONFIRMED_V254,リーダー攻撃後、全味方ユニットを絶好調にする。,IMPLEMENTED_OR_CONFIRMED_V254,リーダー攻撃後、全味方ユニットを絶好調にする。
card_709722fd,孤軍奮闘,2,特技,戦士,,True,カードを1枚引く。このカード以外の手札が1枚以下の場合代わりに2枚引く,カードを1枚引く,0,,0,HIGH_NO_NAME_NO_GENERIC,https://gameconductor.com/dqrivals/c/d/949,PENDING,未処理。次バッチで確認。,PENDING,,PENDING,,IMPLEMENTED_OR_CONFIRMED_V254,1ドロー、他手札が1枚以下なら追加で1ドロー。,IMPLEMENTED_OR_CONFIRMED_V254,1ドロー、他手札が1枚以下なら追加で1ドロー。,IMPLEMENTED_OR_CONFIRMED_V254,1ドロー、他手札が1枚以下なら追加で1ドロー。
card_e8c86029,ムドー,6,ユニット,戦士,魔王,True,敵ユニット1体を手札に戻し石化状態にする。そうしたと場合、相手のデッキの上から3番目に夢と現実の再会を置く,,0,,1,HIGH_NO_NAME_NO_GENERIC,https://gameconductor.com/dqrivals/c/d/1010,PENDING,未処理。次バッチで確認。,PENDING,,PENDING,,IMPLEMENTED_OR_CONFIRMED_V254,召喚時、敵ユニット1体を手札へ戻して石化。,IMPLEMENTED_OR_CONFIRMED_V254,召喚時、敵ユニット1体を手札へ戻して石化。,IMPLEMENTED_OR_CONFIRMED_V254,召喚時、敵ユニット1体を手札へ戻して石化。
card_bf650963,夢と現実の再会,0,特技,戦士,,False,カードを1枚引く。自分の手札にある全てのカードの石化状態を解除した後コストを0にする。,カードを1枚引く|コスト,0,,2,HIGH_NO_NAME_NO_GENERIC,https://gameconductor.com/dqrivals/c/d/1011,PENDING,未処理。次バッチで確認。,PENDING,,PENDING,,IMPLEMENTED_OR_CONFIRMED_V254,1ドロー、石化状態を解除し手札コスト0化。,IMPLEMENTED_OR_CONFIRMED_V254,1ドロー、石化状態を解除し手札コスト0化。,IMPLEMENTED_OR_CONFIRMED_V254,1ドロー、石化状態を解除し手札コスト0化。
card_218d66e6,じごくのやいば,3,武器,戦士,,True,この武器が壊れた時手札とデッキにある魔王系のユニットカードのコスト-1,コスト,0,,2,HIGH_NO_NAME_NO_GENERIC,https://gameconductor.com/dqrivals/c/d/1041,PENDING,未処理。次バッチで確認。,PENDING,,PENDING,,IMPLEMENTED_OR_CONFIRMED_V254,破壊時、手札と山札の魔王系ユニットカードのコスト-1。,IMPLEMENTED_OR_CONFIRMED_V254,破壊時、手札と山札の魔王系ユニットカードのコスト-1。,IMPLEMENTED_OR_CONFIRMED_V254,破壊時、手札と山札の魔王系ユニットカードのコスト-1。
card_1c275bac,力への渇望,2,特技,戦士,,True,自分のデッキから魔王系のランダムユニットカードをランダムに1枚手札に加える。自分のHPが15枚以下ならさらにカードを1枚引く,カードを1枚引く|手札に加える|ランダム,0,,2,HIGH_COMPLEX_NO_EXPLICIT_NAME,https://gameconductor.com/dqrivals/c/d/1078,PENDING,未処理。次バッチで確認。,PENDING,,PENDING,,IMPLEMENTED_OR_CONFIRMED_V254,山札から魔王系ユニットをランダムに1枚手札へ。HP15以下なら1ドロー。,IMPLEMENTED_OR_CONFIRMED_V254,山札から魔王系ユニットをランダムに1枚手札へ。HP15以下なら1ドロー。,IMPLEMENTED_OR_CONFIRMED_V254,山札から魔王系ユニットをランダムに1枚手札へ。HP15以下なら1ドロー。
card_964be980,戦士の交換所,0,特技,戦士,,True,手札のコインを消費して以下の景品と交換する。1枚：おしゃれなバンダナ、2枚：コスト3のはやぶさの剣、3枚：ドラゴンシールド その後カードを1枚引く,カードを1枚引く|コスト,0,,1,HIGH_NO_NAME_NO_GENERIC,https://gameconductor.com/dqrivals/c/d/1140,PENDING,未処理。次バッチで確認。,PENDING,,PENDING,,IMPLEMENTED_OR_CONFIRMED_V254,既存交換所共通処理に委譲して確認。,IMPLEMENTED_OR_CONFIRMED_V254,既存交換所共通処理に委譲して確認。,IMPLEMENTED_OR_CONFIRMED_V254,既存交換所共通処理に委譲して確認。
card_816e9972,新たなチカラへの対価,1,特技,戦士,,True,装備している武器の耐久力と同じ数分カードを1枚引く。装備している武器を破壊する。武器を装備していない場合こんぼう1枚を手札に加える。,カードを1枚引く|手札に加える,0,,0,HIGH_NO_NAME_NO_GENERIC,https://gameconductor.com/dqrivals/c/d/1141,PENDING,未処理。次バッチで確認。,PENDING,,PENDING,,IMPLEMENTED_OR_CONFIRMED_V254,装備中武器の耐久値分ドローし武器破壊。武器なしならこんぼう追加。,IMPLEMENTED_OR_CONFIRMED_V254,装備中武器の耐久値分ドローし武器破壊。武器なしならこんぼう追加。,IMPLEMENTED_OR_CONFIRMED_V254,装備中武器の耐久値分ドローし武器破壊。武器なしならこんぼう追加。
card_2d4fd963,ランタンこぞう,1,ユニット,戦士,なし,True,味方リーダーが攻撃する度カードを1枚引く、その後手札を1枚捨てる,カードを1枚引く,0,,0,HIGH_NO_NAME_NO_GENERIC,https://gameconductor.com/dqrivals/c/d/1183,PENDING,未処理。次バッチで確認。,PENDING,,PENDING,,IMPLEMENTED_OR_CONFIRMED_V254,味方リーダー攻撃時、1ドロー後1枚捨てる経路に接続。,IMPLEMENTED_OR_CONFIRMED_V254,味方リーダー攻撃時、1ドロー後1枚捨てる経路に接続。,IMPLEMENTED_OR_CONFIRMED_V254,味方リーダー攻撃時、1ドロー後1枚捨てる経路に接続。
card_a0bd7b10,プラチナソード,3,武器,戦士,,True,召喚時:味方リーダーのHPが15以下の場合カードを1枚引く,召喚時|カードを1枚引く,0,,1,HIGH_NO_NAME_NO_GENERIC,https://gameconductor.com/dqrivals/c/d/1250,PENDING,未処理。次バッチで確認。,PENDING,,PENDING,,IMPLEMENTED_OR_CONFIRMED_V254,召喚/装備時、HP15以下なら1ドロー。,IMPLEMENTED_OR_CONFIRMED_V254,召喚/装備時、HP15以下なら1ドロー。,IMPLEMENTED_OR_CONFIRMED_V254,召喚/装備時、HP15以下なら1ドロー。
card_ffdbeb2c,イオナズン,7,特技,魔法使い,,True,すべての敵ユニットに3ダメージ,ダメージ,0,,0,HIGH_NO_NAME_NO_GENERIC,https://gameconductor.com/dqrivals/c/d/201,PENDING,未処理。次バッチで確認。,PENDING,,PENDING,,IMPLEMENTED_OR_CONFIRMED_V254,全敵ユニットに3ダメージ。,IMPLEMENTED_OR_CONFIRMED_V254,全敵ユニットに3ダメージ。,IMPLEMENTED_OR_CONFIRMED_V254,全敵ユニットに3ダメージ。
card_d29f59a3,みならいあくま,1,ユニット,魔法使い,なし,True,自分が特技を使う度ランダムな敵1体に1ダメージ,特技を使う|ダメージ|ランダム,0,,2,HIGH_COMPLEX_NO_EXPLICIT_NAME,https://gameconductor.com/dqrivals/c/d/205,PENDING,未処理。次バッチで確認。,PENDING,,PENDING,,IMPLEMENTED_OR_CONFIRMED_V254,場にいる間、特技使用時ランダムな敵1体に1ダメージ。,IMPLEMENTED_OR_CONFIRMED_V254,場にいる間、特技使用時ランダムな敵1体に1ダメージ。,IMPLEMENTED_OR_CONFIRMED_V254,場にいる間、特技使用時ランダムな敵1体に1ダメージ。
card_29a22417,マダンテ,10,特技,魔法使い,,True,必殺技 すべての敵に6ダメージ,ダメージ,0,,0,HIGH_NO_NAME_NO_GENERIC,https://gameconductor.com/dqrivals/c/d/222,PENDING,未処理。次バッチで確認。,PENDING,,PENDING,,IMPLEMENTED_OR_CONFIRMED_V254,全敵に6ダメージ。,IMPLEMENTED_OR_CONFIRMED_V254,全敵に6ダメージ。,IMPLEMENTED_OR_CONFIRMED_V254,全敵に6ダメージ。
card_c9ac8371,投げキッス,2,特技,魔法使い,,True,敵ユニット1体に1ダメージを与える。与えたダメージと同じ攻撃力とHPのももいろ三姉妹を出す。,ダメージ,0,,0,HIGH_NO_NAME_NO_GENERIC,https://gameconductor.com/dqrivals/c/d/477,PENDING,未処理。次バッチで確認。,PENDING,,PENDING,,IMPLEMENTED_OR_CONFIRMED_V254,1ダメージを与え、そのダメージ値のももいろ三姉妹を出す。,IMPLEMENTED_OR_CONFIRMED_V254,1ダメージを与え、そのダメージ値のももいろ三姉妹を出す。,IMPLEMENTED_OR_CONFIRMED_V254,1ダメージを与え、そのダメージ値のももいろ三姉妹を出す。
card_08ca59fe,シャドーサタン,6,ユニット,魔法使い,なし,True,魔法陣にいる場合自分のターン終了時全ての敵ユニットに1ダメージ,自分のターン終了時|ダメージ,0,,1,HIGH_NO_NAME_NO_GENERIC,https://gameconductor.com/dqrivals/c/d/555,PENDING,未処理。次バッチで確認。,PENDING,,PENDING,,IMPLEMENTED_OR_CONFIRMED_V254,魔法陣上でターン終了時、全敵ユニットに1ダメージ。,IMPLEMENTED_OR_CONFIRMED_V254,魔法陣上でターン終了時、全敵ユニットに1ダメージ。,IMPLEMENTED_OR_CONFIRMED_V254,魔法陣上でターン終了時、全敵ユニットに1ダメージ。
card_d5196cc2,スライムの心,7,特技,魔法使い,,True,ユニット1体を1/1のスライムに変える。スライム系の味方ユニットの数分コスト-1,コスト,0,,1,HIGH_NO_NAME_NO_GENERIC,https://gameconductor.com/dqrivals/c/d/613,PENDING,未処理。次バッチで確認。,PENDING,,PENDING,,IMPLEMENTED_OR_CONFIRMED_V254,コスト軽減と、ユニット1体を1/1スライムへ変身。,IMPLEMENTED_OR_CONFIRMED_V254,コスト軽減と、ユニット1体を1/1スライムへ変身。,IMPLEMENTED_OR_CONFIRMED_V254,コスト軽減と、ユニット1体を1/1スライムへ変身。
card_7bd036a5,魔力の奔流,7,特技,魔法使い,,True,カードを1枚引く。スキルブースト：+1枚,カードを1枚引く,0,,0,HIGH_NO_NAME_NO_GENERIC,https://gameconductor.com/dqrivals/c/d/654,PENDING,未処理。次バッチで確認。,PENDING,,PENDING,,IMPLEMENTED_OR_CONFIRMED_V254,1ドロー＋テンションスキル使用回数分ドロー。,IMPLEMENTED_OR_CONFIRMED_V254,1ドロー＋テンションスキル使用回数分ドロー。,IMPLEMENTED_OR_CONFIRMED_V254,1ドロー＋テンションスキル使用回数分ドロー。
card_94283c15,マヒャデドス,10,特技,魔法使い,,True,氷塊以外の全ての敵ユニットに5ダメージ。この対戦の間場に出た氷塊の数分コスト-1,ダメージ|コスト,0,,2,HIGH_NO_NAME_NO_GENERIC,https://gameconductor.com/dqrivals/c/d/841,PENDING,未処理。次バッチで確認。,PENDING,,PENDING,,IMPLEMENTED_OR_CONFIRMED_V254,氷塊数でコスト減、氷塊以外の全敵ユニットに5ダメージ。,IMPLEMENTED_OR_CONFIRMED_V254,氷塊数でコスト減、氷塊以外の全敵ユニットに5ダメージ。,IMPLEMENTED_OR_CONFIRMED_V254,氷塊数でコスト減、氷塊以外の全敵ユニットに5ダメージ。
card_6546b092,ミニデーモン,3,ユニット,魔法使い,なし,True,召喚時：味方ヒーローがいる場合自分のデッキからコスト2の特技カードをランダムに1枚引く,召喚時|コスト|ランダム,3,,5,MEDIUM_COMPLEX_IMPLEMENTED_RECHECK,https://gameconductor.com/dqrivals/c/d/871,PENDING,未処理。次バッチで確認。,PENDING,,PENDING,,IMPLEMENTED_OR_CONFIRMED_V254,召喚時、ヒーローがいるなら山札からコスト2特技を1枚引く。,IMPLEMENTED_OR_CONFIRMED_V254,召喚時、ヒーローがいるなら山札からコスト2特技を1枚引く。,IMPLEMENTED_OR_CONFIRMED_V254,召喚時、ヒーローがいるなら山札からコスト2特技を1枚引く。
card_816c4ec0,魔性の道化師ドルマゲス,10,ユニット,魔法使い,魔王,True,召喚時：次の相手のターン終了時まで両プレイヤーの手札の特技カードのコスト-5,召喚時|相手のターン終了時|コスト,0,,4,HIGH_NO_NAME_NO_GENERIC,https://gameconductor.com/dqrivals/c/d/1020,PENDING,未処理。次バッチで確認。,PENDING,,PENDING,,PENDING,両プレイヤー手札特技コスト-5は、次の相手ターン終了時までの復元管理が必要なため保留。,IMPLEMENTED_OR_CONFIRMED_V255,v255実装: 召喚時に両プレイヤー手札の特技コスト-5を発生。召喚者から見て次の相手ターン終了時まで保持し、action replay側も同期。,IMPLEMENTED_OR_CONFIRMED_V255,v255実装: 召喚時に両プレイヤー手札の特技コスト-5を発生。召喚者から見て次の相手ターン終了時まで保持し、action replay側も同期。
card_66466d1d,魔法使いの交換所,0,特技,魔法使い,,True,手札のコインを消費して以下の景品と交換する。1枚：まものの呼び笛、2枚：コスト6のスライムの心、3枚：グリンガムのムチ、その後　カードを1枚引く,カードを1枚引く|コスト,0,,1,HIGH_NO_NAME_NO_GENERIC,https://gameconductor.com/dqrivals/c/d/1144,PENDING,未処理。次バッチで確認。,PENDING,,PENDING,,IMPLEMENTED_OR_CONFIRMED_V254,既存交換所共通処理に委譲して確認。,IMPLEMENTED_OR_CONFIRMED_V254,既存交換所共通処理に委譲して確認。,IMPLEMENTED_OR_CONFIRMED_V254,既存交換所共通処理に委譲して確認。
card_6429b153,少女マリベル,4,ユニット,魔法使い,冒険者,True,召喚時：GET(2)。BET：このターン中、次に使う特技カードのコスト-2。,召喚時|BET|GET|コスト,4,bet_engine+get_engine,6,MEDIUM_COMPLEX_IMPLEMENTED_RECHECK,https://gameconductor.com/dqrivals/c/d/1147,PENDING,未処理。次バッチで確認。,PENDING,,PENDING,,IMPLEMENTED_OR_CONFIRMED_V254,既存BET/特技コスト減処理があることを確認。,IMPLEMENTED_OR_CONFIRMED_V254,既存BET/特技コスト減処理があることを確認。,IMPLEMENTED_OR_CONFIRMED_V254,既存BET/特技コスト減処理があることを確認。
card_2f3b8b24,スラフォース,9,特技,魔法使い,,True,全てのスライム系のみかたユニットを+2/+2、スライム系の味方ユニットの数分手札にあるこのカードのコスト-1,コスト,0,,2,HIGH_NO_NAME_NO_GENERIC,https://gameconductor.com/dqrivals/c/d/1189,PENDING,未処理。次バッチで確認。,PENDING,,PENDING,,IMPLEMENTED_OR_CONFIRMED_V254,味方スライム系数でコスト減、全味方スライム系+2/+2。,IMPLEMENTED_OR_CONFIRMED_V254,味方スライム系数でコスト減、全味方スライム系+2/+2。,IMPLEMENTED_OR_CONFIRMED_V254,味方スライム系数でコスト減、全味方スライム系+2/+2。
card_5c8253b2,シルバリヌス,8,ユニット,魔法使い,なし,True,ねらい撃ち、この対戦中に相手の場に出た氷塊の数分デッキと手札にあるこのカードのコスト-1,コスト,0,keyword,3,HIGH_COMPLEX_NO_EXPLICIT_NAME,https://gameconductor.com/dqrivals/c/d/1263,PENDING,未処理。次バッチで確認。,PENDING,,PENDING,,IMPLEMENTED_OR_CONFIRMED_V254,氷塊数でコスト減、ねらい撃ちは既存キーワード処理。,IMPLEMENTED_OR_CONFIRMED_V254,氷塊数でコスト減、ねらい撃ちは既存キーワード処理。,IMPLEMENTED_OR_CONFIRMED_V254,氷塊数でコスト減、ねらい撃ちは既存キーワード処理。
card_79cc5068,仙人のほら穴,1,建物,魔法使い,,True,ダンジョン(耐久値13で踏破)、コスト1〜8の中から使用していないコストの特技を使用すると耐久値+2、踏破時:ドルマドン1枚を手札に加える,手札に加える|コスト,0,,2,HIGH_NO_NAME_NO_GENERIC,https://gameconductor.com/dqrivals/c/d/1491,PENDING,未処理。次バッチで確認。,PENDING,,PENDING,,IMPLEMENTED_OR_CONFIRMED_V254,建物として開始し、ターン中に使った未使用コスト1〜8の特技ごとに耐久+2、耐久13でドルマドン追加。,IMPLEMENTED_OR_CONFIRMED_V254,建物として開始し、ターン中に使った未使用コスト1〜8の特技ごとに耐久+2、耐久13でドルマドン追加。,IMPLEMENTED_OR_CONFIRMED_V254,建物として開始し、ターン中に使った未使用コスト1〜8の特技ごとに耐久+2、耐久13でドルマドン追加。
card_306ee133,スノードラゴン,5,ユニット,魔法使い,ドラゴン,True,召喚時：コスト4・5・6の特技カードをそれぞれランダムに1枚ずつ選出し、その中から1枚を選んで手札に加える。自分のデッキのメラ系の特技カードが無いなら手札にあるこのカードのコスト-2。,召喚時|手札に加える|コスト|ランダム,7,,5,MEDIUM_COMPLEX_IMPLEMENTED_RECHECK,https://gameconductor.com/dqrivals/c/d/1498,PENDING,未処理。次バッチで確認。,PENDING,,PENDING,,IMPLEMENTED_OR_CONFIRMED_V254,メラ系特技が山札にない場合コスト-2、4/5/6コスト特技から1枚選択して手札へ。,IMPLEMENTED_OR_CONFIRMED_V254,メラ系特技が山札にない場合コスト-2、4/5/6コスト特技から1枚選択して手札へ。,IMPLEMENTED_OR_CONFIRMED_V254,メラ系特技が山札にない場合コスト-2、4/5/6コスト特技から1枚選択して手札へ。
card_dc1b77fa,かくとうパンサー,1,ユニット,武闘家,なし,True,召喚時：武術カード1枚を手札に加える,召喚時|手札に加える,0,,1,HIGH_NO_NAME_NO_GENERIC,https://gameconductor.com/dqrivals/c/d/225,PENDING,未処理。次バッチで確認。,PENDING,,PENDING,,PENDING,,IMPLEMENTED_OR_CONFIRMED_V255,v255実装: 召喚時、武術カード1枚を手札に加える。,IMPLEMENTED_OR_CONFIRMED_V255,v255実装: 召喚時、武術カード1枚を手札に加える。
card_bfa13f5b,あしばらい,1,特技,武闘家,,True,ユニット1体の攻撃力-2、そのユニットの位置を前後入れ替える,,0,,0,HIGH_NO_NAME_NO_GENERIC,https://gameconductor.com/dqrivals/c/d/233,PENDING,未処理。次バッチで確認。,PENDING,,PENDING,,PENDING,,IMPLEMENTED_OR_CONFIRMED_V255,v255実装: ユニット1体の攻撃力-2、前後位置を入れ替える。,IMPLEMENTED_OR_CONFIRMED_V255,v255実装: ユニット1体の攻撃力-2、前後位置を入れ替える。
card_aaaa8a91,きあいため,1,特技,武闘家,,True,味方リーダーのテンション+1,,0,,0,HIGH_NO_NAME_NO_GENERIC,https://gameconductor.com/dqrivals/c/d/234,PENDING,未処理。次バッチで確認。,PENDING,,PENDING,,PENDING,,IMPLEMENTED_OR_CONFIRMED_V255,v255実装: 味方リーダーのテンション+1。,IMPLEMENTED_OR_CONFIRMED_V255,v255実装: 味方リーダーのテンション+1。
card_5f00cdfa,武術稽古,2,特技,武闘家,,True,武術カード2枚を手札に加える,手札に加える,0,,0,HIGH_NO_NAME_NO_GENERIC,https://gameconductor.com/dqrivals/c/d/237,PENDING,未処理。次バッチで確認。,PENDING,,PENDING,,PENDING,,IMPLEMENTED_OR_CONFIRMED_V255,v255実装: 武術カード2枚を手札に加える。,IMPLEMENTED_OR_CONFIRMED_V255,v255実装: 武術カード2枚を手札に加える。
card_cd154c66,不撓不屈,2,特技,武闘家,,True,カードを2枚引いた後1枚捨てる,,0,,0,HIGH_NO_NAME_NO_GENERIC,https://gameconductor.com/dqrivals/c/d/238,PENDING,未処理。次バッチで確認。,PENDING,,PENDING,,PENDING,,IMPLEMENTED_OR_CONFIRMED_V255,v255実装: 2ドロー後1枚捨てる。,IMPLEMENTED_OR_CONFIRMED_V255,v255実装: 2ドロー後1枚捨てる。
card_0dd4fb1f,タイガークロー,2,特技,武闘家,,True,ユニット1体に1ダメージを3回与える,ダメージ,0,,0,HIGH_NO_NAME_NO_GENERIC,https://gameconductor.com/dqrivals/c/d/241,PENDING,未処理。次バッチで確認。,PENDING,,PENDING,,PENDING,,IMPLEMENTED_OR_CONFIRMED_V255,v255実装: ユニット1体に1ダメージを3回。,IMPLEMENTED_OR_CONFIRMED_V255,v255実装: ユニット1体に1ダメージを3回。
card_9d45a818,ダーティラビッツ,6,ユニット,武闘家,なし,True,攻撃対象が敵リーダーの場合攻撃力が2倍になる。,,0,,0,HIGH_NO_NAME_NO_GENERIC,https://gameconductor.com/dqrivals/c/d/245,PENDING,未処理。次バッチで確認。,PENDING,,PENDING,,PENDING,,IMPLEMENTED_OR_CONFIRMED_V255,v255実装: 敵リーダー攻撃時、攻撃力2倍。,IMPLEMENTED_OR_CONFIRMED_V255,v255実装: 敵リーダー攻撃時、攻撃力2倍。
card_681404ee,せいけん突き,2,特技,武闘家,,True,前列にいるユニット1体に5ダメージ,ダメージ,0,,0,HIGH_NO_NAME_NO_GENERIC,https://gameconductor.com/dqrivals/c/d/247,PENDING,未処理。次バッチで確認。,PENDING,,PENDING,,PENDING,,IMPLEMENTED_OR_CONFIRMED_V255,v255実装: 前列ユニット1体に5ダメージ。,IMPLEMENTED_OR_CONFIRMED_V255,v255実装: 前列ユニット1体に5ダメージ。
card_44193806,はりせんもぐら,1,ユニット,武闘家,なし,True,死亡時：味方リーダーのテンション+1,死亡時,0,,1,HIGH_NO_NAME_NO_GENERIC,https://gameconductor.com/dqrivals/c/d/387,PENDING,未処理。次バッチで確認。,PENDING,,PENDING,,PENDING,,IMPLEMENTED_OR_CONFIRMED_V255,v255実装: 死亡時、味方リーダーのテンション+1。,IMPLEMENTED_OR_CONFIRMED_V255,v255実装: 死亡時、味方リーダーのテンション+1。
card_6e4b69dd,めいそう,1,特技,武闘家,,True,味方リーダーのHPを5回復,回復,0,,0,HIGH_NO_NAME_NO_GENERIC,https://gameconductor.com/dqrivals/c/d/411,PENDING,未処理。次バッチで確認。,PENDING,,PENDING,,PENDING,,IMPLEMENTED_OR_CONFIRMED_V255,v255実装: 味方リーダーを5回復。,IMPLEMENTED_OR_CONFIRMED_V255,v255実装: 味方リーダーを5回復。
card_5338b90d,パワーナックル,3,武器,武闘家,,True,味方ユニットの攻撃対象が敵リーダーの場合味方リーダーのテンション+1、武器の耐久力を-1する。,,0,,0,HIGH_NO_NAME_NO_GENERIC,https://gameconductor.com/dqrivals/c/d/412,PENDING,未処理。次バッチで確認。,PENDING,,PENDING,,PENDING,,IMPLEMENTED_OR_CONFIRMED_V255,v255実装: 味方ユニットが敵リーダーを攻撃した後テンション+1、武器耐久-1。,IMPLEMENTED_OR_CONFIRMED_V255,v255実装: 味方ユニットが敵リーダーを攻撃した後テンション+1、武器耐久-1。
card_9ecaec78,一喝,10,特技,武闘家,,True,全てのユニットをお互いの手札に戻す。スキルブースト:コスト-1,コスト,0,,2,HIGH_NO_NAME_NO_GENERIC,https://gameconductor.com/dqrivals/c/d/434,PENDING,未処理。次バッチで確認。,PENDING,,PENDING,,PENDING,,IMPLEMENTED_OR_CONFIRMED_V255,v255実装: 全ユニットをそれぞれの手札に戻す。,IMPLEMENTED_OR_CONFIRMED_V255,v255実装: 全ユニットをそれぞれの手札に戻す。
card_3edbc97b,背水の陣,2,特技,武闘家,,True,後列にいる全てのユニットのマスの地形をすべる床に変える。,,0,,1,HIGH_NO_NAME_NO_GENERIC,https://gameconductor.com/dqrivals/c/d/478,PENDING,未処理。次バッチで確認。,PENDING,,PENDING,,PENDING,,IMPLEMENTED_OR_CONFIRMED_V255,v255実装: 後列ユニットがいるマスをすべる床に変更。,IMPLEMENTED_OR_CONFIRMED_V255,v255実装: 後列ユニットがいるマスをすべる床に変更。
card_aa235f4f,マイユ,9,ユニット,武闘家,冒険者,True,召喚時:合計3ダメージをランダムな敵に割り振る。 この対戦の間自分のターン中にユニットが移動する度ダメージ+1,召喚時|ダメージ|ランダム,0,,2,HIGH_COMPLEX_NO_EXPLICIT_NAME,https://gameconductor.com/dqrivals/c/d/495,PENDING,未処理。次バッチで確認。,PENDING,,PENDING,,PENDING,,PARTIAL_V255_NEEDS_FOLLOWUP,v255部分実装: 召喚時のランダム割り振り3ダメージは実装。ユニット移動回数に応じた永続ダメージ増加は全移動経路の監視が必要なため継続。,IMPLEMENTED_V256,v256実装: 自分が発動したユニット移動系効果の移動回数を対戦中永続カウント。召喚時のランダム割り振りダメージを3+移動回数に更新。
card_a7de014b,無鉄砲な作戦,1,特技,武闘家,,True,両プレイヤーは全ての味方ユニットをランダムな味方マスに移動させる,ランダム,0,,2,HIGH_COMPLEX_NO_EXPLICIT_NAME,https://gameconductor.com/dqrivals/c/d/518,PENDING,未処理。次バッチで確認。,PENDING,,PENDING,,PENDING,,PENDING,,IMPLEMENTED_V256,v256実装: 両プレイヤーの味方ユニットをランダムな味方マスへ再配置。移動回数をマイユ用にカウントし、unitMovedBoardV256で対戦同期。
card_d9991cf8,スライムフィーバー,0,特技,武闘家,,True,自分の手札になる全ての特技カードをランダムなスライム系のユニットカードに変える。,ランダム,0,,3,HIGH_COMPLEX_NO_EXPLICIT_NAME,https://gameconductor.com/dqrivals/c/d/583,PENDING,未処理。次バッチで確認。,PENDING,,PENDING,,PENDING,,PARTIAL_V255_NEEDS_FOLLOWUP,v255部分実装: v254AddCardToSideHandByName経由で手札に加わる特技はランダムなスライム系ユニットへ変換。ドローや一部特殊追加経路は継続確認。,IMPLEMENTED_V256,v256実装: 自分の手札になる特技カードを破棄し、全スライム系ユニットプールからランダム選出したカードへ入れ替える。v254Add/draw/addCardId/copy経路を補強。
card_b0e2d3b1,スライムホイッスル,2,特技,武闘家,,True,自分のデッキからスライム系のユニットカードをランダムに2枚手札に加える。,手札に加える|ランダム,0,,2,HIGH_COMPLEX_NO_EXPLICIT_NAME,https://gameconductor.com/dqrivals/c/d/657,PENDING,未処理。次バッチで確認。,PENDING,,PENDING,,PENDING,,IMPLEMENTED_OR_CONFIRMED_V255,v255実装: デッキからスライム系ユニットカードをランダムに2枚手札へ。,IMPLEMENTED_OR_CONFIRMED_V255,v255実装: デッキからスライム系ユニットカードをランダムに2枚手札へ。
card_2f9f7e7c,武術：飛び蹴り,0,特技,武闘家,,False,ユニット１体の位置を前後入れ替える,,0,,0,HIGH_NO_NAME_NO_GENERIC,https://gameconductor.com/dqrivals/c/d/728,PENDING,未処理。次バッチで確認。,PENDING,,PENDING,,PENDING,,IMPLEMENTED_OR_CONFIRMED_V255,v255実装: ユニット1体の前後位置を入れ替える。,IMPLEMENTED_OR_CONFIRMED_V255,v255実装: ユニット1体の前後位置を入れ替える。
card_2c9322d6,武術：ストレートパンチ,0,特技,武闘家,,False,１ダメージを与える,ダメージ,0,,0,HIGH_NO_NAME_NO_GENERIC,https://gameconductor.com/dqrivals/c/d/729,PENDING,未処理。次バッチで確認。,PENDING,,PENDING,,PENDING,,IMPLEMENTED_OR_CONFIRMED_V255,v255実装: 1ダメージ。,IMPLEMENTED_OR_CONFIRMED_V255,v255実装: 1ダメージ。
card_51be9348,武術：精神統一,1,ユニット,武闘家,なし,False,カードを１枚引く,,0,,0,HIGH_NO_NAME_NO_GENERIC,https://gameconductor.com/dqrivals/c/d/730,PENDING,未処理。次バッチで確認。,PENDING,,PENDING,,PENDING,,IMPLEMENTED_OR_CONFIRMED_V255,v255実装: カードを1枚引く。,IMPLEMENTED_OR_CONFIRMED_V255,v255実装: カードを1枚引く。
card_836e9b18,せんとうからはずす,1,特技,武闘家,,True,味方ユニット1体を手札に戻す,,0,,0,HIGH_NO_NAME_NO_GENERIC,https://gameconductor.com/dqrivals/c/d/757,PENDING,未処理。次バッチで確認。,PENDING,,PENDING,,PENDING,,IMPLEMENTED_OR_CONFIRMED_V255,v255実装: 味方ユニット1体を手札に戻す。,IMPLEMENTED_OR_CONFIRMED_V255,v255実装: 味方ユニット1体を手札に戻す。
card_a9428141,心頭滅却,0,特技,武闘家,,True,必殺技、自分の手札の特技カードを1枚選ぶ。そのカードのコスト-4、カードを1枚引く,カードを1枚引く|コスト,0,,2,HIGH_NO_NAME_NO_GENERIC,https://gameconductor.com/dqrivals/c/d/779,PENDING,未処理。次バッチで確認。,PENDING,,PENDING,,PENDING,,IMPLEMENTED_OR_CONFIRMED_V255,v255実装: 手札の特技1枚のコスト-4、カードを1枚引く。複数候補は選択式。,IMPLEMENTED_OR_CONFIRMED_V255,v255実装: 手札の特技1枚のコスト-4、カードを1枚引く。複数候補は選択式。
card_ca6bd1c5,モリーもりもり,1,特技,武闘家,,True,後列にいる全ての敵ユニットを前列に移動させる,,0,,1,HIGH_NO_NAME_NO_GENERIC,https://gameconductor.com/dqrivals/c/d/819,PENDING,未処理。次バッチで確認。,PENDING,,PENDING,,PENDING,,IMPLEMENTED_OR_CONFIRMED_V255,v255実装: 後列の敵ユニットを可能な限り前列へ移動。,IMPLEMENTED_OR_CONFIRMED_V255,v255実装: 後列の敵ユニットを可能な限り前列へ移動。
card_ef688639,古武道のツメ,5,武器,武闘家,,True,攻撃時：武術カードを３種１枚ずつ手札に加える,攻撃時|手札に加える,0,,1,HIGH_NO_NAME_NO_GENERIC,https://gameconductor.com/dqrivals/c/d/843,PENDING,未処理。次バッチで確認。,PENDING,,PENDING,,PENDING,,IMPLEMENTED_OR_CONFIRMED_V255,v255実装: リーダー攻撃後、武術カード3種を1枚ずつ手札に加える。,IMPLEMENTED_OR_CONFIRMED_V255,v255実装: リーダー攻撃後、武術カード3種を1枚ずつ手札に加える。
card_71835864,スライムスカウト,1,特技,武闘家,,True,1/1のスライムを2体出す,,0,,0,HIGH_NO_NAME_NO_GENERIC,https://gameconductor.com/dqrivals/c/d/872,PENDING,未処理。次バッチで確認。,PENDING,,PENDING,,PENDING,,IMPLEMENTED_OR_CONFIRMED_V255,v255実装: 1/1スライムを2体出す。,IMPLEMENTED_OR_CONFIRMED_V255,v255実装: 1/1スライムを2体出す。
card_3dc5fbef,スマイルロック,1,ユニット,武闘家,なし,True,絶好調、攻撃時：このユニットが絶好調状態ならテンション+1,攻撃時|このユニットが,0,,1,HIGH_NO_NAME_NO_GENERIC,https://gameconductor.com/dqrivals/c/d/874,PENDING,未処理。次バッチで確認。,PENDING,,PENDING,,PENDING,,IMPLEMENTED_OR_CONFIRMED_V255,v255実装: 絶好調状態で攻撃時、テンション+1。,IMPLEMENTED_OR_CONFIRMED_V255,v255実装: 絶好調状態で攻撃時、テンション+1。
card_66362a6d,勇猛果敢,2,特技,武闘家,,True,おうえん、全てのみかたユニットを絶好調状態に戻す。カードを1枚引く,カードを1枚引く,0,,1,HIGH_NO_NAME_NO_GENERIC,https://gameconductor.com/dqrivals/c/d/955,PENDING,未処理。次バッチで確認。,PENDING,,PENDING,,PENDING,,IMPLEMENTED_OR_CONFIRMED_V255,v255実装: おうえん、全味方ユニットを絶好調に戻し、1ドロー。,IMPLEMENTED_OR_CONFIRMED_V255,v255実装: おうえん、全味方ユニットを絶好調に戻し、1ドロー。
card_c78b03ab,はやぶさのツメ,5,武器,武闘家,,True,2回攻撃、自分の場に冒険者がいるならコスト-2,コスト,0,,1,HIGH_NO_NAME_NO_GENERIC,https://gameconductor.com/dqrivals/c/d/1017,PENDING,未処理。次バッチで確認。,PENDING,,PENDING,,PENDING,,IMPLEMENTED_OR_CONFIRMED_V255,v255実装: 場に冒険者がいる場合コスト-2。武器側の2回攻撃は既存キーワード処理で反映。,IMPLEMENTED_OR_CONFIRMED_V255,v255実装: 場に冒険者がいる場合コスト-2。武器側の2回攻撃は既存キーワード処理で反映。
card_41758536,武闘家の交換所,0,特技,武闘家,,True,手札のコインを消費して以下の景品と交換する。1枚：ちからの指輪 、2枚:コスト3のシルバークロー、3枚：ほしふるうでわ その後カードを1枚引く,カードを1枚引く|コスト,0,,1,HIGH_NO_NAME_NO_GENERIC,https://gameconductor.com/dqrivals/c/d/1148,PENDING,未処理。次バッチで確認。,PENDING,,PENDING,,PENDING,,PENDING,,PENDING,
card_8ae971ee,カンダタこぶん,2,ユニット,武闘家,なし,True,召喚時：GET(1)。BET：このターン中、次に使用するテンションカードのコストが0になる。,召喚時|BET|GET|コスト,5,bet_engine+get_engine,5,MEDIUM_COMPLEX_IMPLEMENTED_RECHECK,https://gameconductor.com/dqrivals/c/d/1149,PENDING,未処理。次バッチで確認。,PENDING,,PENDING,,PENDING,,PENDING,,PENDING,
card_99408259,フェアリーバット,1,ユニット,武闘家,なし,True,召喚時：後列にいるすべての敵ユニットを前列に移動させる。,召喚時,0,,1,HIGH_NO_NAME_NO_GENERIC,https://gameconductor.com/dqrivals/c/d/1264,PENDING,未処理。次バッチで確認。,PENDING,,PENDING,,PENDING,,IMPLEMENTED_OR_CONFIRMED_V255,v255実装: 召喚時、後列の敵ユニットを可能な限り前列へ移動。,IMPLEMENTED_OR_CONFIRMED_V255,v255実装: 召喚時、後列の敵ユニットを可能な限り前列へ移動。
card_64609c1d,わらいぐさ,1,ユニット,武闘家,なし,True,死亡時：自分のデッキからユニットカードを1枚引く,死亡時|カードを1枚引く,0,,2,HIGH_NO_NAME_NO_GENERIC,https://gameconductor.com/dqrivals/c/d/1265,PENDING,未処理。次バッチで確認。,PENDING,,PENDING,,PENDING,,IMPLEMENTED_OR_CONFIRMED_V255,v255実装: 死亡時、デッキからユニットカードを1枚引く。,IMPLEMENTED_OR_CONFIRMED_V255,v255実装: 死亡時、デッキからユニットカードを1枚引く。
card_95997a26,しんくうげり,2,特技,武闘家,,True,前列にいる全ての敵ユニットに3ダメージ,ダメージ,0,,1,HIGH_NO_NAME_NO_GENERIC,https://gameconductor.com/dqrivals/c/d/1267,PENDING,未処理。次バッチで確認。,PENDING,,PENDING,,PENDING,,IMPLEMENTED_OR_CONFIRMED_V255,v255実装: 前列の全敵ユニットに3ダメージ。,IMPLEMENTED_OR_CONFIRMED_V255,v255実装: 前列の全敵ユニットに3ダメージ。
card_41916861,オオワシのツメ,2,武器,武闘家,,True,反撃ダメージを受けない。ダメージを与えたユニットの位置を前後入れ替える,ダメージ,0,,0,HIGH_NO_NAME_NO_GENERIC,https://gameconductor.com/dqrivals/c/d/1268,PENDING,未処理。次バッチで確認。,PENDING,,PENDING,,PENDING,,IMPLEMENTED_OR_CONFIRMED_V255,v255実装: 反撃ダメージ無効は武器noCounterで処理。ダメージを与えた敵ユニットを前後入れ替え。,IMPLEMENTED_OR_CONFIRMED_V255,v255実装: 反撃ダメージ無効は武器noCounterで処理。ダメージを与えた敵ユニットを前後入れ替え。
card_5a0bddb6,ブオーン,11,ユニット,武闘家,なし,True,このユニットは移動せず手札に戻らない。このユニットの攻撃は他の全ての敵にも同時にダメージを与える スキルブースト:コスト-1,ダメージ|コスト,0,,2,HIGH_NO_NAME_NO_GENERIC,https://gameconductor.com/dqrivals/c/d/1367,PENDING,未処理。次バッチで確認。,PENDING,,PENDING,,PENDING,,PENDING,,PENDING,
card_50186816,百獣の王キングレオ,12,ユニット,武闘家,なし,True,速攻、この対戦中に自分が味方にさくせんを出した回数分手札のこのカードのコスト-1,コスト,0,keyword,2,HIGH_COMPLEX_NO_EXPLICIT_NAME,https://gameconductor.com/dqrivals/c/d/1439,PENDING,未処理。次バッチで確認。,PENDING,,PENDING,,PENDING,,PENDING,,PENDING,
card_3db909f1,コスモスライム,1,ユニット,武闘家,スライム,True,召喚時：敵ユニット1体に2ダメージ、死亡時：ランダムな味方ユニット1体に2ダメージ,召喚時|死亡時|ダメージ|ランダム,0,,3,HIGH_COMPLEX_NO_EXPLICIT_NAME,https://gameconductor.com/dqrivals/c/d/1501,PENDING,未処理。次バッチで確認。,PENDING,,PENDING,,PENDING,,IMPLEMENTED_OR_CONFIRMED_V255,v255実装: 召喚時に敵ユニット1体へ2ダメージ、死亡時ランダム味方ユニット1体へ2ダメージ。,IMPLEMENTED_OR_CONFIRMED_V255,v255実装: 召喚時に敵ユニット1体へ2ダメージ、死亡時ランダム味方ユニット1体へ2ダメージ。
card_a9ef80f3,ウィングブロウ,2,特技,武闘家,,True,ユニット1体に1ダメージを2回与える。武術カードの中から1枚を選び手札に加える,手札に加える|ダメージ,0,,0,HIGH_NO_NAME_NO_GENERIC,https://gameconductor.com/dqrivals/c/d/1503,PENDING,未処理。次バッチで確認。,PENDING,,PENDING,,PENDING,,IMPLEMENTED_OR_CONFIRMED_V255,v255実装: ユニット1体に1ダメージ×2、その後武術カード1枚を手札へ。,IMPLEMENTED_OR_CONFIRMED_V255,v255実装: ユニット1体に1ダメージ×2、その後武術カード1枚を手札へ。
card_dc7773b0,パワースナイプ,1,特技,僧侶,,True,2ダメージを与える,ダメージ,0,,0,HIGH_NO_NAME_NO_GENERIC,https://gameconductor.com/dqrivals/c/d/256,PENDING,未処理。次バッチで確認。,PENDING,,PENDING,,PENDING,,PENDING,,PENDING,
card_f4edd38d,スカラ,1,特技,僧侶,,True,ユニット1体のHPを+3,,0,,0,HIGH_NO_NAME_NO_GENERIC,https://gameconductor.com/dqrivals/c/d/257,PENDING,未処理。次バッチで確認。,PENDING,,PENDING,,PENDING,,PENDING,,PENDING,
card_077f70d7,皮肉な笑い,2,特技,僧侶,,True,ユニット1体の攻撃力をHPと同じ値にする,,0,,0,HIGH_NO_NAME_NO_GENERIC,https://gameconductor.com/dqrivals/c/d/259,PENDING,未処理。次バッチで確認。,PENDING,,PENDING,,PENDING,,PENDING,,PENDING,
card_13658a44,ふゆうじゅ,1,ユニット,僧侶,なし,True,死亡時：ランダムな味方ユニット1体のHP+1,死亡時|ランダム,0,,2,HIGH_COMPLEX_NO_EXPLICIT_NAME,https://gameconductor.com/dqrivals/c/d/263,PENDING,未処理。次バッチで確認。,PENDING,,PENDING,,PENDING,,PENDING,,PENDING,
card_8220ee99,ザラキ,7,特技,僧侶,,True,縦一列にいる全ての敵ユニットを死亡させる,,0,,1,HIGH_NO_NAME_NO_GENERIC,https://gameconductor.com/dqrivals/c/d/281,PENDING,未処理。次バッチで確認。,PENDING,,PENDING,,PENDING,,PENDING,,PENDING,
card_b8c0c041,いやしの風,1,特技,僧侶,,True,おうえん、ダメージを受けているランダムな味方1体のHPを1回復する。 これを2回繰り返す。,ダメージ|回復|ランダム,0,,1,HIGH_COMPLEX_NO_EXPLICIT_NAME,https://gameconductor.com/dqrivals/c/d/395,PENDING,未処理。次バッチで確認。,PENDING,,PENDING,,PENDING,,PENDING,,PENDING,
card_b4071e6a,福音の杖,2,武器,僧侶,,True,テンションリンク：ダメージを受けているランダムな味方1体のHPを2回復する、武器の耐久力を-1する。,テンションリンク|ダメージ|回復|ランダム,0,,2,HIGH_COMPLEX_NO_EXPLICIT_NAME,https://gameconductor.com/dqrivals/c/d/465,PENDING,未処理。次バッチで確認。,PENDING,,PENDING,,PENDING,,PENDING,,PENDING,
card_67850347,妖精の祝福,2,特技,僧侶,,True,横一列にいる全ての味方ユニットを+1/+1した後それらのユニットのHPを2回復,回復,0,,1,HIGH_NO_NAME_NO_GENERIC,https://gameconductor.com/dqrivals/c/d/469,PENDING,未処理。次バッチで確認。,PENDING,,PENDING,,PENDING,,PENDING,,PENDING,
card_420e6962,いやしの雨,1,特技,僧侶,,True,敵味方全体のHPを2回復,回復,0,,0,HIGH_NO_NAME_NO_GENERIC,https://gameconductor.com/dqrivals/c/d/521,PENDING,未処理。次バッチで確認。,PENDING,,PENDING,,PENDING,,PENDING,,PENDING,
card_a3ef00ea,聖銀のレイピア,3,武器,僧侶,,True,味方が回復する度このターン中攻撃力+1を得る,味方が|回復,0,,1,HIGH_NO_NAME_NO_GENERIC,https://gameconductor.com/dqrivals/c/d/560,PENDING,未処理。次バッチで確認。,PENDING,,PENDING,,PENDING,,PENDING,,PENDING,
card_63714a60,魔道士ウルノーガ,7,ユニット,僧侶,魔王,True,すべての敵は回復の効果で代わりにダメージを受ける。 このユニットが前列にいる場合敵ユニットが死亡する度カードを1枚引く,前列にいる場合|このユニットが|カードを1枚引く|ダメージ|回復,0,,0,HIGH_NO_NAME_NO_GENERIC,https://gameconductor.com/dqrivals/c/d/563,PENDING,未処理。次バッチで確認。,PENDING,,PENDING,,PENDING,,PENDING,,PENDING,
card_fd9f76f6,スクルト,2,特技,僧侶,,True,縦一列にいる全てのユニットのHP+2,,0,,1,HIGH_NO_NAME_NO_GENERIC,https://gameconductor.com/dqrivals/c/d/618,PENDING,未処理。次バッチで確認。,PENDING,,PENDING,,PENDING,,PENDING,,PENDING,
card_04b7fc17,しっぷうのレイピア,4,武器,僧侶,,True,この武器が壊れた時ランダムなドラゴン系のユニットカードを手札に1枚加える,ランダム,0,,1,HIGH_COMPLEX_NO_EXPLICIT_NAME,https://gameconductor.com/dqrivals/c/d/659,PENDING,未処理。次バッチで確認。,PENDING,,PENDING,,PENDING,,PENDING,,PENDING,
card_b2acd5a0,竜のうろこ,2,特技,僧侶,,True,ユニット1体を+1/+2。対象がドラゴン系のユニットの場合カードを1枚引く。,カードを1枚引く,0,,0,HIGH_NO_NAME_NO_GENERIC,https://gameconductor.com/dqrivals/c/d/662,PENDING,未処理。次バッチで確認。,PENDING,,PENDING,,PENDING,,PENDING,,PENDING,
card_d3b270fb,せいれいのうた,9,特技,僧侶,,True,この対戦中に死亡した3コスト以下のユニットを3体復活させる。 スキルブースト:+1体,復活|コスト,0,,3,HIGH_COMPLEX_NO_EXPLICIT_NAME,https://gameconductor.com/dqrivals/c/d/758,PENDING,未処理。次バッチで確認。,PENDING,,PENDING,,PENDING,,PENDING,,PENDING,
card_8c3f9abb,ニードルショット,0,特技,僧侶,,True,必殺技、攻撃力3以下の敵ユニット1体を死亡させる,,0,,0,HIGH_NO_NAME_NO_GENERIC,https://gameconductor.com/dqrivals/c/d/781,PENDING,未処理。次バッチで確認。,PENDING,,PENDING,,PENDING,,PENDING,,PENDING,
card_5f683184,ふっかつの杖,7,武器,僧侶,,True,味方リーダーが攻撃した後この大戦中に死亡したランダムな味方ユニット1体を復活させる,攻撃した後|復活|ランダム,0,,2,HIGH_COMPLEX_NO_EXPLICIT_NAME,https://gameconductor.com/dqrivals/c/d/896,PENDING,未処理。次バッチで確認。,PENDING,,PENDING,,PENDING,,PENDING,,PENDING,
card_7d9dc67b,ミラクルソード,2,特技,僧侶,,True,ユニット1体に3ダメージ。ランダムな味方1体のHPを2回復する,ダメージ|回復|ランダム,0,,1,HIGH_COMPLEX_NO_EXPLICIT_NAME,https://gameconductor.com/dqrivals/c/d/957,PENDING,未処理。次バッチで確認。,PENDING,,PENDING,,PENDING,,PENDING,,PENDING,
card_bd691484,アモールの雨,0,特技,僧侶,,True,全ての味方のHPを2回復,回復,0,,1,HIGH_NO_NAME_NO_GENERIC,https://gameconductor.com/dqrivals/c/d/995,PENDING,未処理。次バッチで確認。,PENDING,,PENDING,,PENDING,,PENDING,,PENDING,
card_1b860372,シャイニングボウ,0,特技,僧侶,,True,必殺技：この対戦中味方ユニットが回復する度ランダムな敵1体に1ダメージ。カードを2枚引く。,ダメージ|回復|ランダム,0,,2,HIGH_COMPLEX_NO_EXPLICIT_NAME,https://gameconductor.com/dqrivals/c/d/996,PENDING,未処理。次バッチで確認。,PENDING,,PENDING,,PENDING,,PENDING,,PENDING,
card_f9a9e164,はくあいの杖,2,武器,僧侶,,True,味方リーダーが攻撃した後全ての味方ユニットのHPを1回復,攻撃した後|回復,0,,1,HIGH_NO_NAME_NO_GENERIC,https://gameconductor.com/dqrivals/c/d/1023,PENDING,未処理。次バッチで確認。,PENDING,,PENDING,,PENDING,,PENDING,,PENDING,
card_1727eb71,友愛の心,2,特技,僧侶,,True,敵ユニット1体の攻撃力-3。自分の場に冒険者がいるなら代わりに攻撃力-6,,0,,0,HIGH_NO_NAME_NO_GENERIC,https://gameconductor.com/dqrivals/c/d/1049,PENDING,未処理。次バッチで確認。,PENDING,,PENDING,,PENDING,,PENDING,,PENDING,
card_7e3cc362,バギマ,2,特技,僧侶,,True,縦一列にいる全ての敵ユニットに1ダメージ。自分の場に冒険者がいるなら代わりに3ダメージ。,ダメージ,0,,1,HIGH_NO_NAME_NO_GENERIC,https://gameconductor.com/dqrivals/c/d/1050,PENDING,未処理。次バッチで確認。,PENDING,,PENDING,,PENDING,,PENDING,,PENDING,
card_140b92ae,転生の祈り,2,特技,僧侶,,True,GET(1)、その後手札のコインの枚数以下にコストを持つ。この対戦中に死亡した敵ユニットの中からコストが最大のもの1体を味方として復活させる,GET|復活|コスト,0,get_engine,4,HIGH_COMPLEX_NO_EXPLICIT_NAME,https://gameconductor.com/dqrivals/c/d/1125,PENDING,未処理。次バッチで確認。,PENDING,,PENDING,,PENDING,,PENDING,,PENDING,
card_86f8054a,僧侶の交換所,0,特技,僧侶,,True,手札のコインを消費して以下の景品と交換する。1枚:福音の杖、2枚:コスト2のエロスの弓、3枚：しんぴのよろい その後カードを1枚引く,カードを1枚引く|コスト,0,,1,HIGH_NO_NAME_NO_GENERIC,https://gameconductor.com/dqrivals/c/d/1152,PENDING,未処理。次バッチで確認。,PENDING,,PENDING,,PENDING,,PENDING,,PENDING,
card_a2e4dad1,ズッシード,2,特技,僧侶,,True,全ての味方ユニットにHP+1と「このユニットは移動せず手札に戻らない」を付与する,,0,,1,HIGH_NO_NAME_NO_GENERIC,https://gameconductor.com/dqrivals/c/d/1153,PENDING,未処理。次バッチで確認。,PENDING,,PENDING,,PENDING,,PENDING,,PENDING,
card_5ee583f1,マリンフェアリー,5,ユニット,僧侶,なし,True,召喚時:手札にあるコインをランダムに1枚捨てる。そうした場合この対戦中に死亡した4コスト以下の味方ユニット3種類の中から1体を選んで復活させる,召喚時|復活|コスト|ランダム,6,,5,MEDIUM_COMPLEX_IMPLEMENTED_RECHECK,https://gameconductor.com/dqrivals/c/d/1197,PENDING,未処理。次バッチで確認。,PENDING,,PENDING,,PENDING,,PENDING,,PENDING,
card_39803cd0,テンペラーソード,2,武器,僧侶,,True,味方リーダーが攻撃した後味方リーダーのテンション+1,攻撃した後,0,,0,HIGH_NO_NAME_NO_GENERIC,https://gameconductor.com/dqrivals/c/d/1280,PENDING,未処理。次バッチで確認。,PENDING,,PENDING,,PENDING,,PENDING,,PENDING,
card_94068a9a,アクバー,7,ユニット,僧侶,魔王,True,他の味方ユニットが死亡する度そのユニットを復活させ「死亡する場合代わりに消滅する」を付与する,復活|消滅,0,,2,HIGH_COMPLEX_NO_EXPLICIT_NAME,https://gameconductor.com/dqrivals/c/d/1376,PENDING,未処理。次バッチで確認。,PENDING,,PENDING,,PENDING,,PENDING,,PENDING,
card_faeb0dbb,共鳴のどんぐりベビー,1,ユニット,僧侶,なし,True,召喚時：味方リーダーのテンションの数と同じ攻撃力になる。死亡時:このユニットの攻撃力が3以上ならカードを1枚引く,召喚時|死亡時|カードを1枚引く,0,,2,HIGH_NO_NAME_NO_GENERIC,https://gameconductor.com/dqrivals/c/d/1449,PENDING,未処理。次バッチで確認。,PENDING,,PENDING,,PENDING,,PENDING,,PENDING,
card_55b2b15d,執念のひとくいサーベル,1,ユニット,僧侶,なし,True,死亡時：自分のデッキからコスト4以下の武器カードをランダムに1枚引く,死亡時|コスト|ランダム,0,,4,HIGH_COMPLEX_NO_EXPLICIT_NAME,https://gameconductor.com/dqrivals/c/d/1511,PENDING,未処理。次バッチで確認。,PENDING,,PENDING,,PENDING,,PENDING,,PENDING,
card_3fb9f41e,ザオの杖,4,武器,僧侶,,True,味方リーダーが攻撃した後この対戦中に死亡したコスト2以下のランダムな味方ユニット1体を復活させる,攻撃した後|復活|コスト|ランダム,0,,4,HIGH_COMPLEX_NO_EXPLICIT_NAME,https://gameconductor.com/dqrivals/c/d/1517,PENDING,未処理。次バッチで確認。,PENDING,,PENDING,,PENDING,,PENDING,,PENDING,
card_75c0f22c,スライムジェネラル,8,ユニット,僧侶,スライム,True,おうえん、召喚時：味方リーダーのテンションスキルを将軍の秘技に変える,召喚時,0,,1,HIGH_NO_NAME_NO_GENERIC,https://gameconductor.com/dqrivals/c/d/1519,PENDING,未処理。次バッチで確認。,PENDING,,PENDING,,PENDING,,PENDING,,PENDING,
card_9c9ba49d,ザラキーマ,13,特技,僧侶,,True,ランダムな敵ユニット3体を死亡させる。スキルブースト:コスト-1,コスト|ランダム,0,,2,HIGH_COMPLEX_NO_EXPLICIT_NAME,https://gameconductor.com/dqrivals/c/d/1520,PENDING,未処理。次バッチで確認。,PENDING,,PENDING,,PENDING,,PENDING,,PENDING,
card_906a83ec,怨恨のバラモスゾンビ,10,ユニット,僧侶,ゾンビ,True,速攻、死亡時:ランダムな敵ユニット1体を死亡させる。味方リーダーのテンション+2、対戦中に味方が復活した数分手札のこのカードのコスト-1,死亡時|味方が|復活|コスト|ランダム,0,keyword,4,HIGH_COMPLEX_NO_EXPLICIT_NAME,https://gameconductor.com/dqrivals/c/d/1568,PENDING,未処理。次バッチで確認。,PENDING,,PENDING,,PENDING,,PENDING,,PENDING,
card_773b2a31,つちわらし,1,ユニット,商人,なし,True,召喚時：ターン終了時このユニットの前後に自身のコピーを出す,召喚時,0,,1,HIGH_NO_NAME_NO_GENERIC,https://gameconductor.com/dqrivals/c/d/285,PENDING,未処理。次バッチで確認。,PENDING,,PENDING,,PENDING,,PENDING,,PENDING,
card_8c5590a2,しあわせの巻物,2,特技,商人,,True,ユニット1体を+1/+1した後道具カード1枚を手札に加える,手札に加える,0,,0,HIGH_NO_NAME_NO_GENERIC,https://gameconductor.com/dqrivals/c/d/289,PENDING,未処理。次バッチで確認。,PENDING,,PENDING,,PENDING,,PENDING,,PENDING,
card_09526dbf,変化の杖,2,特技,商人,,True,ユニット1体をコストが1低いランダムなユニットに変身させる,変身|コスト|ランダム,0,,3,HIGH_COMPLEX_NO_EXPLICIT_NAME,https://gameconductor.com/dqrivals/c/d/290,PENDING,未処理。次バッチで確認。,PENDING,,PENDING,,PENDING,,PENDING,,PENDING,
card_e1cf8f66,商人のそろばん,3,武器,商人,,True,味方リーダーの攻撃で敵ユニットを倒す度道具カード1枚を手札に加える。,手札に加える,0,,0,HIGH_NO_NAME_NO_GENERIC,https://gameconductor.com/dqrivals/c/d/291,PENDING,未処理。次バッチで確認。,PENDING,,PENDING,,PENDING,,PENDING,,PENDING,
card_ee9e205b,封印の杖,0,特技,商人,,True,ユニット1体を封印する,封印,0,,1,HIGH_COMPLEX_NO_EXPLICIT_NAME,https://gameconductor.com/dqrivals/c/d/293,PENDING,未処理。次バッチで確認。,PENDING,,PENDING,,PENDING,,PENDING,,PENDING,
card_9b4fa427,かなしばりの杖,0,特技,商人,,True,縦一列にいるすべての敵ユニットを次のターン攻撃不能にする。,,0,,0,HIGH_NO_NAME_NO_GENERIC,https://gameconductor.com/dqrivals/c/d/297,PENDING,未処理。次バッチで確認。,PENDING,,PENDING,,PENDING,,PENDING,,PENDING,
card_94068f21,バロンジャッカル,6,ユニット,商人,なし,True,このカード以外の自分の手札が6枚以上ある場合コスト-2,コスト,0,,1,HIGH_NO_NAME_NO_GENERIC,https://gameconductor.com/dqrivals/c/d/306,PENDING,未処理。次バッチで確認。,PENDING,,PENDING,,PENDING,,PENDING,,PENDING,
card_1e7ef496,せいぎのそろばん,6,武器,商人,,True,召喚時：このカード以外の自分の手札が6枚以上ある場合攻撃力+2,召喚時,0,,1,HIGH_NO_NAME_NO_GENERIC,https://gameconductor.com/dqrivals/c/d/312,PENDING,未処理。次バッチで確認。,PENDING,,PENDING,,PENDING,,PENDING,,PENDING,
card_d56c30af,キラーマジンガ,8,ユニット,商人,なし,True,2回攻撃、召喚時：このカード以外の自分の手札が6枚以上ある場合ランダムな的に2ダメージを計4回与える。,召喚時|ダメージ|ランダム,0,,2,HIGH_COMPLEX_NO_EXPLICIT_NAME,https://gameconductor.com/dqrivals/c/d/314,PENDING,未処理。次バッチで確認。,PENDING,,PENDING,,PENDING,,PENDING,,PENDING,
card_bc148e39,たたかいのドラム,7,特技,商人,,True,すべての味方ユニットの攻撃力+1、スキルブースト:攻撃力+1,,0,,0,HIGH_NO_NAME_NO_GENERIC,https://gameconductor.com/dqrivals/c/d/405,PENDING,未処理。次バッチで確認。,PENDING,,PENDING,,PENDING,,PENDING,,PENDING,
card_bb6e10d8,しあわせの杖,2,特技,商人,,True,味方ユニット1体をコストが2高いランダムなユニットに変身させる。,変身|コスト|ランダム,0,,3,HIGH_COMPLEX_NO_EXPLICIT_NAME,https://gameconductor.com/dqrivals/c/d/444,PENDING,未処理。次バッチで確認。,PENDING,,PENDING,,PENDING,,PENDING,,PENDING,
card_5e63b922,たからのにおい,2,特技,商人,,True,敵か味方の横1列のマスの地形を全て宝箱に変える,,0,,1,HIGH_NO_NAME_NO_GENERIC,https://gameconductor.com/dqrivals/c/d/524,PENDING,未処理。次バッチで確認。,PENDING,,PENDING,,PENDING,,PENDING,,PENDING,
card_416d11bf,てんばつの杖,2,特技,商人,,True,ユニット1体に味方ユニットの数と同じダメージを与える,ダメージ,0,,0,HIGH_NO_NAME_NO_GENERIC,https://gameconductor.com/dqrivals/c/d/564,PENDING,未処理。次バッチで確認。,PENDING,,PENDING,,PENDING,,PENDING,,PENDING,
card_35b807bd,まほうのそろばん,2,武器,商人,,True,味方ユニットが敵リーダーを攻撃した後そのユニットをコストが1高いランダムなユニットに変身させる。 武器の耐久力を-1する。,攻撃した後|変身|コスト|ランダム,0,,3,HIGH_COMPLEX_NO_EXPLICIT_NAME,https://gameconductor.com/dqrivals/c/d/565,PENDING,未処理。次バッチで確認。,PENDING,,PENDING,,PENDING,,PENDING,,PENDING,
card_f39cd500,メタルのそろばん,1,武器,商人,,True,メタルボディ、相手のターン中この武器のメタルボディは効果を失う,,0,,0,HIGH_NO_NAME_NO_GENERIC,https://gameconductor.com/dqrivals/c/d/623,PENDING,未処理。次バッチで確認。,PENDING,,PENDING,,PENDING,,PENDING,,PENDING,
card_42a688f2,メタルの巻物,1,特技,商人,,True,メタルボディもしくはハードメタルボディを持つランダムなカードを手札に1枚加える。,ランダム,0,,1,HIGH_COMPLEX_NO_EXPLICIT_NAME,https://gameconductor.com/dqrivals/c/d/663,PENDING,未処理。次バッチで確認。,PENDING,,PENDING,,PENDING,,PENDING,,PENDING,
card_31f97e5b,祈りの巻物,2,特技,商人,,True,縦一列にいる全ての味方ユニットを+1/+1,,0,,1,HIGH_NO_NAME_NO_GENERIC,https://gameconductor.com/dqrivals/c/d/767,PENDING,未処理。次バッチで確認。,PENDING,,PENDING,,PENDING,,PENDING,,PENDING,
card_26431972,超しあわせの杖,2,特技,商人,,True,必殺技、全ての味方ユニットをコストが2高いランダムなユニットに変身させる,変身|コスト|ランダム,0,,4,HIGH_COMPLEX_NO_EXPLICIT_NAME,https://gameconductor.com/dqrivals/c/d/780,PENDING,未処理。次バッチで確認。,PENDING,,PENDING,,PENDING,,PENDING,,PENDING,
card_6c6d847b,大砲の壺,2,特技,商人,,True,敵ユニット1体に2ダメージを与える。道具カード1枚を手札に加える。,手札に加える|ダメージ,0,,0,HIGH_NO_NAME_NO_GENERIC,https://gameconductor.com/dqrivals/c/d/803,PENDING,未処理。次バッチで確認。,PENDING,,PENDING,,PENDING,,PENDING,,PENDING,
card_1822d75c,てっきゅうまじん,6,ユニット,商人,なし,True,自分の場と手札にいる冒険者の数だけコストが下がる,コスト,0,,1,HIGH_NO_NAME_NO_GENERIC,https://gameconductor.com/dqrivals/c/d/805,PENDING,未処理。次バッチで確認。,PENDING,,PENDING,,PENDING,,PENDING,,PENDING,
card_42fc1c83,豪商のそろばん,5,武器,商人,,True,自分の場と手札にいる冒険者の数だけコストが下がる,コスト,0,,1,HIGH_NO_NAME_NO_GENERIC,https://gameconductor.com/dqrivals/c/d/847,PENDING,未処理。次バッチで確認。,PENDING,,PENDING,,PENDING,,PENDING,,PENDING,
card_3c798f4d,いやしのうでわ,1,特技,商人,,True,味方ユニット1体に「攻撃時：味方リーダーのHPを4回復」を付与する,攻撃時|回復,0,,1,HIGH_NO_NAME_NO_GENERIC,https://gameconductor.com/dqrivals/c/d/879,PENDING,未処理。次バッチで確認。,PENDING,,PENDING,,PENDING,,PENDING,,PENDING,
card_911f1f11,おたからさがしのすず,2,特技,商人,,True,道具カードを3枚手札に加える,手札に加える,0,,0,HIGH_NO_NAME_NO_GENERIC,https://gameconductor.com/dqrivals/c/d/880,PENDING,未処理。次バッチで確認。,PENDING,,PENDING,,PENDING,,PENDING,,PENDING,
card_4f51ef82,さつじんえい,1,ユニット,商人,なし,True,死亡時：道具カード1枚を手札に加える,死亡時|手札に加える,0,,1,HIGH_NO_NAME_NO_GENERIC,https://gameconductor.com/dqrivals/c/d/998,PENDING,未処理。次バッチで確認。,PENDING,,PENDING,,PENDING,,PENDING,,PENDING,
card_0de2e801,スタミナのたね,2,特技,商人,,True,味方ユニット1体を+2/+2した後HPを2回復する,回復,0,,0,HIGH_NO_NAME_NO_GENERIC,https://gameconductor.com/dqrivals/c/d/1009,PENDING,未処理。次バッチで確認。,PENDING,,PENDING,,PENDING,,PENDING,,PENDING,
card_0a952d0b,ルドマン,3,ユニット,商人,冒険者,True,召喚時：GET(1)。BET：道具カードを1枚手札に加える。味方のBETが4回発動する度に、手札/山札からコスト3以下のユニット1体を場に出す。,召喚時|BET|GET|手札に加える|場に出す|コスト,13,bet_engine+get_engine,6,MEDIUM_COMPLEX_IMPLEMENTED_RECHECK,https://gameconductor.com/dqrivals/c/d/1137,PENDING,未処理。次バッチで確認。,PENDING,,PENDING,,PENDING,,PENDING,,PENDING,
card_5156900b,かなしばりの巻物,1,特技,商人,,True,敵ユニット1体を封印し次のターン終了時まで攻撃不能にする,封印,0,,1,HIGH_COMPLEX_NO_EXPLICIT_NAME,https://gameconductor.com/dqrivals/c/d/1199,PENDING,未処理。次バッチで確認。,PENDING,,PENDING,,PENDING,,PENDING,,PENDING,
card_30ebb9e9,ドラゴメタル,3,ユニット,商人,スライム,True,メタルボディ,,0,,0,HIGH_NO_NAME_NO_GENERIC,https://gameconductor.com/dqrivals/c/d/1201,PENDING,未処理。次バッチで確認。,PENDING,,PENDING,,PENDING,,PENDING,,PENDING,
card_5a752ec8,亡国の先王ロウ,3,ユニット,商人,冒険者,True,れんけい：使用コスト1以上の特技カード2枚を手札に加える。自分がコスト1以上の特技を使用した後、同じコストのランダムなユニットを1体場に出す。,れんけい|手札に加える|場に出す|コスト|ランダム,7,renkei_engine,5,MEDIUM_COMPLEX_IMPLEMENTED_RECHECK,https://gameconductor.com/dqrivals/c/d/1285,PENDING,未処理。次バッチで確認。,PENDING,,PENDING,,PENDING,,PENDING,,PENDING,
card_4da5d548,しあわせのそろばん,3,武器,商人,,True,味方ユニットが場に出た後そのユニットを+1/+1、武器の耐久力-1する,,0,,0,HIGH_NO_NAME_NO_GENERIC,https://gameconductor.com/dqrivals/c/d/1286,PENDING,未処理。次バッチで確認。,PENDING,,PENDING,,PENDING,,PENDING,,PENDING,
card_00b5533a,きせきのきのみ,7,特技,商人,,True,ユニット1体の攻撃力とHPを2倍にする,,0,,0,HIGH_NO_NAME_NO_GENERIC,https://gameconductor.com/dqrivals/c/d/1290,PENDING,未処理。次バッチで確認。,PENDING,,PENDING,,PENDING,,PENDING,,PENDING,
card_fff5c7df,炎のメイジドラキー,1,ユニット,商人,なし,True,死亡時：正面にいるランダムな敵ユニット1体にこのユニットの攻撃力と同じ数分のダメージ,死亡時|ダメージ|ランダム,0,,2,HIGH_COMPLEX_NO_EXPLICIT_NAME,https://gameconductor.com/dqrivals/c/d/1377,PENDING,未処理。次バッチで確認。,PENDING,,PENDING,,PENDING,,PENDING,,PENDING,
card_90378248,さくせんがえ,2,特技,商人,,True,縦一列にいる全ての味方ユニットにさくせんを出す,,0,,1,HIGH_NO_NAME_NO_GENERIC,https://gameconductor.com/dqrivals/c/d/1378,PENDING,未処理。次バッチで確認。,PENDING,,PENDING,,PENDING,,PENDING,,PENDING,
card_653054d1,魔神機キラーマジンガ,8,ユニット,商人,なし,True,2回攻撃、自分のターン終了時ランダムな敵に2ダメージを2回与える。召喚時：このカード以外に自分の手札が6枚以上ある場合魔神機キラーマジンガを1体出す,召喚時|自分のターン終了時|ダメージ|ランダム,0,,2,HIGH_COMPLEX_NO_EXPLICIT_NAME,https://gameconductor.com/dqrivals/c/d/1442,PENDING,未処理。次バッチで確認。,PENDING,,PENDING,,PENDING,,PENDING,,PENDING,
card_2f73a37d,不思議のダンジョン,1,建物,商人,,True,ダンジョン(耐久値9で踏破)、味方ユニットが場に出る度耐久値+1、踏破時：しあわせの箱1枚を手札に加える,場に出る|手札に加える,0,,0,HIGH_NO_NAME_NO_GENERIC,https://gameconductor.com/dqrivals/c/d/1521,PENDING,未処理。次バッチで確認。,PENDING,,PENDING,,PENDING,,PENDING,,PENDING,
card_5c3c6888,打ち出のそろばん,4,武器,商人,,True,この武器で攻撃した後ランダムな商人の特技カードを手札に1枚加える,攻撃した後|ランダム,0,,2,HIGH_COMPLEX_NO_EXPLICIT_NAME,https://gameconductor.com/dqrivals/c/d/1526,PENDING,未処理。次バッチで確認。,PENDING,,PENDING,,PENDING,,PENDING,,PENDING,
card_66c6772c,モンスターハウスだ!,8,特技,商人,,True,自分の場にはコスト4〜6の相手の場にはコスト2〜4のランダムな冒険者以外のユニットをそれぞれ6体ずつ出す,コスト|ランダム,0,,2,HIGH_COMPLEX_NO_EXPLICIT_NAME,https://gameconductor.com/dqrivals/c/d/1530,PENDING,未処理。次バッチで確認。,PENDING,,PENDING,,PENDING,,PENDING,,PENDING,
card_f4ffe012,悪夢の訪れ,2,特技,占い師,,True,次のターン相手プレイヤーの特技カードのコスト+7,コスト,0,,2,HIGH_NO_NAME_NO_GENERIC,https://gameconductor.com/dqrivals/c/d/326,PENDING,未処理。次バッチで確認。,PENDING,,PENDING,,PENDING,,PENDING,,PENDING,
card_c3ff9942,天変地異,8,特技,占い師,,True,必殺技、味方リーダーは超必中モードになる。 ランダムな敵ユニットに3ダメージを計4回与える。,ダメージ|ランダム,0,,1,HIGH_COMPLEX_NO_EXPLICIT_NAME,https://gameconductor.com/dqrivals/c/d/342,PENDING,未処理。次バッチで確認。,PENDING,,PENDING,,PENDING,,PENDING,,PENDING,
card_cca328c6,つむじかぜ,2,特技,占い師,,True,合計3ダメージをランダムな敵に割り振る。スキルブースト:+1ダメージ,ダメージ|ランダム,0,,1,HIGH_COMPLEX_NO_EXPLICIT_NAME,https://gameconductor.com/dqrivals/c/d/470,PENDING,未処理。次バッチで確認。,PENDING,,PENDING,,PENDING,,PENDING,,PENDING,
card_d27a7e95,タロットシャッフル,1,特技,占い師,,True,敵ユニット1体に4ダメージを与える。 自分の手札1枚をデッキの一番上に置く。,ダメージ,0,,1,HIGH_NO_NAME_NO_GENERIC,https://gameconductor.com/dqrivals/c/d/482,PENDING,未処理。次バッチで確認。,PENDING,,PENDING,,PENDING,,PENDING,,PENDING,
card_399c85ab,運命の分岐点,1,特技,占い師,,True,指定のマスの地形を天啓の神域に変える。,,0,,0,HIGH_NO_NAME_NO_GENERIC,https://gameconductor.com/dqrivals/c/d/503,PENDING,未処理。次バッチで確認。,PENDING,,PENDING,,PENDING,,PENDING,,PENDING,
card_63fe06e3,メイジドラキー,1,ユニット,占い師,なし,True,死亡時:死亡したマスの地形を天啓の神域に変える。 この効果で地形の上書きはできない。,死亡時,0,,1,HIGH_NO_NAME_NO_GENERIC,https://gameconductor.com/dqrivals/c/d/528,PENDING,未処理。次バッチで確認。,PENDING,,PENDING,,PENDING,,PENDING,,PENDING,
card_fe1e824d,戦車のタロット,2,特技,占い師,,True,占い:①全てのユニットに1ダメージ、②ランダムな敵1体に3ダメージ,占い|ダメージ|ランダム,0,fortune_engine,3,HIGH_COMPLEX_NO_EXPLICIT_NAME,https://gameconductor.com/dqrivals/c/d/568,PENDING,未処理。次バッチで確認。,PENDING,,PENDING,,PENDING,,PENDING,,PENDING,
card_5a4cb9b9,幸運の導き手,2,特技,占い師,,True,デッキの一番上のカードのコストが4以上なら味方リーダーのHPを7回復。4以下なら全ての味方を2回復した後そのカードを手札に加える。,手札に加える|回復|コスト,0,,3,HIGH_NO_NAME_NO_GENERIC,https://gameconductor.com/dqrivals/c/d/569,PENDING,未処理。次バッチで確認。,PENDING,,PENDING,,PENDING,,PENDING,,PENDING,
card_9fafe305,竜の胎動,1,特技,占い師,,True,ランダムなドラゴン系のユニットカードを手札に2枚加える,ランダム,0,,1,HIGH_COMPLEX_NO_EXPLICIT_NAME,https://gameconductor.com/dqrivals/c/d/588,PENDING,未処理。次バッチで確認。,PENDING,,PENDING,,PENDING,,PENDING,,PENDING,
card_ff73f13a,竜の逆鱗,1,特技,占い師,,True,ランダムな敵ユニット1体にドラゴン系の味方ユニットの中で最も高い攻撃力と同じダメージを与える,ダメージ|ランダム,0,,1,HIGH_COMPLEX_NO_EXPLICIT_NAME,https://gameconductor.com/dqrivals/c/d/592,PENDING,未処理。次バッチで確認。,PENDING,,PENDING,,PENDING,,PENDING,,PENDING,
card_23d5d5f7,力のタロット,2,特技,占い師,,True,占い：①全ての味方ユニットの攻撃力+1、②ランダムな味方ユニット1体を+3/+2,占い|ランダム,0,fortune_engine,3,HIGH_COMPLEX_NO_EXPLICIT_NAME,https://gameconductor.com/dqrivals/c/d/668,PENDING,未処理。次バッチで確認。,PENDING,,PENDING,,PENDING,,PENDING,,PENDING,
card_a208ad9d,運命の導き,2,特技,占い師,,True,おうえん、3枚の冒険者カードの中から1枚を選び手札に加える。味方リーダーが超必中モードの場合3枚全てを手札に加える。,手札に加える,0,,1,HIGH_NO_NAME_NO_GENERIC,https://gameconductor.com/dqrivals/c/d/827,PENDING,未処理。次バッチで確認。,PENDING,,PENDING,,PENDING,,PENDING,,PENDING,
card_a64a1c61,まほうおばば,0,ユニット,占い師,なし,True,召喚時：自分のデッキの1番上のカード残すとが奇数ならそのカードをデッキの一番下に移動させる。偶数なら味方リーダーのHPを1回復する。,召喚時|回復,0,,2,HIGH_NO_NAME_NO_GENERIC,https://gameconductor.com/dqrivals/c/d/1130,PENDING,未処理。次バッチで確認。,PENDING,,PENDING,,PENDING,,PENDING,,PENDING,
card_d57862d2,占い師の交換所,0,特技,占い師,,True,手札のコインを消費して以下の景品と交換する。1枚:銀のタロット、2枚:コスト3の太陽のタロット、3枚:いのりのゆびわ その後カードを1枚引く,カードを1枚引く|コスト,0,,1,HIGH_NO_NAME_NO_GENERIC,https://gameconductor.com/dqrivals/c/d/1160,PENDING,未処理。次バッチで確認。,PENDING,,PENDING,,PENDING,,PENDING,,PENDING,
card_4ab4223a,いのりのゆびわ,0,特技,占い師,,False,味方リーダーのMPを2回復。自分のターン終了時70%の確率でいのりのゆびわを1枚手札に加える,自分のターン終了時|手札に加える|回復,0,,0,HIGH_NO_NAME_NO_GENERIC,https://gameconductor.com/dqrivals/c/d/1161,PENDING,未処理。次バッチで確認。,PENDING,,PENDING,,PENDING,,PENDING,,PENDING,
card_c0de3c42,インプ,2,ユニット,占い師,なし,True,召喚時：GET(1)。BET：デッキの一番上が偶数コストなら敵リーダーに2ダメージ。このユニットへのBETは1ターン1回,召喚時|BET|GET|ダメージ|コスト,12,bet_engine+get_engine,5,MEDIUM_COMPLEX_IMPLEMENTED_RECHECK,https://gameconductor.com/dqrivals/c/d/1162,PENDING,未処理。次バッチで確認。,PENDING,,PENDING,,PENDING,,PENDING,,PENDING,
card_ff657203,にじくじゃく,6,ユニット,占い師,なし,True,自分が偶数のコストの手札を使う度ランダムな敵1体に2ダメージ,ダメージ|コスト|ランダム,0,,2,HIGH_COMPLEX_NO_EXPLICIT_NAME,https://gameconductor.com/dqrivals/c/d/1163,PENDING,未処理。次バッチで確認。,PENDING,,PENDING,,PENDING,,PENDING,,PENDING,
card_ca4d3bc7,ルバンカ,4,ユニット,占い師,なし,True,におうだち。召喚時：デッキの一番上が偶数コストならGET(2)。BET：HP+1,召喚時|BET|GET|コスト,6,bet_engine+get_engine+keyword,5,MEDIUM_COMPLEX_IMPLEMENTED_RECHECK,https://gameconductor.com/dqrivals/c/d/1164,PENDING,未処理。次バッチで確認。,PENDING,,PENDING,,PENDING,,PENDING,,PENDING,
card_95e4bddf,タロットフリング,7,特技,占い師,,True,全ての敵に1ダメージ。デッキの一番上のカードのコストが偶数なら代わりに4ダメージ,ダメージ|コスト,0,,3,HIGH_NO_NAME_NO_GENERIC,https://gameconductor.com/dqrivals/c/d/1204,PENDING,未処理。次バッチで確認。,PENDING,,PENDING,,PENDING,,PENDING,,PENDING,
card_d8cdcd29,賢者ルシェンダ,8,ユニット,占い師,冒険者,True,召喚時：GET(1)。BET：自分の山札の1番上のカードが偶数コストのユニットなら場に出す。場が埋まっている場合は不発。それ以外なら手札に加える。,召喚時|BET|GET|手札に加える|場に出す|コスト,6,bet_engine+get_engine,6,MEDIUM_COMPLEX_IMPLEMENTED_RECHECK,https://gameconductor.com/dqrivals/c/d/1205,PENDING,未処理。次バッチで確認。,PENDING,,PENDING,,PENDING,,PENDING,,PENDING,
card_51d3e2e1,イブール,5,ユニット,占い師,ドラゴン,True,相手プレイヤーの手札の特技カードのコスト+1、召喚時&攻撃時:相手のデッキの一番上にイブールの本が一枚置かれる,召喚時|攻撃時|コスト,23,,5,MEDIUM_COMPLEX_IMPLEMENTED_RECHECK,https://gameconductor.com/dqrivals/c/d/1392,PENDING,未処理。次バッチで確認。,PENDING,,PENDING,,PENDING,,PENDING,,PENDING,
card_d39b2341,ヘラクライザー,7,ユニット,占い師,なし,True,におうだち、自分がデッキからカードを手札に加える度ランダムな敵1体に2ダメージ、占い：(1)カードを1枚引く、(2)味方リーダーのテンション+2,占い|カードを1枚引く|手札に加える|ダメージ|ランダム,0,fortune_engine+keyword,3,HIGH_COMPLEX_NO_EXPLICIT_NAME,https://gameconductor.com/dqrivals/c/d/1394,PENDING,未処理。次バッチで確認。,PENDING,,PENDING,,PENDING,,PENDING,,PENDING,
card_b1863a12,ドラゴビショップ,5,ユニット,占い師,ドラゴン,True,召喚時:カードを2枚引く、このターン中に使った占いカードの枚数分デッキと手札にあるこのカードのコスト-1,召喚時|占い|コスト,3,fortune_engine,5,MEDIUM_COMPLEX_IMPLEMENTED_RECHECK,https://gameconductor.com/dqrivals/c/d/1537,PENDING,未処理。次バッチで確認。,PENDING,,PENDING,,PENDING,,PENDING,,PENDING,
card_13a68be3,闇の束縛,2,特技,魔剣士,,True,ユニット1体を-2/-2,,0,,0,HIGH_NO_NAME_NO_GENERIC,https://gameconductor.com/dqrivals/c/d/347,PENDING,未処理。次バッチで確認。,PENDING,,PENDING,,PENDING,,PENDING,,PENDING,
card_d64185fd,闇への供物,1,特技,魔剣士,,True,味方ユニットを一体を死亡させた後カードを1枚引く。 最大MPが1増える。,カードを1枚引く,0,,0,HIGH_NO_NAME_NO_GENERIC,https://gameconductor.com/dqrivals/c/d/349,PENDING,未処理。次バッチで確認。,PENDING,,PENDING,,PENDING,,PENDING,,PENDING,
card_b039c1c0,いてつくはどう,2,特技,魔剣士,,True,全ての敵ユニットを封印する,封印,0,,2,HIGH_COMPLEX_NO_EXPLICIT_NAME,https://gameconductor.com/dqrivals/c/d/350,PENDING,未処理。次バッチで確認。,PENDING,,PENDING,,PENDING,,PENDING,,PENDING,
card_3166e7bd,魔王の眼光,2,特技,魔剣士,,True,ユニット1体の攻撃力-4,,0,,0,HIGH_NO_NAME_NO_GENERIC,https://gameconductor.com/dqrivals/c/d/355,PENDING,未処理。次バッチで確認。,PENDING,,PENDING,,PENDING,,PENDING,,PENDING,
card_1c5a55aa,シュバルツシュルト,8,ユニット,魔剣士,なし,True,召喚時：他の味方ユニットの数と同じだけカードを引く,召喚時|カードを引く,0,,1,HIGH_NO_NAME_NO_GENERIC,https://gameconductor.com/dqrivals/c/d/366,PENDING,未処理。次バッチで確認。,PENDING,,PENDING,,PENDING,,PENDING,,PENDING,
card_7a83d10c,魔界の雷,7,特技,魔剣士,,True,敵ユニット1体に2ダメージ、敵ユニットを倒した場合ピサロナイトを3体出す,ダメージ,0,,0,HIGH_NO_NAME_NO_GENERIC,https://gameconductor.com/dqrivals/c/d/369,PENDING,未処理。次バッチで確認。,PENDING,,PENDING,,PENDING,,PENDING,,PENDING,
card_445d5e8a,デスゴーゴン,8,ユニット,魔剣士,なし,True,このユニットの攻撃で敵ユニットを倒す度HPを超えた分だけ敵リーダーにダメージ。,ダメージ,0,,0,HIGH_NO_NAME_NO_GENERIC,https://gameconductor.com/dqrivals/c/d/370,PENDING,未処理。次バッチで確認。,PENDING,,PENDING,,PENDING,,PENDING,,PENDING,
card_7253c8ad,ダークマター,9,特技,魔剣士,,True,全てのユニットを死亡させる。,,0,,1,HIGH_NO_NAME_NO_GENERIC,https://gameconductor.com/dqrivals/c/d/371,PENDING,未処理。次バッチで確認。,PENDING,,PENDING,,PENDING,,PENDING,,PENDING,
card_dd89ae31,進化の秘法,9,特技,魔剣士,,True,必殺技、デスピサロに進化する。味方リーダーのHPを8回復する。,回復,0,,0,HIGH_NO_NAME_NO_GENERIC,https://gameconductor.com/dqrivals/c/d/372,PENDING,未処理。次バッチで確認。,PENDING,,PENDING,,PENDING,,PENDING,,PENDING,
card_911b72aa,ゼルドラド,10,ユニット,魔剣士,魔王,True,召喚時：このユニットを除く全ての味方ユニットの攻撃力+2、全ての敵ユニットの攻撃力-2,召喚時,0,,2,HIGH_NO_NAME_NO_GENERIC,https://gameconductor.com/dqrivals/c/d/374,PENDING,未処理。次バッチで確認。,PENDING,,PENDING,,PENDING,,PENDING,,PENDING,
card_b6bbbd2e,増幅する闇,7,特技,魔剣士,,True,ユニット1体に+4/+4、スキルブースト:コスト-1,コスト,0,,1,HIGH_NO_NAME_NO_GENERIC,https://gameconductor.com/dqrivals/c/d/383,PENDING,未処理。次バッチで確認。,PENDING,,PENDING,,PENDING,,PENDING,,PENDING,
card_3e93256f,ぐんたいアリ,1,ユニット,魔剣士,なし,True,死亡時：アイアンアントをこのマスに出す,死亡時,0,,1,HIGH_NO_NAME_NO_GENERIC,https://gameconductor.com/dqrivals/c/d/471,PENDING,未処理。次バッチで確認。,PENDING,,PENDING,,PENDING,,PENDING,,PENDING,
card_f3adf8a2,邪悪な衝撃波,1,特技,魔剣士,,True,横一列にある後列マスの地形を全てバリア床に変える,,0,,1,HIGH_NO_NAME_NO_GENERIC,https://gameconductor.com/dqrivals/c/d/572,PENDING,未処理。次バッチで確認。,PENDING,,PENDING,,PENDING,,PENDING,,PENDING,
card_dcc49cca,ソウルイーター,2,特技,魔剣士,,True,味方ユニット1体を死亡させた後そのユニットの攻撃力と同じだけ味方リーダーのHPを回復する。 カードを1枚引く。,カードを1枚引く|回復,0,,0,HIGH_NO_NAME_NO_GENERIC,https://gameconductor.com/dqrivals/c/d/573,PENDING,未処理。次バッチで確認。,PENDING,,PENDING,,PENDING,,PENDING,,PENDING,
card_74f27ab5,デスストーカー,6,ユニット,魔剣士,なし,True,自分のターン中味方ユニットがダメージを受けた場合ランダムな敵1体に2ダメージ,ダメージ|ランダム,0,,1,HIGH_COMPLEX_NO_EXPLICIT_NAME,https://gameconductor.com/dqrivals/c/d/574,PENDING,未処理。次バッチで確認。,PENDING,,PENDING,,PENDING,,PENDING,,PENDING,
card_e7caf27e,死への誘い,2,特技,魔剣士,,True,攻撃力1以下のユニット1体を死亡させる。 スキルブースト:攻撃力+1,,0,,0,HIGH_NO_NAME_NO_GENERIC,https://gameconductor.com/dqrivals/c/d/591,PENDING,未処理。次バッチで確認。,PENDING,,PENDING,,PENDING,,PENDING,,PENDING,
card_42ffd45b,亡者の執念,2,特技,魔剣士,,True,全ての味方ユニットに「死亡時：1/2のアンデッドマンを1体出す」を付与する。,死亡時,0,,2,HIGH_NO_NAME_NO_GENERIC,https://gameconductor.com/dqrivals/c/d/628,PENDING,未処理。次バッチで確認。,PENDING,,PENDING,,PENDING,,PENDING,,PENDING,
card_7b65c53d,冥府の門,2,特技,魔剣士,,True,1/2のアンデッドマンを2体出す。,,0,,0,HIGH_NO_NAME_NO_GENERIC,https://gameconductor.com/dqrivals/c/d/671,PENDING,未処理。次バッチで確認。,PENDING,,PENDING,,PENDING,,PENDING,,PENDING,
card_27080916,終焉の波動,7,特技,魔剣士,,True,全てのユニットを-2/-2。スキルブースト：-1/-1,,0,,1,HIGH_NO_NAME_NO_GENERIC,https://gameconductor.com/dqrivals/c/d/760,PENDING,未処理。次バッチで確認。,PENDING,,PENDING,,PENDING,,PENDING,,PENDING,
card_3a0e0c79,スパイクヘッド,1,ユニット,魔剣士,なし,True,召喚時：相手はカードを1枚引く,召喚時|カードを1枚引く,0,,1,HIGH_NO_NAME_NO_GENERIC,https://gameconductor.com/dqrivals/c/d/809,PENDING,未処理。次バッチで確認。,PENDING,,PENDING,,PENDING,,PENDING,,PENDING,
card_41478cc2,魔力の継承,2,特技,魔剣士,,True,横一列にいる敵味方全てのユニットに「死亡時：カードを1枚引く」を付与する。,死亡時|カードを1枚引く,0,,2,HIGH_NO_NAME_NO_GENERIC,https://gameconductor.com/dqrivals/c/d/810,PENDING,未処理。次バッチで確認。,PENDING,,PENDING,,PENDING,,PENDING,,PENDING,
card_7ac7202e,闇の咆哮,2,特技,魔剣士,,True,ランダムな敵ユニット1体を-3/-3。全ての味方ユニットを絶好調状態に戻す。,ランダム,0,,2,HIGH_COMPLEX_NO_EXPLICIT_NAME,https://gameconductor.com/dqrivals/c/d/886,PENDING,未処理。次バッチで確認。,PENDING,,PENDING,,PENDING,,PENDING,,PENDING,
card_a72d97d7,プチターク,1,ユニット,魔剣士,魔王,True,召喚時：自分のデッキから攻撃力8のユニットカードを１枚引く。 死亡時：敵味方全てのリーダーとユニットに1ダメージ,召喚時|死亡時|ダメージ,0,,4,HIGH_NO_NAME_NO_GENERIC,https://gameconductor.com/dqrivals/c/d/900,PENDING,未処理。次バッチで確認。,PENDING,,PENDING,,PENDING,,PENDING,,PENDING,
card_213bb6bb,地獄への生贄,2,特技,魔剣士,,True,味方ユニット1体を死亡させる。カードを3枚引く,,0,,0,HIGH_NO_NAME_NO_GENERIC,https://gameconductor.com/dqrivals/c/d/972,PENDING,未処理。次バッチで確認。,PENDING,,PENDING,,PENDING,,PENDING,,PENDING,
card_ccef8f4b,どくあおむし,1,ユニット,魔剣士,なし,True,召喚時：敵ユニット1体を毒にする,召喚時|毒,0,,1,HIGH_NO_NAME_NO_GENERIC,https://gameconductor.com/dqrivals/c/d/1004,PENDING,未処理。次バッチで確認。,PENDING,,PENDING,,PENDING,,PENDING,,PENDING,
card_198ddb61,激昂の犠牲,2,特技,魔剣士,,True,味方ユニット1体を死亡させた後味方リーダーのテンション+3,,0,,0,HIGH_NO_NAME_NO_GENERIC,https://gameconductor.com/dqrivals/c/d/1005,PENDING,未処理。次バッチで確認。,PENDING,,PENDING,,PENDING,,PENDING,,PENDING,
card_3c04a559,エビルプリースト,10,ユニット,魔剣士,魔王,True,召喚時：味方リーダーは究極生物に進化し自分のデッキが魔王デッキになる。自分のテンション-3,召喚時,0,,2,HIGH_NO_NAME_NO_GENERIC,https://gameconductor.com/dqrivals/c/d/1018,PENDING,未処理。次バッチで確認。,PENDING,,PENDING,,PENDING,,PENDING,,PENDING,
card_bfc05c08,魔界からの侵攻,6,ユニット,魔剣士,なし,True,ピサロナイトを6体出す,,0,,0,HIGH_NO_NAME_NO_GENERIC,https://gameconductor.com/dqrivals/c/d/1061,PENDING,未処理。次バッチで確認。,PENDING,,PENDING,,PENDING,,PENDING,,PENDING,
card_3afdd5e1,帝王の一閃,7,ユニット,魔剣士,なし,True,全ての敵に4ダメージ,ダメージ,0,,1,HIGH_NO_NAME_NO_GENERIC,https://gameconductor.com/dqrivals/c/d/1062,PENDING,未処理。次バッチで確認。,PENDING,,PENDING,,PENDING,,PENDING,,PENDING,
card_1cb44e5d,魔王への生贄,7,特技,魔剣士,,True,ユニット1体を消滅させる。自分の手札に魔王系カードがあるならコスト-3,消滅|コスト,0,,2,HIGH_COMPLEX_NO_EXPLICIT_NAME,https://gameconductor.com/dqrivals/c/d/1064,PENDING,未処理。次バッチで確認。,PENDING,,PENDING,,PENDING,,PENDING,,PENDING,
card_e753e7e3,ジゴデイン,0,特技,魔剣士,,False,横一列にいる全ての敵ユニットと敵リーダーに5ダメージ,ダメージ,0,,1,HIGH_NO_NAME_NO_GENERIC,https://gameconductor.com/dqrivals/c/d/1095,PENDING,未処理。次バッチで確認。,PENDING,,PENDING,,PENDING,,PENDING,,PENDING,
card_2d8dfd54,絶望の再来,2,特技,魔剣士,,True,この対戦中に死亡した魔王系の味方ユニットをランダムに2枚まで手札に加える,手札に加える|ランダム,0,,2,HIGH_COMPLEX_NO_EXPLICIT_NAME,https://gameconductor.com/dqrivals/c/d/1096,PENDING,未処理。次バッチで確認。,PENDING,,PENDING,,PENDING,,PENDING,,PENDING,
card_4bc06754,魔剣士の交換所,0,特技,魔剣士,,True,手札のコインを消費して以下の景品と交換する。1枚:冥府の刃、2枚:せかいじゅのは、3枚：メタルキングの剣 その後 カードを1枚引く,カードを1枚引く,0,,0,HIGH_NO_NAME_NO_GENERIC,https://gameconductor.com/dqrivals/c/d/1165,PENDING,未処理。次バッチで確認。,PENDING,,PENDING,,PENDING,,PENDING,,PENDING,
card_0a7fca19,メタルキングの剣,2,武器,魔剣士,,True,自分のターン中味方リーダーはハードメタルボディを得る,,0,,0,HIGH_NO_NAME_NO_GENERIC,https://gameconductor.com/dqrivals/c/d/1166,PENDING,未処理。次バッチで確認。,PENDING,,PENDING,,PENDING,,PENDING,,PENDING,
card_cb056082,雫の洗礼,1,特技,魔剣士,,True,ユニット1体を封印して1ダメージを与える,封印|ダメージ,0,,1,HIGH_COMPLEX_NO_EXPLICIT_NAME,https://gameconductor.com/dqrivals/c/d/1206,PENDING,未処理。次バッチで確認。,PENDING,,PENDING,,PENDING,,PENDING,,PENDING,
card_78e2da92,どくどくビンゴ,2,特技,魔剣士,,True,GET(1)、その後 手札にあるコインの枚数分ランダムな敵ユニットを毒にする,GET|毒|ランダム,0,get_engine,2,HIGH_COMPLEX_NO_EXPLICIT_NAME,https://gameconductor.com/dqrivals/c/d/1207,PENDING,未処理。次バッチで確認。,PENDING,,PENDING,,PENDING,,PENDING,,PENDING,
card_84e08b43,黄金兵長,7,ユニット,魔剣士,なし,True,召喚時：GET(1)。攻撃時：敵リーダーに味方の場のピサロナイトの数と同じダメージ。BET：ピサロナイトを1体場に出す。,召喚時|攻撃時|BET|GET|場に出す|ダメージ,7,bet_engine+get_engine,5,MEDIUM_COMPLEX_IMPLEMENTED_RECHECK,https://gameconductor.com/dqrivals/c/d/1208,PENDING,未処理。次バッチで確認。,PENDING,,PENDING,,PENDING,,PENDING,,PENDING,
card_c93ec402,悪夢招来,9,特技,魔剣士,,True,7コスト以上のランダムなユニットを2体出す,コスト|ランダム,0,,2,HIGH_COMPLEX_NO_EXPLICIT_NAME,https://gameconductor.com/dqrivals/c/d/1307,PENDING,未処理。次バッチで確認。,PENDING,,PENDING,,PENDING,,PENDING,,PENDING,
card_b980440e,邪竜軍王ガリンガ,12,ユニット,魔剣士,ドラゴン,True,このユニットの攻撃で敵ユニットが死亡する度HPを超えた分だけ敵リーダーにダメージ。対戦中に死亡した味方ユニットの数分コスト-1,ダメージ|コスト,0,,1,HIGH_NO_NAME_NO_GENERIC,https://gameconductor.com/dqrivals/c/d/1308,PENDING,未処理。次バッチで確認。,PENDING,,PENDING,,PENDING,,PENDING,,PENDING,
card_91c13223,プチさまようよろい,1,ユニット,魔剣士,なし,True,死亡時：ピサロナイト1枚を手札に加える,死亡時|手札に加える,0,,1,HIGH_NO_NAME_NO_GENERIC,https://gameconductor.com/dqrivals/c/d/1395,PENDING,未処理。次バッチで確認。,PENDING,,PENDING,,PENDING,,PENDING,,PENDING,
card_838b4cd5,魔元帥ゼルドラド,10,ユニット,魔剣士,魔王,True,召喚時：全ての敵を毒にする。全ての敵ユニットの攻撃力-1。このユニットが場にいる間敵が受ける毒のダメージ+1,召喚時|敵が|場にいる間|このユニットが|毒|ダメージ,0,,2,HIGH_NO_NAME_NO_GENERIC,https://gameconductor.com/dqrivals/c/d/1440,PENDING,未処理。次バッチで確認。,PENDING,,PENDING,,PENDING,,PENDING,,PENDING,
card_dfb14f49,アンデッドガーデン,1,建物,魔剣士,,True,ダンジョン(耐久値13で踏破)、味方ユニットが死亡する度 耐久値+1 自分の最大MPが8以上なら代わりに耐久値+2、踏破時:自分の最大MPが15になる カードを2枚引く,,0,,0,HIGH_NO_NAME_NO_GENERIC,https://gameconductor.com/dqrivals/c/d/1541,PENDING,未処理。次バッチで確認。,PENDING,,PENDING,,PENDING,,PENDING,,PENDING,
card_8d8b59c8,トーマ王子,8,ユニット,魔剣士,なし,True,召喚時:以下の4つから1つを選び発動する・虚無の剣・無我の心・鉄壁の盾・追憶の呪縛,召喚時,0,,1,HIGH_NO_NAME_NO_GENERIC,https://gameconductor.com/dqrivals/c/d/1550,PENDING,未処理。次バッチで確認。,PENDING,,PENDING,,PENDING,,PENDING,,PENDING,
card_0ea13f29,カイロスハント,0,特技,盗賊,,True,敵ユニット1体に1ダメージ。対象のユニットがダメージを受けている場合代わりに2ダメージ,ダメージ,0,,0,HIGH_NO_NAME_NO_GENERIC,https://gameconductor.com/dqrivals/c/d/1309,PENDING,未処理。次バッチで確認。,PENDING,,PENDING,,PENDING,,PENDING,,PENDING,
card_402a1aa5,無影のゴースト,1,ユニット,盗賊,なし,True,このユニットは効果の対象にならない,,0,,0,HIGH_NO_NAME_NO_GENERIC,https://gameconductor.com/dqrivals/c/d/1310,PENDING,未処理。次バッチで確認。,PENDING,,PENDING,,PENDING,,PENDING,,PENDING,
card_d444566d,しきりなおし,2,特技,盗賊,,True,味方ユニット1体を手札に戻す。そのカードのコスト-2,コスト,0,,1,HIGH_NO_NAME_NO_GENERIC,https://gameconductor.com/dqrivals/c/d/1314,PENDING,未処理。次バッチで確認。,PENDING,,PENDING,,PENDING,,PENDING,,PENDING,
card_8b2f511e,心眼一閃,8,特技,盗賊,,True,敵ユニット1体に4ダメージ。この対戦中に自分のデッキに入っていなかったカードを自分の手札に加えた枚数分デッキと手札にあるこのカードのコスト-1,ダメージ|コスト,0,,3,HIGH_COMPLEX_NO_EXPLICIT_NAME,https://gameconductor.com/dqrivals/c/d/1325,PENDING,未処理。次バッチで確認。,PENDING,,PENDING,,PENDING,,PENDING,,PENDING,
card_0149788b,ヘルクラッシャー,11,ユニット,盗賊,なし,True,2回攻撃、この対戦中に自分のデッキに入っていなかったカードを自分の手札に加えた枚数分コスト-1,コスト,0,,3,HIGH_COMPLEX_NO_EXPLICIT_NAME,https://gameconductor.com/dqrivals/c/d/1326,PENDING,未処理。次バッチで確認。,PENDING,,PENDING,,PENDING,,PENDING,,PENDING,
card_f38cbbc1,王家のナイフ,5,武器,盗賊,,True,味方リーダーがこの武器の攻撃で攻撃力3以下の敵ユニットを死亡させる度そのユニットと同じカードを1枚手札に加える。そのカードのコストを-1,手札に加える|コスト,0,,1,HIGH_NO_NAME_NO_GENERIC,https://gameconductor.com/dqrivals/c/d/1419,PENDING,未処理。次バッチで確認。,PENDING,,PENDING,,PENDING,,PENDING,,PENDING,
card_e7aa3b04,あくまのツボ,1,ユニット,盗賊,なし,True,召喚時：指定の敵マスにツボを１つ出す,召喚時,0,,1,HIGH_NO_NAME_NO_GENERIC,https://gameconductor.com/dqrivals/c/d/1425,PENDING,未処理。次バッチで確認。,PENDING,,PENDING,,PENDING,,PENDING,,PENDING,
card_f97ed7dd,二刀の心得・壱,2,特技,盗賊,,True,敵1体に2ダメージ。二刀の心得・弐1枚を手札に加える,手札に加える|ダメージ,0,,0,HIGH_NO_NAME_NO_GENERIC,https://gameconductor.com/dqrivals/c/d/1429,PENDING,未処理。次バッチで確認。,PENDING,,PENDING,,PENDING,,PENDING,,PENDING,
card_87426e8e,ブラッドナイフ,3,武器,盗賊,,True,反撃ダメージ-1、この武器の攻撃で敵ユニットを攻撃した後この武器の攻撃力+1,攻撃した後|ダメージ,0,,0,HIGH_NO_NAME_NO_GENERIC,https://gameconductor.com/dqrivals/c/d/1554,PENDING,未処理。次バッチで確認。,PENDING,,PENDING,,PENDING,,PENDING,,PENDING,
card_97d4fedd,さんぞくのカシラ,8,ユニット,盗賊,なし,True,召喚時:このユニットは消滅しさんぞく兵、さんぞくマージ、さんぞく、エテポンゲを出しそれらにさくせんを出す,召喚時|消滅,0,,2,HIGH_COMPLEX_NO_EXPLICIT_NAME,https://gameconductor.com/dqrivals/c/d/1558,PENDING,未処理。次バッチで確認。,PENDING,,PENDING,,PENDING,,PENDING,,PENDING,
card_08036d2c,おたからさがし,7,特技,盗賊,,True,ランダムなレジェンドレアカード3枚を手札に加える。そのカードのコスト-2,手札に加える|コスト|ランダム,0,,2,HIGH_COMPLEX_NO_EXPLICIT_NAME,https://gameconductor.com/dqrivals/c/d/1560,PENDING,未処理。次バッチで確認。,PENDING,,PENDING,,PENDING,,PENDING,,PENDING,
card_c8b09830,妖精サンディ,1,ユニット,盗賊,冒険者,True,ステルス、手札から捨てた時:妖精サンディを場に出す。死亡時：ランダムな味方のダンジョン１つを耐久値+1し「踏破時:妖精サンディ1枚を手札に加える」を付与する,死亡時|手札から捨てた時|手札に加える|場に出す|ランダム,0,keyword,4,HIGH_COMPLEX_NO_EXPLICIT_NAME,https://gameconductor.com/dqrivals/c/d/1575,PENDING,未処理。次バッチで確認。,PENDING,,PENDING,,PENDING,,PENDING,,PENDING,
custom_4a95b07c8d,スライム系のたまご,0,特技,共通,,False,使用不可。2ターン後、スライム系のランダムなユニットカードに変身し+1/+1を得る。,変身|ランダム,0,,2,HIGH_COMPLEX_NO_EXPLICIT_NAME,,PENDING,未処理。次バッチで確認。,PENDING,,PENDING,,PENDING,,PENDING,,PENDING,
custom_8125acac2c,ゾンビ系のたまご,0,特技,共通,,False,使用不可。2ターン後、ゾンビ系のランダムなユニットカードに変身し+1/+1を得る。,変身|ランダム,0,,2,HIGH_COMPLEX_NO_EXPLICIT_NAME,,PENDING,未処理。次バッチで確認。,PENDING,,PENDING,,PENDING,,PENDING,,PENDING,
custom_79eef9a433,ドラゴン系のたまご,0,特技,共通,,False,使用不可。2ターン後、ドラゴン系のランダムなユニットカードに変身し+1/+1を得る。,変身|ランダム,0,,2,HIGH_COMPLEX_NO_EXPLICIT_NAME,,PENDING,未処理。次バッチで確認。,PENDING,,PENDING,,PENDING,,PENDING,,PENDING,
custom_474cae76de,魔王系のたまご,0,特技,共通,,False,使用不可。2ターン後、魔王系のランダムなユニットカードに変身し+1/+1を得る。,変身|ランダム,0,,2,HIGH_COMPLEX_NO_EXPLICIT_NAME,,PENDING,未処理。次バッチで確認。,PENDING,,PENDING,,PENDING,,PENDING,,PENDING,
custom_8dfffcaa00,英雄系のたまご,0,特技,共通,,False,使用不可。2ターン後、英雄系のランダムなユニットカードに変身し+1/+1を得る。,変身|ランダム,0,,2,HIGH_COMPLEX_NO_EXPLICIT_NAME,,PENDING,未処理。次バッチで確認。,PENDING,,PENDING,,PENDING,,PENDING,,PENDING,
custom_5ad73558d3,ドラゴンプッシュ,2,特技,魔法使い,,False,旧仮登録名。正式名称はドラゴンブッシュ。,,0,,0,HIGH_NO_NAME_NO_GENERIC,,PENDING,未処理。次バッチで確認。,PENDING,,PENDING,,PENDING,,PENDING,,PENDING,
virtual_il_luca_冒険者_egg_v210,冒険者系のたまご,0,特技,共通,,False,使用不可。2ターン後、冒険者系のランダムなユニットカードに変身し+1/+1を得る。,変身|ランダム,0,,2,HIGH_COMPLEX_NO_EXPLICIT_NAME,,PENDING,未処理。次バッチで確認。,PENDING,,PENDING,,PENDING,,PENDING,,PENDING,
